id,tweet_id,content,concerns
0,1365819211206057993t,No thanks. Wonder if it will be as good as their cancer causing baby powder? I think I'll wait until a safer vaccine is given approval that uses proven safer techniques likes the covaxin vaccine that is on the way. Thanks but no thanks,none
1,1336397084891652097t,"@DrEricDing This vaccine is a farce, it’s storage requirements are extreme to ensure efficacy without the appropriate infrastructure to distribute and administer it it’s a huge waste of our taxes. At best we can expect less than 50% efficacy from Pfizer’s vaccine-",ineffective 
2,1333458562815844352t,"@StefMylesTennis @disclosetv @CookieFreshPimp @SenMastriano Look at the Pfizer vaccine trial: 44,000 half with, half without vaccine. In the supposed raging pandemic, one would assume that those without the vaccine would get Covid at near epidemic levels: 1700. In reality, the Pfizer total sample [44k] only had 94 positives. Way off.",ineffective 
3,1327908582403280896t,"@DL7010 You obviously do not see it as a problem, fine. Agree to disagree. Do you think you could help research the placebo used in the Pfizer mRNA vaccine, please? That would really help. TIA.",none
4,1374806491065155596t,@Potso_Sego Maybe good news. Just read an article by https://t.co/YnO9CZ31jJ that says top virologist & vaccine maker asks WHO to stop all vacs immediately! Its going to harm our immune system very badly etc,rushed side-effect 
5,1245741803904647169t,"@BudgetBen As long as they're experimenting with and mutating viruses in the name of creating vaccines, there's the potential for one to somehow be released. COVID-19 was likely being worked on at the Wuhan BSL-4 facility, which was specifically set up to research coronaviruses and SARS.",none
6,1375178555496222726t,@Trumpet1984 @TheSWPrincess Not to mention the vaccines aren’t 100% effective and seeing an actual physician who was vaccinated and still got Covid should be enough to continue wearing a mask! Insanity!,ineffective 
7,1364024078127005697t,"@foogatwo Any interesting input on VAERS data yet? The read about fatal outcomes on frail patients is disturbing. Deaths of Elderly Who Recovered From COVID-19, but Died After Vaccine, Raise Questions https://t.co/QDJM9fncpP",side-effect 
8,1328093462437105667t,"@nunyabiz55 Certainly I want a full and proper stage 3 trial, our history with attempts at corona vaccines is not good, our only two attempts killed people in the 60s&70s.",side-effect 
9,1399789795832852481t,"@Neil_B_Night @RaulWolfBruning @sputnikvaccine god know best,, maybe sputnik v hiding info because its also adenovirus vector based vaccine,, jj astrazenca and sputnik v",ingredients 
10,1337522336178851840t,@GovPritzker @US_FDA @pfizer We didn’t vote for the Pharmacidal cartel. No DNA-altering toxic Frankenshots. Violation of Nuremberg Code. No COV-IDs and health ‘passports.’ We do not consent.,side-effect 
11,1360339472299171842t,"@CTVNews What's the current ""dead FROM vaccine"" count?   And remember - you have to count it the same way covid ""deaths"" are counted!",side-effect 
12,1339858771456057345t,@dannyyoung35 @FrankGaudino The health professionals who developed this vaccine work for a company called Pfizer and literally no one knows long term effects of it. If they did you wouldn’t have multiple allergic reactions in US and UK.,side-effect 
13,1369868178927534081t,@geoallen66 @drdavidsamadi I’ll stay in the control group for Covid. We know nothing about the long term effects of Covid or the vaccine-take your pick.,rushed 
14,1433295934952284160t,Data links Moderna vaccine to doubled risk of heart inflammation; feds investigating - WISH-TV | Indianapolis News | Indiana Weather | Indiana Traffic https://t.co/iGQm6yCOTf via @wish_tv,side-effect 
15,1326065238307983361t,"@CNBC All covid vaccines being developed are not intended to prevent infection, transmission, hospitalization, or death. So WTF are we even talking about right now?",side-effect ineffective 
16,1354732605258821634t,"@blinder_the @darrengrimes_ Apart from the fact that those that have already had covid are immune, so won't need the vaccine. The 'vaccine' isn't the only way to immunity, in fact it doesn't even give immunity, it just lessens the symptoms.",unnecessary ineffective 
17,1299206090610016261t,@princesseffel Not a problem with me but I’m pro vax however the vaccine is going to have to be more rigorously tested before I’ll have it,rushed 
18,1376305768916484102t,FYI....there are plenty of people walking around without vaccines for all sorts of contagious diseases/viruses. Why is Covid so different? We must ask why a mandatory vaccine card is even a consideration if the ones who are vaccinated feel that it protects them.,mandatory 
19,1365582394967916547t,"""Will reduce your chance of becoming seriously ill"". HMMM FROM THE REPORT ABOVE ON THE OXFORD VACCINE, SOUNDS MORE LIKE IT WILL MAKE YOU SERIOUSLY ILL!! 🤔 https://t.co/z4X0F2ny9M",side-effect 
20,1298730973748760587t,"@I_like_spaghett @5Agenda21 They are making up health certificates have the unnecessary vaccine- get the diploma, then you will get some freedoms back What a racket, total piss take",unnecessary mandatory 
21,1377324251003420673t,"@Howlitzer Correct :3 So you know that vaccines are not 100% effective. In the unlikely chances a vaccinated individual gets sick, they will not have a severe case, it’ll be mild. You want VL to be low and it’s usually higher in severe cases. Vaccinated individuals would therefore have a",ineffective 
22,1279070685516705793t,"Bombshell as Fauci admits future COVID vaccines won’t work, blames “anti-vaxxers” for failures of Big Pharma - DC Clothesline https://t.co/EiuGPIoibp",pharma 
23,1239970841317658632t,@HighWireTalk The dumb biocidal #Biotech genius's version of #SavingthePlanet. Edit everyone's genes without their full comprehension of the implications. What were the undisclosed viral targets? #mRNA #Genocide #COVID19 #COVID2019 #Vaccine #ModeRNA #DARPA #CRISPR #offTarget #GatesFoundation,conspiracy 
24,1332858597265399808t,@WBrettWilson Pfizer is pretty comfortable too with every one getting a vaccine. This is a business. This is not about health.,none 
25,1350014187339198464t,"Norway: 23 people out of 33 000 died after COVID vaccination: ""results suggesting that common side effects may have contributed to severe reactions"". If this holds true, it means the vaccine has a higher average mortality rate than the actual virus... https://t.co/m0BHgKW76V",side-effect 
26,1362068477952069640t,Whistleblower: 8 of 31 seniors at German nursing home dead within 4 weeks after Pfizer COVID vaccine; all were physically healthy prior to vaccination. https://t.co/3N7Tg4wZAh,side-effect 
27,1340332455300124672t,"99.97% unaffected by corona = Lockdowns, kill businesses, increase death by suicides, homelessness, and starvation. 99.86% unaffected by vaccine = Vaccine is *great*, plus we'll continue to lockdown, kill business, increase suicides, homelessness, and starvation.",unnecessary side-effect 
28,1432414602508201984t,"Pfizer COVID-19 vaccine: New Zealand reports first death linked to shot - New Zealand officials reported the country's first death linked to the Pfizer COVID-19 vaccine on Monday. In a release, the... - https://t.co/hldtenwaKU https://t.co/wMNloUHsau",side-effect 
29,1264158473526185987t,"Robert F. Kennedy, Jr.: Moderna’s “Clinical Trial Results for Its Groundbreaking COVID Vaccine Could Not Be Much Worse” https://t.co/CqafmnzsAq via @grtvnews",rushed 
30,1297847982411386881t,"@DailyMail I see China’s on the list of those having put in orders ...NO ABSOLUTELY NOT...They distributed the bloody disease in the 1st place & denied everything, why would we now want them to have our own developed vaccine to copy & sell cheaply making huge profits on the worlds misery 😡",pharma 
31,1364386855806857219t,"A doctor telling you that you’re unhealthy is “shaming”, but a governor telling you that you’re so unhealthy in your 20s that you are among those who would benefit most from the covid vaccine, because you have a comparable risk of death from a cold as a senior citizen, is good..?",side-effect 
32,1336324160016945159t,"@clockendsniper @1davidmartin @SkyNewsBreak Because covid ain't real, children going missing (sex/human trafficking) is real. Average age of covid death's 82+. Average life expectancy in the UK 81. A vaccine that doesn't stop you from getting it or transmitting it. It's a hoax.",ineffective 
33,1417842147756331012t,"@RNAiAnalyst After heavenly miraculous pfffffizer vaccine? Well, with moderna the efficacy would be above 100% easily",ineffective 
34,1405675952504381441t,@CogitoErgoSumAu @Donsvess Deaths are also associated with the Johnson & Johnson vaccine. https://t.co/pI5p6xifMH,side-effect 
35,1325995327069974529t,"@realDonaldTrump @US_FDA They probably realised you've killed enough people with COVID-19. They don't want to add an untested vaccine to your murderous arsenal. But you do you, Trumpy. Just try not to trip over your man-sized bottom lip as you leave the Whitehouse.",rushed 
36,1374054216650657799t,"@TB_TB_TB_TB_TB @wanda35945439 Supporting evidence of the jab = greater susceptibility: 15 Jan, 2021 ‘We see nothing alarming,’ says Norwegian drugs regulator, after 13 deaths linked to Pfizer vaccine jabs — RT World News https://t.co/ZGscBuarQB",side-effect 
37,1361668886865858562t,"@TheRealPro7 Johnson&Johnson produce this vaccine for-non-profit, and it was developed by Janssen Pharmaceuticals. AZ was found (small study) ineffective against SA variant (efficacy only 20%).",ineffective 
38,1341360609384824833t,Suspicions grow that nanoparticles in Pfizer's COVID-19 vaccine trigger rare allergic reactions (Jop de Vrieze / Science) https://t.co/8SN6elNZoC https://t.co/ORNOpMbmuG,ingredients side-effect 
39,1284464661518327808t,Why do you suppose CDC would be so sloppy on test manufacturing for covid? Did you know this sloppiness resulted in massively inflated covid numbers? Would they make money on any covid vaccine? Would they make even more if the vaccine was mandatory? https://t.co/Aja25bDZSX,mandatory 
40,1364922469665173504t,Please don’t take that Covid vaccine it’s poison. Another Dr I heard said it will start attacking the White Blood cells in 4-6 months after taking.,side-effect 
41,1336585792555245569t,I fear Hancock's self back patting at being the first country to give the vaccine could have serious consequences. FDA Says 2 Participants In Pfizer COVID Vaccine Trial Have Died https://t.co/J9TGRGMfq3,side-effect 
42,1375121581970718721t,@Wilson34David @Lauren_m1985 @BorisJohnson Why are you advocating for young people to be vaccinated with an 'experimental vaccine' when they are at virtually no risk from the virus?,rushed 
43,1298655389140090880t,"This is scary! Moderna, pharma company that is “creating” the vaccine for CV... look who is involved: Anthony fauci, Bill Gates, George Soros, and Jeffrey Epstein (when he didn’t kill himself) 4 minutes. RT https://t.co/nCW7xizDwm",pharma 
44,1300996136463773696t,@BignallGeorge @DrEricDing Enron Russian doctors are warning about their own vaccine. Until the long term effects are known about any vaccine they should not be mandated. It’s complete insanity. Do u really trust the WHO with your life?,none
45,1299935539760697344t,fear this virus or flu. I don't get a flu shot. I won't get the vaccine for this corona....does that sound like I'm fearful? America has never shut down for a virus. We should never have shut down. We should have quarantined those who were sick. Which is what we have done in a,unnecessary 
46,1278397251803643905t,"Thick propaganda from all #FakeNewsMedia ⭐️⭐️""Instruments of... WHAT?!? https://t.co/37jmzdxmhS via @YouTube #freedom #Patriots #medicaltyranny #Government #vaccine #Agenda21",political 
47,1297871697111130113t,"@Slartib24574150 @CllrBSilvester There's no proven vaccine against anything, except health.",ineffective 
48,1374834440204083211t,So it's still possible a person could be infected with the corona virus that causes COVID-19 just after vaccination.  Very useless vaccine....,ineffective 
49,1355787145512951810t,@MattEatsMochi It really scares me how much people view the vaccine as the cure to COVID... there are going to be a lot of surprised people when they get infected after they get vaccinated and think the pandemic is over.,ineffective 
50,1378862897586008064t,@ThinkActTank @thisissudheer @asaxena87 @EricTopol @DrEricDing @Covishield Also herd immunity seems to be more of a fantasy when COVID is in question. Even those vaccinated are as susceptible to infection (different strain) as the non vaccinated one. The claim that the vaccines decrease the viral symptoms needs more justification,unnecessary ineffective 
51,1355759312996593669t,"@ainittomai I wouldnt be involved in any financial venture that involved people being forced to be vaccinated, property being taken away, food being removed, and millions of human deaths worldwide. But hey, you do you.",mandatory 
52,1440056687642099717t,Pfizer forecasts $26bn of Covid-19 vaccine revenue after first-quarter success https://t.co/GqMHi7Udef via @PharmaTechFocus - And ZERO liability! Who’ll be laughing all the way to the bank then?🤔,pharma 
53,1355495291089276928t,"@Vgb67 So we all get vaccinated and hope for the best. Virus will still be circulating, we just get a wee bit ill instead. That seems to be the plan.",side-effect 
54,1288190128633110528t,@trueself1898 @CP24 A vaccine wont be mandatory.. so it isnt  going to matter.. eventually people are gonna say screw it.. they already are!,mandatory 
55,1382050350845231105t,The US says not to give Johnson & Johnson vaccines after a woman died from a rare blood clot https://t.co/1E0x20Cf4s https://t.co/2xcUXjHaBS,side-effect 
56,1397650422253465603t,@AstraZeneca can you help my mum get her memory back that your vaccine took away from her and her friend you need to know it is causing severe dementia,side-effect 
57,1409830204114149376t,From Australia COVID's Warped Vaccines Interesting side history on Langley. The author apparently was unaware that Moderna was substantially funded by DARPA. and their jab engineered by NIH. https://t.co/gKrQnhzPtE,pharma 
58,1433168799671492610t,Rep. Johnson is just doing talking points on vaccinations. https://t.co/ByHKc0Ltgz Vaccinated people ALSO spread it to other people.,ineffective 
59,1428237934763954178t,"How many have watched Trump appointee and Pfizer Board Member, @ScottGottliebMD using his role as an analyst for @CNBC to sell his expensive vaccine to America. I hope everyone got good and scared. Now y'all have the third unnecessary dose. Live it up. Africa thanks you. https://t.co/sjs4lTCxNy",political 
60,1336546639918620673t,"@KelseyTuoc That's because it is false. They have 600M doses coming from six manufacturers, to avoid the single-point-of-failure error that the CDC had in April. Of course, if you read more about the details of that Pfizer vaccine, you'll understand to be VERY skeptical of it.",ineffective 
61,1327276055720300546t,"@pfizer @BioNTech_Group Ms. Alcorn said. “It would be a shame that we did all this work, and then we don’t have the public trusting that there’s a safe vaccine.” Let’s hope people reject this rushed vaccine",rushed side-effect 
62,1371866239824498702t,"ICYMI: From numb arms, shortness of breath and developing mouth ulcers, these are some of the side effects some healthcare workers say have experienced since receiving the Johnson & Johnson vaccine. https://t.co/f9myHjcFz7",side-effect 
63,1376937015221092357t,@princessmayyy @ethnic_chucky_ @shayyynex @ashclayborne @cruddydre_ Ok that's relieving because when I look up anything about it for those whose health don't allow the vaccine and I fun nothing. Like we are forgotten or not apart of society. I really hope they do think of accommodations...,none
64,1244317956181540869t,@WalkerRandall6 @Brash_1 @kissmyass79 The point being we can weather this just like all other deaths. I am 72 an I am ready to get on with life. This shutting down all entertainment is taking away too much of our lives. There are NO cures for ANY Virus. It takes yrs to find a vaccine and then it mutates.,ineffective 
65,1337950992684310529t,"@_jennamoon So, what you’re saying: the vaccine does nothing to stop the spread of the SARS-CoV-2 virus. Instead, it suppresses COVID-19 symptoms allowing for asymptomatic spreading by those who are vaccinated. Not to mention possible side effects from vax. Awesome👍",side-effect ineffective 
66,1323028707636879362t,@PFoster68 There is so much money invested in vaccines.....Astra Zeneca to name but a few.....so much at stake. If the virus infection rate drops they know there will be no need for a vaccine. So they have keep up the fear......,pharma 
67,1367182520094089218t,Catholic Bishops Warn That Johnson & Johnson Vaccine Is Morally Problematic https://t.co/fppi93eqeV via Western Journal https://t.co/XbMvsAqpyU,none
68,1249309530132905988t,"Fauci's a greedy fraud. He's the director of NIAID who's producing the so called ""cure"" (vaccines) with drugmaker Moderna. Everything else is a threat to his business #FireFauci @GoJackFlynn @prayingmedic @M2Madness @POTUS @Scavino45 @catturd2 @cjtruth",pharma 
69,1288139669264269314t,"Moderna coronavirus vaccine begins phase 3 trial with 30,000 participants - YouTube https://t.co/NHgDbwzcKj Why did they switch from TRUE SALINE PLACEBO to a VACCINE? #PharmaFraud doing it again https://t.co/QpbWCJZrS6",rushed 
70,1254347317110546432t,"@MapholohT @radebe_kay @Julius_S_Malema @RamaboduObakeng @CyrilRamaphosa What u going to do, ur government is busy talking to bill gate to come and force vaccinate u, how about that.  The soldiers deployment will be to ensure that u take ur Bill gate vaccine.  Know who ur real enemy is",mandatory 
71,1283612958745133056t,"@LowellRoemer Flu vaccine is at BEST 40% effective, if they happen to guess what viruses will be circulating in the future year from when they manufacture them.  If they don’t guess, it can be zero %.  Oh look at Fluzone insert, deaths from all complications of flu shot 0.5%. Worse than COVID",side-effect ineffective 
72,1312069851494731776t,"They will use it on their citizens. Don't know of any Canadian that would want the Chinese vaccine especially when they cannot be trusted. ""What happens if China gets a COVID-19 vaccine first?"" https://t.co/kbxL8XjxUt",country 
73,1377248494574956546t,"German regulator reportedly says nine have died from #bloodclots after taking #AstraZeneca vaccine %age of TTL doses = 0.0005% ie: 1 in 2,00,000 https://t.co/lAr2iAlmon",side-effect 
74,1413958164404375559t,"They needed a pandemic to make significant progress with their plan, which would ultimately lead to VACCINATION, which could be dangerous on the one hand and total control on the other, as MODERNA claims that the people who get these injections will be programmed, like a computer",side-effect 
75,1363880006838009862t,@KymJohnson So u people think that vaccine has any purpose apart from possible killing your generation even faster??? Anyone that is willing to take that vaccine is just as bad as Bill Gates and his hidden now obvious agenda!!,conspiracy 
76,1296225851651088392t,"@SandmanRT @themanof68 There was a report from the Ukraine that 15 people already infected with C19 were given the Moderna vaccine. 8 ended up in the ICU and 5 died. We know ADE can result after being vaccinated and encountering a similar pathogen. Question is, did that happen in reverse in this case?",side-effect 
77,1398419094630584322t,"@normanswan Hmm, Astra Z just not up to the job. Can’t get to herd immunity with that vaccine. Pivot to mRNA now. #PfizerForAll",unnecessary 
78,1333867259564085248t,Why licence it when it’s NOT that remarkable a vaccine ? Moderna's chief medical officer says that vaccine trial results only show that they prevent people from getting sick — not necessarily that recipients won't still be able to transmit the virus https://t.co/Bupt5ewblE,ineffective 
79,1347216299102007300t,"So, in order to supposedly protect himself from contracting what would most likely be a mild, flu-like disease at worst for a man of his age and fitness, he suffers truly horrific internal bleeding more reminiscent of Ebola or Marburg virus, days after receiving Pfizer vaccine.",side-effect 
80,1352936328757997568t,"@Shashie08 Bz of his lack of knowledge and kufungira kure, he went to China and buy vaccine without it being tested ,they vaccinated themselves wanting people to die back home .Mwari vakati bodo, meself murican vangu.Hino zvobackfire .kunofiwa nhaka kumusoro ikoko,isu hatiko",none
81,1378089083780620291t,@cinestrology I’m so sick of this shit. A simple fucking Google will tell you that if you’ve had covid you’re more likely to get a little sick from the vaccine because you have the antibodies. I know 2 anecdotal examples of this as well. SO SICK OF IDIOTS,side-effect 
82,1395319022950907907t,A 53-year-old South Australian man is being treated in intensive care for blood clotting that health authorities say is linked to the AstraZeneca vaccine. https://t.co/7MZwGN6ScI,side-effect 
83,1376776493301444610t,30 reasons not to take the experimental treatment being marketed as a vaccine – https://t.co/epkuk3ZaM3 https://t.co/ieVbQe00Od,rushed 
84,1364635462598598658t,"@Lubilu44 @pcrclaims Absolutely, no one whom is healthy should need the vaccine. Nothing makes sense.",unnecessary 
85,1355373973454745600t,"10. December: FDA was pressured to approve the Pfizer vaccine a couple days in advance of the expected announcement (just heard Howard Dean talking about this in an interview, so people remember it as an egregious move) https://t.co/PYPvJona9C",rushed 
86,1355346390784892930t,The vaccine creators are becoming a school of piranha fish. Why is the FDA approving vaccines that have less than 65% effectiveness?,ineffective 
87,1356920118547152897t,"@MrKRudd Moderna reveal that the so-called vaccine being peddled by the company is actually an 'operating system'. This startling admission confirms what vaccine skeptics have claimed - that COVID is about control, not a virus. https://t.co/CUTXwCmbPI",pharma 
88,1451182587746168833t,"""Sofia Benharira received her first dose of the Pfizer vaccine on September 14 and died on September 21, having suffered a heart attack at her high school the day before."" https://t.co/C72B9WbdwG",side-effect 
89,1446092208394981377t,"@KeytarCatholic Our put another way, spending $0.01 on Chinese made goods is about as connected to abortion as 378,000 people getting a vaccine only tested on fetal cell lines. https://t.co/ei94psMoAL",ingredients 
90,1294599798029524995t,"@CEPIvaccines @vox I feel like suboptimal vaccines are being pushed into population . FDA approves phase 3 without peer review for moderna . What is going on here ? People deserve the best vaccine , not the worst! #ino4800 #inovio",rushed 
91,1445727320086515719t,@demsoceire @Paulius152 @manunited19901 @IrishTimes Did you work at the Wuhan lab? You've swallowed the vaccine is better than natural immunity bullshit as they planned Your account create May 2020 Do you take the Chinese national holidays off? CCP account muted https://t.co/eOlqCyrv1q,unnecessary 
92,1295290740986134529t,"2) I heard that on (again, I can't recall on which news channel(s) - more than one if I recall correctly) (when the #RussianVaccine was announced) that Putin said one of his (two apparently) daughters had the vaccine and some minor side effects..",side-effect 
93,1255829338357981188t,"@MattHancock @AstraZeneca @oxforduni 'The science is uncertain', but we're gonna spaff a vaccine about anyway, and let big pharma make a mint in the process. GTFO.",pharma 
94,1365434104053833731t,"@ashishkjha If it's all I can get, I guess.  Still will not leave home with that vaccine.  Will not feel safe.  Enjoy the ""new normal"".",ineffective 
95,1349282644392083458t,"@JDBakewell : Good morning mam, you are right to take legal action concerning the CHANGE in the application of the Pfizer vaccine. To give a vaccine in the wrong manner is un-ethical, you will find its the governments incompetence and lack of supply .",pharma 
96,1368151260285734913t,Take a vaccine but they’ll still want you to wear a mask. It’s not about CoVId. The more people hear this the sooner they will stop.,none
97,1312324533207142400t,". #WakeUp #doctors #NHS Medical Tyranny, forced vaccinations DNA genetically modified #Moderna funded by #BillGates @NeilClark66 @Piers_Corbyn @SoniaPoulton @simondolan",mandatory 
98,1375666526171226119t,"@Angry_Staffer @TomSauve19 My son in law said he'd never get vaccinated. He is in bed tonight from the side effects of his 2nd dose of Moderna. His father said he'd never get vaccinated, he got the J&J a few weeks ago. One by one they're lining up.",side-effect 
99,1292881487944192008t,I honestly don’t understand why people think Corona is going to ever be controlled or why a vaccine would ever be any more helpful than where we are at with the flu vaccine. This thing isn’t going anywhere. It’s here forever. We can’t contain it. So let’s move forward,unnecessary 
100,1302555697092202496t,"@StarredBastard @AdamJKucharski @JeremyFarrar Well, they haven't done any such thing. The Ox vaccine is a dud, preventing neither transmission or infection. Moderna has shared no useful information in this regard, but has definitely shown a worrying adverse effect profile. Who in their right mind will buy this nonsense.",side-effect ineffective 
101,1365836536697270272t,I would have rather gotten covid again than this fucking vaccine holy shit,none 
102,1299305826251927552t,@daniellevitt22 @Hjowens2 So what happened in the 1980’s to foment EXPONENTIAL growth of autism? Better diagnosis? Autism is not barely noticeable. Where are all my peers in their 50’s with autism? 1986 National Childhood Vaccine Injury Act. ZERO liability for vaccine manufacturers & providers.,side-effect 
103,1354774538362433538t,"@brianlilley We do need to calm down. The history of potential for adverse outcomes from vaccines demand ensuring vaccine safety prior to use. This means many valiant efforts to create a vaccine will and indeed should fall through. For that, no one is to be blamed & surely not our PMJustin.",side-effect 
104,1307066456287444992t,"@TheLastWord @Lawrence @MaryLTrump OPERATION “WARPED"" SPEED On 9/13, Pfizer said its third-stage Covid-19 vaccine trial may be completed by late October. Really? I’m subject # 10551141; I had my first injection on 8/28. The study lasts TWO YEARS. Why the pre-election push? $1.95 billion buys MORE than a vaccine.",political rushed 
105,1293414616253394945t,"significant side effects or harm, but if, for example, these earlier studies suggested that people with asthma tended to have life-threatening asthma flare-ups after receiving the vaccine and then the Russian government were to require all soldiers to take the vaccine regardless",side-effect 
106,1334836186926428161t,@inthesmoke @H3atheroo @PaulBrandITV @susannareid100 I will explain better = Brits pay taxes to Gov and Gov pay insurance to cover from UNLICENSED VACCINE damages made by Pfizer which will be never responsible.... Gov purchased their vaccine without any long term data available on side effect....CLEAR ENOUGH?,rushed side-effect 
107,1362628679239684098t,@saadpb @BoobyJargon @AnjKhem My Dad died after the Modern vaccine. Organs started shutting down. Doctor said no real proof it was the vaccine. He has covid in August. He should not have gotten it. He would still be alive had he not taken it.,side-effect 
108,1348661041606119424t,@ZoeStar28166081 @PFox1982 @piersmorgan I'm seeing the covid vaccine reactions come in hard and fast....it's warning people. The mainstream media has been scaring people about a virus since last March....they don't care about you.,side-effect 
109,1374923064249581573t,@InternetHOF_ I don’t think she’s gonna need the COVID vaccine 💀😭 @goldenchaiii,unnecessary 
110,1301767657398599687t,Lol nobody wanna get that COVID vaccine. So fuck they gonna do with it?😂,none 
111,1363373259886977024t,"@CTVNews @HeatherButtsCTV Can these ""top doctors"" use the same modelling software to show ""dead from vaccine"" numbers (and using the same counting method as ""dead from covid"").   I'd really like to see those projections before subjecting myself to the 'jab'.",side-effect 
112,1254334561825312770t,"@JackieShandu I Agree totally. The politics of this country is highly monetized it's such a pity.  We are hearing that Cyril is busy having talks with Bill Gates on vaccine, and our so called revolutionary opposition are quiet.",political 
113,1298275719600988160t,Why would people take such a vaccine without evidence of efficacy.  I wouldn't.,rushed ineffective 
114,1374365188908982275t,@samstreetwrites @lisachristinect That doesn't sound very voluntary. What about those who choose not be be vaccinated?,mandatory 
115,1379587257246568459t,"Clear Link Between Oxford AstraZeneca Vaccine and Rare Blood Clots in Brain, EMA Official Tells Paper https://t.co/e7fkwdUzU4",side-effect 
116,1350066426585833475t,"In Norway 13 Deaths after Pfizer’s Vaccine. Health Authority: “Normal, they are Elderly and Frail”. Investigations on Us Physician Dead - https://t.co/j5WzTaHGLz https://t.co/GWmXEZhsKw",side-effect 
117,1277661294708109312t,"Covid-19 and where ""Vaccines will 'Never' save us from a deadly equivalent of Spanish Flu if common sense is used -  https://t.co/1flTQpeVEW",unnecessary ineffective 
118,1309819780564647936t,"Which #Vaccine are you talking about.. You have already admitted manufacturing 6-7 different vaccines (ranging from Oxford fake virus to Putin's concoction).. There is a saying .. ""Compounder ho, compounder hi raho.. Doctor maat bano""",pharma 
119,1339957293845278722t,"@euph0bic @SoulessSamurai @HotepJesus It's a common reaction to any needle or similar object being inserted into your body, it happens to me too If you think I'm defending the vaccine by saying this, you're wrong, I'm against it because long term effects are completely unknown + Pfizer CEO wont even take it",side-effect 
120,1283824445627539457t,@MuellerSheWrote because they believe in the fantasy vaccine disease but they don't believe in Covid,none
121,1237171802247495680t,#twitterstorm ask @google *right now* “Who cannot receive vaccines?” #marketcrash #COVID19 #CoronaVirusUpdate #WallStreet @CDCgov @Merck @HHSGov @pfizer are 💵 hungry LIARS //lookup #ICANvCDC 💉 “do vaccines cause autism.” 🧠 CDC LOST! Google is hacked with truth 💣 F You Pharma https://t.co/cFrdLuZxaZ,pharma side-effect 
122,1429931440075063301t,"@veryvirology @rubic3n Odd considering FDA gave an approval for Pfizer today- When a person is vaccinated twice and spreads the virus, that is the real issue. Un Vaxxed people have many reasons- how many do you know of- so if you think its about anti vaxxing-your scratching the surface .",rushed 
123,1355292346376708097t,@CMO_England We’ve 2 patients in our ITU with Covid pneumonitis. Both had their first vaccine over 4 weeks ago. Govt have placed frontline workers & our most vulnerable into a clinical trial they did not consent to. Unethical not to follow Pfizer scientific research studies / recommendations,side-effect 
124,1443333412522233858t,@reemadamin @madinatoure A fourth vaccine? This gym teacher thinks the FDA is going to approve Novavax in November?,rushed 
125,1340752837979070467t,"3,150 Of First 112,807 Recipients Of Pfizer Vaccine Were Left “Unable To Perform Daily Activities” It Is NOT Safe And It Will End Up Killing People.. https://t.co/fRUFsnROos",side-effect 
126,1334640574029324288t,"Fall 2021: Somehow, the latest COVID vaccine has caused the zombie apocalypse. Terror reigns in the streets! Cancers: https://t.co/z9n9B2KuJ9",conspiracy 
127,1377037463470870535t,The New world order is being brought in through fear. Once all you dummies get vaccinated they will blend the government’s of the world into one under the guise of protection for all. Just wait,conspiracy political 
128,1306715166734725120t,They just undermined confidence in their vaccine. I would get the vaccine but not by BioNTech or Pfizer.,none
129,1353490365572141057t,"Well there u have it , how cruel these pple are just make money out a vaccine #PfizerVaccine is really becoming a huge burden to human life , its now a threat than a cure #MondayMotivation",pharma 
130,1336382347025985542t,I’m not against the Covid vaccine at all but it’s a bit strange that our government has granted Pfizer a legal indemnity which protects them from being sued by patients should anything happen down the line😅,pharma 
131,1334877212928073729t,"@mattapharri @dianawalker12 @talkRADIO @iancollins @Piers_Corbyn Totally agree, I'm not not taking it because it will be extremely profitable, I'm not taking it because Pfizer have negotiated indemnities with the UK government against injury and death. They obviously don't think it's safe.",pharma side-effect 
132,1378796542228848642t,"@CheerVid @MikeLav69 “Safe and effective” does not mean “100% of those receiving the vaccine will not contract COVID-19”, in the same way that “seat belts are safe and effective” does not mean “no-one wearing a seat belt will ever be injured in a car crash”.",side-effect ineffective 
133,1337863061085040646t,"@realDonaldTrump In the UK, the first two people given the Pfizer Vaccine went into anaphylactic shock!",side-effect 
134,1268621222075564032t,@IanRCrane Would like to get these hashtags going #VaccinesKill #Billgatesmurderer,side-effect 
135,1333415941783302151t,@HerbalBitters @Bee42681881 @SandraWeeden Moderna vax is claimed to be 94 % efficient. Folk over 70 + have a 95% chance off surviving covid. People must be mad to take the risk on an untested vax.,rushed 
136,1306273458674741248t,"@__ice9 @RolandBakerIII I trust my source. The participants (4/23) developed the Adverse events 3 weeks after the shots which is consistent with an Immune mediated adverse event triggered by the vaccine The reason @UniofOxford is hiding details, since it’s Unethical actions would be revealed @BBCWorld",side-effect 
137,1367133344190914561t,"These Are the Side Effects of the New Johnson & Johnson Vaccine, FDA Says https://t.co/1CGRLWaJZ0 Read this as the CDC says if you have fever as a symptom do not take another shot of vacctine",side-effect 
138,1374458154386214926t,"@8bit_gun Probably the programming somewhat and the way they are doing it in mini steps in the name of safety. So the sheep will always just say, “no it’s just a mask it’s for our safety.” Then again, but it’ll be the vaccine.. it’ll keep going step by step until they get their end goal.",ineffective 
139,1284891321212243970t,@HumzaTime @thosejays @ant__76 @CP24 I'm not willing to take a rushed vaccine.. which could do the same to organs or worse than covid!,rushed 
140,1322836000373170182t,@piersmorgan A vaccine will take years to distribute and even then it won't eradicate covid. This will go on for another two years or so I suspect. Thiugh if you're first in the queue to take a new vaccine then you need your head checking,unnecessary ineffective 
141,1359554795795800064t,"@fact_covid @JuliaHB1 @BorisJohnson Not overly worried about people who won’t have the jab. Put them at the back of the queue - there are plenty more waiting for it who will gladly take their place. Then bring in vaccine passports for holidays, pubs, shops etc and watch the panic.",mandatory 
142,1298066234118873088t,@profmarcy @JeffDr7 @jimcramer Bless your heart. Science says a vaccine with 50% effectiveness is about the best we can hope for. Like the flu. Seems like you're in for the long haul.,ineffective 
143,1364620887367045126t,"If you've had a #covid19 'vaccine' (2doses), you are as 'protected' as you can be, from a virus with a +99% survival rate. 0.00005% risk to children and 0.05% risk to someone healthy <65.  To insist healthy 'unvaccinated' people should face restrictions is abhorrent. #NoVaxports",unnecessary 
144,1334085299945807873t,"Imagine if the covid vaccine has a side effect that activates years down the line, then what?🤷‍♂️",side-effect 
145,1288250485812727814t,"Trump WH gave $1.6 billion for vaccine development to Novavax, a small company with no known expertise in vaccine development and who has never brought a vaccine to market in its over 30-year history. #COVID19 #Coronavirus #COVID #Pandemic2020 #Pandemic #CoronavirusPandemic",pharma political 
146,1349862278003355650t,"@CDCgov @pfizer @GovCanHealth If any of the vaccine really works then why vaccinated travelers are also forced to take COVID test prior to their flight? FDA authorized to use vaccine, but what the vaccine good for? NOTHING#",mandatory 
147,1355189530953994250t,"FFS Can somebody put the Millions of over 65s who’ve been #Vaccinated with the @AstraZeneca #Vaccine at ease, by showing the Data German officials say AstraZeneca vaccine shouldn't be given to over 65s @SkyNews @BBCNews @LBC #C4news #Newsnight https://t.co/uIQsQKogqS",none
148,1287950674819289089t,"@TomFitton @realDonaldTrump Then why do we need a vaccine for the Chinese Virus if Hydroxychloroquine works, Mr. President? 🤔",country 
149,1285507815545753600t,@10DowningStreet @BorisJohnson Flu jab intereferes with covid making it worse...look at you in aprile! #noway vaccines are NEVER #SAFE,none 
150,1327707341316231169t,"@wolfblitzer @DoNotTrustTrump @realDonaldTrump @JoeBiden @realDonaldTrump doesn’t care, he has already killed almost 250,000 Americans and wants to make money off of a poison Pfizer vaccine that will kill even more Americans they way Pfizer gave cancer to Americans with Zantac",political 
151,1255184649262780416t,"I love how its says...""live longer and save lives"" and that vaccines are a ""human right"" ... God the lies...we have over 95% vaccination rates...yet over 54% children is the US are chronically ill- but guess in the Twilight Zone this makes sense https://t.co/dfiWrR8jQK",side-effect 
152,1363924500652437510t,@JamesDalyMP @MattHancock It is an experimental vaccine only authorised for emergency use. It is illegal under international law to coerce people into taking it This country needs to move on and open up but Johnson wants CV19 to drag on 99.9% of healthy <60s fully recover - do not need a vaccine,unnecessary mandatory 
153,1355323310251204608t,They really are going all out trying to convince folks that 66% efficacy in that Johnson & Johnson vaccine is somehow just as good as the ones with 95% efficacy. And watch that 66% vaccine go to everybody poor and darker than light khaki. #COVID19 https://t.co/zEDZWWZyiD,ineffective 
154,1365490787585253388t,"There are 3 vaccines for Covid19. one maker says you’ll need 1 of their shots, one maker says you’ll need 3 of their shots. This vaccine shit is a joke. Private companies are now making covid19 vaccines to jab you with.",pharma 
155,1398551916603449345t,@pratyasharath @suresshgovindan They want to help Pfizer to get into the country. Meanwhile I don't want to imagine why anyone would want to inject an mRNA vaccine into a child who might have to face the consequences for another 70 years. It is not clear what mRNA vaccines can do on a long enough timeline.,unnecessary side-effect 
156,1404355214233178114t,"#Johnson also said... do not rely on #vaccines alone ...All of a sudden the #vaccines are not addressing #Delta nor I suspect any other variant or mutation which will undoubtly appear ? Perhaps.. the simple 2 metre rule, washing hands & isolation.. was the key for this virus ?",conspiracy side-effect 
157,1366165930636546049t,Johnson and Johnson knowingly put asbestos in talcum power for decades is now expected to come up with a covid vaccine with only a few months of research.,ingredients 
158,1353492708623527937t,"@Pabc7p @BBCNews You do know that vaccines take 10 years to be studied correct we don't know any side effects yet there's no evidence. Go take your vaccine nobody's telling you not to do it. But I'm not going to do it, until there's clear evidence. Stupid",rushed side-effect 
159,1299707889657892864t,"This is long. But full of truth, I started and thought this is boring as shit. Then everything started to make sense. Who push vaccine's and why? We already know.",none
160,1378475501556219909t,"COVID certificates/passports should not be a thing for domestic events. I understand their place for international travel, but, for example, my pregnant wife cannot have the vaccine. Everytime she wants to go to the football (as a season ticket holder) /1",mandatory 
161,1340062216394076160t,"You know, for all the positive talks about the COVID-19 Vaccine, if something goes wrong, you can't sue? I was on the fence, but now I'm gonna pass. https://t.co/pGApFCPcTy",pharma 
162,1374648388541636609t,@doctor_oxford Hi from Germany. If it wasn’t greed why aren’t you exporting vaccine to countries that haven’t even vaccinated everyone over 80 yet like Germany or any other country? Why are you getting vaccine from the EU? Greed is most certainly the reason why you’re getting it,none
163,1341591707171827712t,"So 3,150 out 112,807 people who rec'd vaccine or 2.8% were ""incapacitated"" after 1st shot (i.e., unable to perform normal daily activities, unable to work, required care from doctor or health care professional). How does that compare to COVID death rate of people <60 yrs old?",side-effect 
164,1293514182357217280t,"@Dusklikethunder Russian cocktail? No thanks. And BTW, it’s super curious that Russia was one of the last nations to be “infected” but the first to roll out a “vaccine”. . . Anybody else thinking this?",country 
165,1374091246793338888t,"@LeighBu08049508 @butler_rozagirl @shanrichardson2 Just hope one day you realise what’s going on n stop slagging others off for standing up for their opinion. Not anti vax by any means but there’s a limit when you get force fed constant lies and manipulation. There trying to divide us, black white, left right, pro & anti vaccine",mandatory 
166,1374135231855407106t,"@Emilee_Fannon @SenRonJohnson There is something STRANGE about COVID-19. I think it's something that Trump created, don't believe that he ever had it, don't believe he was vacinated for it. something weird is going on, that is why a lot of Blacks are afraid of the vaccine. Trump's vaccine!",political 
167,1364504050083897348t,@goodfoodgal Absolutely frightening times. Forcing an untested vaccine on the public. Just crazy. I hope this shit isn't forced I'm Australia.,mandatory rushed 
168,1255878329070125057t,@beisgovuk @DHSCgovuk @UniofOxford @AstraZeneca Maybe Bill Gates could be the first to test it out,pharma rushed 
169,1266165153600548864t,"The C19 Vaccine bottom line: $$$ from insider trading. Moderna chief medical officer makes 18mill after hyping 'success' , sells out and currently holds zero Moderna stock. 3 out 15 have grade 3 severe reactions requiring hospitalization, ie 20%. https://t.co/GnQSjR8m2t",side-effect 
170,1365672129111425033t,@dunn0788 @PoliticsForAlI @thetimes They can see all the deaths and side effects from the vaccine that why they are not taking it,side-effect 
171,1287703285953175552t,"Could Trump's October surprise be the false claim of a miracle vaccine?.that eradicates the virus for everyone and will be available after the first of the year and reopens schools and the economy 100%? He's not above a short-term lie, is he? OK, that's a rhetorical question. lol",political 
172,1291657231709216769t,COVID IS REALLY AN INTELLIGENCE TEST HOW CAN ANYBODY BE STUPID ENOUGH TO THINK OVERNIGHT EVERYBODY IN THE ENTIRE WORLD IS SICK & NEEDS TESTING MASKS & VACCINES? MOST PEOPLE WHO TEST POSITIVE FEEL FINE & ARE NOT SICK WHAT A FEAR PSYOP ON HUMAN RACE EVERYONE IS BRAINWASHED SO SAD https://t.co/BD1gABClEW,conspiracy 
173,1350134723834687488t,@GreatGameIndia Convulsions After Receiving The #COVID19 | January 14 - This is what the Pfizer covid19 vaccine has done to my Mom. Everyone please pray for her. She was admitted to the hospital https://t.co/FHquVoACol,side-effect 
174,1343560733229891585t,"@ianhughscott If the vaccine doesn't prevent transmission of the virus but prevents death from covid (but not from comorbidities obviously) how will we know if it works based on the way deaths have been reported? People will still die with Covid, right?",side-effect ineffective 
175,1352698571477241856t,he did not die of COVID but complications related to the vaccine. And that’s why we need to be careful. Con mucho cuidado mami ⚾️,side-effect 
176,1451985655249215492t,@pfizer Are you working on a vaccine for those of us allergic to the ingredients in the present vaccine?,side-effect 
177,1357793401173733377t,"Why would you need the vaccine AT ALL if you've recovered from COVID? All the vaccine is doing is creating an immune response which you would already HAVE, if you have had the virus already. This looks like they're making this shit up as they go. https://t.co/GN9xuwTjLP",unnecessary 
178,1374685375671627777t,"@FabulousMrsFox @JamesDelingpole How long before unvaccinated people are contaminated from vaccinated people through blood transfusions? Are we all fooked at that point, by 'indirect' vaccination????",ingredients 
179,1363092320371937280t,Because flu was conflated with Covid 18 in the world wide media scam and the CDC and other institutions have not isolated the C19 virus so there can be no vaccine- ONLY AN INJECTION!,pharma ingredients 
180,1326557286433763330t,@Crazyworldinit Why are you so desperate to smear people who have had children harmed for life by vaccines? It's extremely nasty. Isn't it about time we started listening to each others concerns? Those who have researched Pfizer's litigation track record are right to be concerned.,pharma side-effect 
181,1336652954443530240t,"Trump had his eye on a different vaccine which he hoped would be the first out of the gate. It's moving forward, but wasn't as fast as Pfizer. Trump's appointed drug czar holds 10 million in shares in this other vaccine, BTW, That would be why Trump preferred it.",political 
182,1345802162111176704t,@ethanjweiss And what abt #covidvaccines with weak immunogenicities like the #oxfordvaccine or JNJ single shot?,ineffective 
183,1303452091520897024t,"The phase I/II trials of the 'Oxford vaccine' (ChAdOx1) pointed to very high rates of mild side effects (~60%). Now, apparently a serious adverse event has occurred.",side-effect 
184,1338530683782881280t,#MainstreamMedia @CNNPolitics @MSNBC @FoxNews @CNBC make me #suspicious of the #CovidVaccine. Guessing they think they're having the #opposite effect! Black ppl have been last on the list for everything good now the #media is trying to make sure we're #One https://t.co/cWVSiLNDnp,side-effect 
185,1353807664468226049t,"@chimera414 Data from the cdc's 'vaers' (US) reporting system. All I'm saying mate is that there'll be significant fallout from this experimental vaccine, there already has been. It's crazy here in Aus that we push to roll it out so eagerly, so soon.",rushed 
186,1354026454472945666t,"@ClaireCon_ My mom has refused the vaccine because she doesn't like that people think it's a miracle. So even though I could've gotten her in to get it, nope. But she does wear a mask, social distance, and wash her hands.",none 
187,1190839843095375872t,@sallyKP How did the innoculated child contract the flu if the vaccine was supposed to prevent this?  Was it the flu or the vaccine that was responsible for this tragedy?,unnecessary side-effect 
188,1365987246416015361t,The rumours about vaccines are true... I had the Pfizer vaccine and now I have erectile disfunction!!! https://t.co/emKtZZJ0Zp,side-effect 
189,1371036043982598144t,"@SeanCollins66 I’m more concerned at yet another Country halting roll out Oxford jab due to blood clots in numerous jab recipients. Needs looking into and sorting fast ! ....  Ireland should suspend AstraZeneca vaccine over clotting concerns, health authority says  https://t.co/YgyxS4tgoj",side-effect 
190,1449773209923067908t,How it feels when the tables are turned and nurse becomes patient… #Pfizervaccine #Covidvaccine #vaccineinjuries @vaccineinnjured (@Np4Science) https://t.co/e4GGNBAcA4,side-effect 
191,1319305558088945666t,"@jojo48362381 See this is where you think wrong, A vaccine is not a save all. The virus has mutated many times and will just keep mutating like the flu where the vaccine becomes useless.",ineffective 
192,1396069568360030217t,"@PriyankaPulla Not fair! Every individual has the right to know & choose the right vaccine of his choice , after all he he is the one who’ll bear the consequences. frankly , the way Covaxin is being pushed is not the right way. I’d like to see phase 3 trial data& peer reviewed publication 1st",rushed 
193,1374874162616020995t,"We’d love to see some information about what is in the vaccine does it contain aluminum does it contain nickel there’s just no report available, you can push the vaccine all you want but if people are afraid of it they’re not gonna take it. Why hasn’t this report already been out",ingredients 
194,1379805557943627779t,"""European regulator also establishes link between the vaccine and rare blood clots"" UK medical regulator warns under-30s against using Oxford/AstraZeneca jab https://t.co/uRJ63su30t via @financialtimes",side-effect 
195,1362102749085593604t,@POTUS @JoeBiden Why is Covid-19 vaccine out and yet business still closed? why are things not back to normal why is it taking months on purpose who is be hide the bull shit who is getting rich? Peace on earth,none
196,1327335778788257796t,"@annekris95 Think the only ones in line for the covid vaccine are the MSM brainwashed bedwetters who trust a vaccine from Bill Gates after a few months testing, which normally takes years. You & your friends can have our vaccines because anyone with sense won’t be having them😂😂😂😂",pharma rushed 
197,1365456317750591491t,"@RebelatoJason @globalnews Are you for real? Have you had a child that had bad effects , or can’t be vaccinated for some reason, or even you? . Fucking selfish people expect everyone else to do to their body what they want them to do",none
198,1380910268461555712t,"Georgia becomes third state to shut down Johnson & Johnson vaccine site after adverse reactions • People ""reacting"" isn't the same thing as side-effects. I don't think there's anything wrong with the vaccine. #CovidVaccine #COVID19 https://t.co/Opxu19EGpE",side-effect 
199,1336715675969216513t,"@LittleNamanari Not even in the least! I don't want to be a beta tester for Big Pharma either. We all know how little Pfizer cares for patient safety. In the corporate world, profits trump safety every time; pun fully intended.",pharma political 
200,1336121961940987906t,"@LASDBrink @SJPFISH @realDonaldTrump Dear American people, we must cooperate with the army to exterminate these criminals and reject Corona and the vaccine",conspiracy 
201,1366097335844016135t,"so it's really blowing my mind how ppl get vaccinated and like, are ready to travel the world & shit. like the people who are ""serving"" u still aren't protected... idk it just really bothers me. all that we've been able to come up w is going to trails and shit more often lol",ineffective 
202,1293460976734359552t,@lavender1980 @jemfinanderson @Ash_Stewart_ I would strongly suggest the Russian vaccine for anyone thinking we need a vaccine to get over Covid-19. What is the survival rate again?,unnecessary 
203,1243691025857572865t,"@andrevaleroso_ Just sayin... when moms speak out on vaccination society gaslights, mocks & labels them “crazy anti vaxxers” but when Non medical professionals Bill Gates does hes interviewed on MSM and hailed a “philanthropist”",pharma 
204,1287993613738098688t,"Big Pharma killing thousands by suppressing Hydroxychlorine use as an interim remedy, so they can make billions when they finally come up with a vaccine.",pharma 
205,1378395904240013313t,@sammyj2021 @KR89JFT96 @AnnastaciaMP The vaccine literally doesn't stop u from getting covid,ineffective 
206,1298653767840268291t,@GaryMcK1980 @estherk_k But its actually ineffective on the very age group that they reckon they want to protect. In fact those who have the flu vaccine have been more likely to get covid.,ineffective 
207,1376145213333377031t,Taking the #vaccine means giving your seal of approval to all this shit that has been going on since February 2020,rushed 
208,1334787525987225601t,"@devisridhar No publicly available data, no peer review, and likely trials not powerful enough to show effects on severe disease, deaths, or transmission - would you really trust Pfizer and UK inc. to tell the truth on this?",side-effect ineffective 
209,1375015697437356032t,"@helenhims @ArthurLeeKing @KirstieMAllsopp You are under the impression vaccines mean you wont catch covid which is not proven. People can catch it more than once for example, also immunity isnt assured for ever by a vaccine and no one is clear how long it will last.",ineffective 
210,1001799828123344897t,@HedddyLamarrr @JATetro @LymeMadness @MoriartyLab @LymeGen Lyme patients have been laughed at & lied to for so long it's tough to believe anything the medical community or government tells us about the safety of the vaccine. I have 5 infectious diseases from whatever bit me. There's no vaccine for that.,political 
211,1302750347291578369t,@johnbrownstein I am horribly concerned releasing a vaccine before it’s ready. What is the medical impact of a vaccine that is not proven. Could COVID-19 spread faster with a vaccine that is not fully tested and proven? Your thoughts?,rushed 
212,1395733059614384136t,@AmeshAA @daxe ==> 70% <=== of Seychelles has had a Sinopharm jab (I won't even call it a vaccine) spoiler alert: It is not worth a shit https://t.co/2eCmfpNLym,none
213,1211037384604835840t,@SharylAttkisson It's literally impossible to make a vaccine that will not harm 100% of end users specifically because each and every human reacts differently to different chemicals & biologicals.  Making something that works for 80%+ is the best anyone can do.  You people really have no clue.,side-effect ineffective 
214,1240575379242450947t,"@Br0ski47 You become immune to corona viruses anyway. A vaccine just acts like the virus and your body learns how to become immune. You don't become immune to HSV. A vaccine acting like the virus wouldn't help with anything. Pretty simple, isn't it?",none
215,1294067249167441921t,"2. The study looks at guilt and fear as methods of coercion. Remember, this vaccine is just like every other vaccine-NOT double-blind placebo tested. Newsflash, they test vaccines against other vaccines and call it good. Russian Roulette for a 99% recovery rate? I’ll pass.",unnecessary 
216,1350191465415131136t,I am 68 with underlying conditions. Always get the flu after getting the flu vaccine. Don't think I want the COVID-19 vaccine.,unnecessary side-effect 
217,1311659226477948931t,I am no #Scientist & I do not Trust Whitty or Valance.. as they have shares in a #Covid #Vaccines.. One just cashed out his ..to the tune of 5 Million quid ! I would truly listen to an independent #whistleblower #Scientist #Doctor who have been gagged ! Not this Corrupt pair !,pharma 
218,1442178895915241473t,my fully vaccinated mum has got covid symptoms for the third time she never had covid before she had az vaccine why is this happening @sajidjavid @BorisJohnson @maggie_erewash find a vaccine that works on the delta variant or lockdown had enough of this @Keir_Starmer #Covid19UK,ineffective 
219,1437219494854897668t,String of Deaths of Young People After Pfizer COVID-19 Vaccine Spook Families But Government Assures No Real Risk https://t.co/pgmwmq7p7K #Adverse #Events #COVID-19 #Deaths #Korea #Safety #Vaccine https://t.co/hapIEyyUSq,side-effect 
220,1364219883060219923t,I’m not an anti vaxxer or a murderer and I certainly do care about others. I just don’t want this vaccine for my own reasons. It literally doesn’t stop transmission. My chances of dying of covid are super low. This is ridiculous. Someone get me off this planet.  #VaccinePassports,ineffective 
221,1291085131487354881t,"@Orangeman1992 @JosephRamelli @BARDA @NIH @POTUS but behold, miraculous Moderna already has a price for their ""vaccine""🤭🤭🤭🤭not even approved but price is fixed. Arrogance pure, makes me vomiting",pharma 
222,1368792899509489665t,The last thing i want to do in this life is get a covid-19 vaccine!,none 
223,1377356538747047939t,love not being vaccinated yet💉🤣💉 this family went to disney world for spring break btw https://t.co/57y3WmE53h,none 
224,1265392945546629120t,@BeachMilk @ConspiracyWATCH Gates is a pusher of covid -19 vaccine’s so he can kill off as many people ass possible,side-effect 
225,1355268591977984000t,The vaccine process was designed to fast to be effective & they medical clowns are just making up excuses to cover their rear ends in the hopes of not getting sued for the problems these vaccines are causing people. No one should be exposed to these kinds of problems by vaccines.,side-effect ineffective 
226,1335391270798323713t,"@o_rips @lifebiomedguru What an asshole! 21% had “serious adverse events”? Sounds bad until you realize he’s considering headaches, soreness, and fatigue as “serious”. One person died in the Moderna trial...from the placebo group...from COVID. How about fact check before spreading this BS @o_rips",side-effect 
227,1285389610563047426t,Or are they preparing you for the infertility that the Covid vaccine will cause? Who wants to volunteer???,side-effect 
228,1336230214821666817t,@inthesmoke Excatly this is the point. Pfizer does not know all the side effects because not long term data available as for other vaccine. When you buy paracetamol there is a side effect list available for  https://t.co/rYyc2qOnRi it the same when you get this vaccine?Simple.,side-effect 
229,1376733792220680193t,Vaccine would be against my religion Which is the 91st psalm is the best protection there is,ineffective 
230,1365338070330052609t,Why are we wasting money on a vaccine Only 62% effective? The others are 92-96%. Appears Trudeau does not care how much protected we are. Another pathetic job!,ineffective 
231,1334057928236654593t,@DHSCgovuk @MHRAgovuk @pfizer @BioNTech_Group Long term effects are what please? Have they even been tested?,side-effect 
232,1255302370818473985t,@HRC @PPHRtweets while uk people are at home people under smokescreen of corona virus and lockdown uk corrupt gov changed the 1984 control of disease act meaning it takes away peoples rights can force them to have a vaccine even take away their property this is tyranny https://t.co/5KLReIsz3Z,mandatory 
233,1336262857260929024t,"Check out Pfizer's wonderful record of service to humanity. Oh, and it's $BILLIONS paid out in fines for malpractice and malfeasance. https://t.co/AmKnqn2YA2",pharma 
234,1330857437054775298t,@MattHancock @UniofOxford @AstraZeneca Why would anyone Young & Healthy take this Vaccine at all? For a disease with little/No impact on 99.04% ~ This vaccine is for the Sick & the Vulnerable so the Young & Healthy can get on with their lives. ~ Lockdowns are killing more people Austerity will kill more!,unnecessary side-effect 
235,1322710762964492288t,"Dr Mike Yeadon Former CSO & VP Allergy Respiratory Research Pfizer Globa... https://t.co/ZmAHMWJbP4 No excess deaths, stop mass PCR and this will end in 3 weeks. Almost have heard immunity, healthy people heal, don’t need V@x! Illegal in international law to make mandatory!",mandatory side-effect 
236,1377374320662519809t,@ramseyboltin @TaylO_orr But if the government won’t approve their own vaccine they’re pushing what does that say?,political 
237,1338850529410048000t,@LaymansScience @Rob162816 @DrTomFrieden Thats just idiotic. How does herd immunity apply when Pfizer own CEO says the virus can still be transmitted to people even after being vaccinated?,ineffective 
238,1254850897487622145t,@Brian_Pilgrim40 @JonasPerez001 @SeanTrende If they are saying that antibodies wont stop you from getting it again why would a vaccine solve that issue?? The point of a vaccine is to create an immune response that produces antibodies... do you see the contradiction here. We cant wait for a vaccine. #ReopenAmerica,none
239,1349847990396215296t,"@Jgcb11 Namaste, the unroll you asked for: PFIZER vaccine. When there is risk, there should always be a choice, with no coercion 👊 FROM THE CDC; 3,150 people… https://t.co/DPq0HwfOa5 Have a good day. 🤖",unnecessary mandatory 
240,1339311167978811394t,@JamesMartinSJ Pfizer has been given legal protection if anything goes wrong with the vaccine so why would they fight for that if they were so sure that it does what they say it does people see through it and will not be taking it and I don't think MSM realizes that,pharma 
241,1361468664831086593t,"@Brettoshank He'll get a pretend injection, this so called vaccine is not a vaccine, it fails to meet the criteria, to get injected with this experiMENTAL ""vaccine"", it causes your cells to produce the corona protein for your entire life so your immune system attacks your cells.",rushed side-effect 
242,1354234857384271872t,@DaisyAdeleleo The VDL (Vaccine Defense League) are out in full force 🙄 They dont give 2 fucks about anything else people might be suffering 🙄🙄🙄🙄🙄🙄🙄🙄,mandatory 
243,1326597228069330951t,@JuliaHB1 Boris Johnson has said today the vaccine will not stop Lockdowns. It was never about a virus Julia. That does not exist. That was the false flag.,ineffective 
244,1339076227919908866t,"@JoshuaHosler Never had the the flu vaccine Reports are that if you get the Covid vaccine you have to be tracked. If these reports are true, my answer is heck no",none
245,1337526914781679616t,"If this is what Pfizer call ""being honest & open"", I cant see *any* country giving a license to sell this vaccine, & its becoming apparent why they were so insistent on getting liability indemnity before producing it... It doesnt need to be like this. Publish the *full data*.",pharma 
246,1398045424980840449t,Family of BBC presenter say she died of blood clot after AstraZeneca vaccine https://t.co/wywvPtIEL3,side-effect 
247,1398262048954388486t,@AstraZeneca @MHRAgovuk my mum is getting pains in her head three months from the first vaccine she is not going to have the second one what is wrong with it why are you not looking to do something about blood clots @MattHancock @nadhimzahawi,side-effect 
248,1350518313298833413t,"@Barnesy62 @MarkLong06 @SwainITV @piersmorgan @susannareid100 Difficult choice, endorsing the vaccine by taking it, or pretending the queue system applies to you.? Didn’t the Oxford team test it on themselves? 🤣 Lol I know they were some of the first to have it.",rushed 
249,1339660282679930880t,"Pfizer CEO and even world leaders aren't taking the vaccine but they are busy urging their people to take it. If you know, you know.",none 
250,1377277282608369669t,"@TheView funny that Sunny blocked me🤣. She is a hate spreader, liar, coward. Uses platform but cannot allow others to comment. Stop calling we who don’t want vaccine Trumpers. YOU r the reason for discord amongst us.",political 
251,1386741145401577472t,@mcfunny @sallytca @CameronTheile @HeyImMaggy People have died from the blood clots after they got the Johnson & Johnson vaccine.,side-effect 
252,1341314899671072768t,@LILITHmad @Corinacakes Pfizer et tu? This is why I'm sceptical about vaccines for covid-19 being rolled out so quickly when they don't have one for Sars or Mers yet,rushed 
253,1339591440200962051t,"@Title18S241USC I think the vaccine done like that would be just saline. They know it's bad. Moderna is better, but still not ok. 60 to 80 percent will be sterile. The time target for that is sterilize people for 3 generations. So, who will have babies so the elite can make adrenalchrome?",side-effect 
254,1412141571236106241t,AstraZeneca vaccine #AstraZenaca 04/01/21 -23/06/21 Nervous system disorders 163821 - 165 fatal https://t.co/PJcIfKx78b,side-effect 
255,1454660130708987905t,"And yet Indian “ vaccine experts” endorse mass vaccination of children by Covaxin , even before the vaccine is given EUA by the WHO. Fatality in children about 2 per million!!! FDA approves vaccination of 5 years old and above with the skimpiest of research.",rushed 
256,1311002177545089029t,Please sign this to stop them from using sharks to make the #COVID19 Vaccine!! https://t.co/SYi5ictDza #covid #sharks @SharkAllies #savetheplanet #SaveTheWorld #savesharks #sharkweek,none
257,1377943845128790020t,"@JamesMelville There is no scientific conclusive evidence that being vaccinated will prevent contagion. At best the evidence is that the vaccine prevents the inoculated from being badly affected were they to get Covid-19.Thus, why am I being forced to take the vaccine to have a vaccine passort?",ineffective 
258,1339495360859934720t,"@yannyiakky For the Pfizer vax, the literature insert that comes in the box; under section 4.6 says it hasn't been tested for fertility. Kind of a glaring omission if you want to have kids one day.",side-effect 
259,1330767618421166080t,"Would pharm co's have even bothered w/ a vaccine for COVID, given the FACT that the VAST MAJORITY of ppl experience mild to moderate symptoms & recover, if they had not received BILLIONS of $ in incentives & guaranteed HUGE profits through coerced vaccination of BILLIONS of ppl?",pharma 
260,1348404298330238979t,"@R_Good_Fellow @EKatholik @KOMBUCHABABY The COVID vaccine is mass euthanasia. Even if you feel no effects days, weeks , months after vaccine, it is at work destroying your body at the level DNA where it may takes years for some ""rare"" disease or cancer to surface. Think about this when you are bedridden and in pain.",side-effect 
261,1338108875870965761t," https://t.co/XeE3r7siVX the number of deaths around the world that are being attributed to the Wuhan coronavirus (COVID-19) pales in comparison to the number of people who will be injured or killed by Wuhan coronavirus (COVID-19) vaccines, based on Gates’ own admission.",side-effect 
262,1413717082299117568t,"Pfizer needs to take it easy with trying to push for a 3rd vaccine, So many misleading studies out there right now regarding the effectiveness of the 2 doses, especially with the variants. Let's hope that profits aren't behind this rationale for a 3rd jab so soon. 💉🧐💉 https://t.co/Kaxm3AjnaE",pharma 
263,1317095735851126784t,"@rvh15374957 @Real___Eric @AlbertBourla @ScottGottliebMD @pfizer So we're talking about protection of disease not infection...great... I'm wondering about efficacy, I mean participants are supposed to wear masks etc after getting the vaccine....omg",ineffective 
264,1258746842315186178t,"COVID 19 mortality Stats have been hammered into our heads 24/7 by MSM Every day they report hard ""facts"" to justify our imprisonment to prove living in abject fear is the only sensible reaction and only the most expensive vaccine ever devised can possibly save us Please Wake Up",unnecessary side-effect 
265,1341394349066776578t,"Russian Roulette Medicine Will the pharmaceutical drugs/vaccines cause serious disease? Will they kill me? Patients are playing the game every day, without realising https://t.co/djQUT0bhcc",side-effect 
266,1411655390543052805t,"@Carla_SHA_2 @JanetCeciliaHil @billbowtell Yes, the Astra Zeneca vaccine has been a massive fail, the world over. In the UK, it has been a disaster. 500 million doses worldwide & so many regrets. All of them, liberal shills.",political 
267,1358770347814838277t,"@SteveBakerHW Another Gates Vaccine Bites the Dust—Sick Monkeys Everywhere! https://t.co/SCa5pobBuY Oxford Vaccine Group, Andrew Pollard & AstraZeneca are corrupt con artists OVG / #Astrazeneca ""vaccine"" demonstrated ZERO efficacy in animal trials, so they went right ahead with human trials!!",rushed 
268,1429875835251609601t,"Pfizer approved a shot that does not prevent one from contracting Covid or transmitting it to others. First vaccine approved in U.S. containing PEGs. It has caused anaphylaxis, myocarditis, blood clots, and even death in some. Stop settling U.S. and find a real vaccine.",side-effect 
269,1363982033131876353t,"@geoff19542 @John39595166 @judysimpson222 @KieranAH @FrontineF There is no proof that it does. Using the govt logic of assuming the worse, that we have the virus, we must also use worst case scenario and assume that the vaccine doesnt stop transmiddion or infectionunti proven that it does, or does that logic change if it does not conform?",ineffective 
270,1293718081135575045t,"Philanthropist aka eugenicist Bully Gates' Moderna in full swing, seems he now controls the big land in the west. World War III does not look like other wars we can associate with... Sad to say, but we must admit that it has started .. https://t.co/D5wnGbLVCQ",pharma conspiracy 
271,1367938721463599115t,"@MattHancock Interesting that the 3 countries where the variants are coming from are the exact 3 countries where AstraZeneca conducted its trials - UK, South Africa, Brazil. Is there some vaccine-derived covid going round? Vaccine-derived polio is now more widespread than the wild version..",none
272,1326239827013066755t,@jemccudden Yup and I have no problem with that- makes sense. Was just saying it will also be for sale as well - big pharma like Pfizer will make money with this.,pharma 
273,1397824120104968192t,"@SemiautomatixZA @VeronicaTODARO2 @marquelawyers They are using just over half Sinopharm, the rest AZ. Sinopharm does have lower efficacy. The 30% of cases in vaccinated people makes sense. 20% hospitalisation vaxxed is very concerning. May not reach herd immunity with these vaccines",ineffective 
274,1308805578609885184t,BUT WE REALLY DO NOT UNDERSTAND THE DISEASE...WE ARE STILL STUDYING IT BUT WE HAVE A VACCINE.... FROM MODERNA??? WHO IS MAKING THE MONEY?,ineffective 
275,1415804206817087491t,"Google Seeks Vaccine-Related Infertility Rising 34,900% As Doctor + Former Pfizer Executive Got the Rumor https://t.co/bwok0rLElZ",side-effect 
276,1340106149832531969t,@ReportsDaNews Thank you for confirming that. Earlier I tweeted that nobody should go near the Moderna one b/c Trump & Jared used that company to make money off of the pandemic & even though FDA approved I don't trust it! #TrumpWho,political 
277,1377161226589888512t,@ItallNoah @SaintEd61 5000 dead in the States from post vaccination complications including blood clotting in under 50s - the demographic who would be extremely unlikely to ever die from Covid???? I know where the risk actually lies,side-effect 
278,1332425711542362112t,"Former #Pfizer Science Officer VP Reveals Great #COVID19 Scam These are the Scientists/immunologists professionals THE WORLD should be listening too. NOT #FAUCI, #WHO #GATES and the GLOBAL AGENDA #NewWorldOrder #GreatReset advocates! @POTUS @VP https://t.co/6Wu6P4aZ8b",pharma conspiracy 
279,1371181661384110082t,@ChristopherHahn @ReallyAmerican1 Where is tracing. Only country not doing that. Trace tshirt mask wearers. Finally by getting covid or a vaccine and according to their own reports like Pfizer the max antibody time frame is 8 months. Then what? There is no permanent immunity to a virus! Or you’d have one cold!,ineffective 
280,1345742055922872322t,@donkamion78 Anyone who dies post-vaccine would definitely be picked up as a serious AE by the authorities and you can be sure the sponsor (Pfizer) is all over their medical histories,side-effect 
281,1334065034645925888t,"@JEPnews There will not be a rush to take up this warp speed vaccine. Pfizer cannot be trusted, they manipulated the data on Zoloft and people are still dying.",rushed 
282,1326601842697113600t,"@tesssummers98 Sorry… Forgot to add govt expecting Deluge of adverse reactions to the vaccine, so seeking software companies to tender.Funny as Bozo Johnson failed to mention this in this weeks briefing,stating there were no reasons not to have the vaccine. Wanker. RT! https://t.co/Klc1Pcp4YP https://t.co/Inpb2IHqsU",side-effect 
283,1343042300398735362t,"@jakersmom20031 @RealCandaceO And I will take #HCQ No need for vaccines Treatment with Hydroxychloroquine Cut Death Rate Significantly in COVID-19 Patients, Henry Ford Health System Study Shows https://t.co/06ZIFrsHyl https://t.co/COBZZ5PKHb",side-effect 
284,1355878275369881600t,@SkyNews It's not a vaccine.. it's a flu jab.. covid is with us forever.. the same as the ever changing covid jab.. they're not telling you all the depressing facts for obvious reasons.. social distancing should ease by 2023 #CovidVaccine #COVID19,ineffective 
285,1352927969992445952t,"@sundeepparija Come on Lt Col Parija, show some of that fauji mettle. Engage with the points I've made rather than sharing this adulatory post.  1. This is a face saver for a pathetic foreign policy till now.  2. India's vaccine strategy like that of China and Russia. Covaxin is unproven.",political 
286,1187497499709231104t,"@JamesrossrJames Nah ... I've gotten 2 flu-shots; both times it worked, I got the flu!  But that said, I'll trust Herd Immunity over vaccination ... something about that Tuskegee Experiment memory.",ineffective 
287,1255884027749416962t,@JustinTrudeau @fordnation Keeping us safe? Is that all you know how to say https://t.co/8FUjg9se9o he's not here to serve the people he's here to boil us slowly like frogs under Rockefellers lockstep agenda bolshivism while he serves corporate interests like the id2020 microchip vaccine certificate,pharma 
288,1325933288293355521t,"@pfizer @BioNTech_Group If you are going to lie you should at least Get rid of all the evidence. Shameful. Me, my family of my friends will not be taking your vaccine. https://t.co/c0rOgp7Znc",none 
289,1328088523753320448t,"@ZaidJilani If the Covid vaccine is as effective as Pfizer claims, it should eliminate Covid as it’s MMR vaccine is only 88% effective and it has eliminated those diseases save for an occasional case. Humans aren’t going to social distance if a disease is gone: it’s ridiculous.",ineffective 
290,1332633889806843904t,Remember that there are huge links between AstraZeneca and people who used to work deep within the Liberal Party in Australia - so are we seeing the wrong vaccine being backed for political reasons over medical reasons? https://t.co/wE7cUiYecP,political 
291,1407464770446532616t,COVID-19 Vaccine Linked to Another Rare Blood Disease: Israeli Study https://t.co/wXnqFGlHDB Why isn't Pfizer thrown out? Muny is the only reason. The best is J & J but that they push back at every turn.,side-effect 
292,1293916322288431107t,"@catinthecradle @SueScoby I’m not anti vax, but I’m definitely not going to be taking one of the 100 Million doses the US just purchased from Moderna (or ANY vaccine rushed to market before Nov): https://t.co/4TWVKy4FAE",pharma rushed 
293,1292073866240507904t,@FireQuinito Then why are the Oxford vaccine being produced already even before the results of the phase 3 where there is no data of it.,rushed 
294,1342864851027320833t,"@historiclypod LOL, I did not know that Bill Gates is a doctor either. 😂 Should we believe him that vaccine with alleged 90% success rate in curing covid-19 (which has not been even tested because, under the pretext of urgency, it was made within a few months and placed on the market) 👇 https://t.co/5mf0JBItOy",rushed ineffective 
295,1334055846880415745t,"@ZoeWatsonArtist @frederickone @uncleporkie @bruce_bwkm @AndrewBowie_MP You STILL haven't answered the key question! What about ADE? BTW, the IFR for Covid-19 is 0.15-0.2% - analogous to influenza. Why the need for any vaccine?",unnecessary 
296,1342148013498662913t,"@RobinLe86317149 @vanster11 Long term effects of the vaccine. I know what covid long term effects are. Including and not limited to brain damage, circulatory dysfunction, ptsd, irreversible lung damage. what are the long term effects of the vaccine? That you are gunne demand I take without an answer?",side-effect 
297,1336350159509188608t,"@mz9bzero @ABC7 A vaccine is meant to prevent people from getting a disease. Once they've already contracted it, it will do no good whatsoever. HOWEVER this doesn't take into account the length of postinfxn immunity, so people who have had COVID before may still need the vaccine down the line.",ineffective 
298,1330284349611237383t,Let the mass defiance begin this has nothing to do with covid and all to do with money and forcing a vaccine on the population this corruption of our democracy must end     https://t.co/06KvJ2yCcl,mandatory 
299,1384515279942676486t,"#LATEST European regulator finds ""possible link"" between Johnson & Johnson's vaccine and very rare blood clots, AP reports https://t.co/oVR9mY88Gv",side-effect 
300,1397687455369805827t,"Use Common Sense: If you had COVID-19, you do not need any of the currently marketed COVID vaccines! Not even the Russian “Sputnik V” vaccine will help you.",none
301,1334779326722666496t,@lfcgaz1961 @welshgoldigger @MyArrse Google Prof Mike Yeadon or Prof Carl Heneghan for your answers. You’re right it does take 10 yrs average to develop a vaccine!!! So even more worrisome that Pfizer are seeking not to be held liable if there are adverse reactions.,side-effect 
302,1399342989550436356t,"@jacottrell51 @drscottjensen Or really, really ignorant. Take a look at what was dropped this past week regarding S1 in serum, coagulopathy, thromboemboli, and now Astra Zeneca's human protein contamination in its vector based vaccine. What a disaster!",ingredients side-effect 
303,1351866591634403331t,Germany Probes 10 Deaths Linked to Pfizer mRNA Vaccine as Several Countries See Elderly Vaccine Dea... https://t.co/6uvPNFheEj,side-effect 
304,1375910112896909318t,@errjustsaying Well open your eyes love and #WakeUp your m8 d. The Government post the results of serious reactions and death from the vaccine update on a weekly basis on their website Here is the AstraZeneca list of reactions. https://t.co/nHmtvOd8bx,side-effect 
305,1335642684162248705t,"@SpookdBlog @JamesMcGarvie2 I watched a video from a nurse the Moderna vaccine has ai, its designed to change dna or alter Like GMO they are trying to change us to transhuman",side-effect 
306,1336655934500769793t,"This why I don’t fuck with #FluShot anymore , got very sick 3 different times! UK regulator warns that people with 'significant' allergies should not receive Pfizer/BioNTech vaccine https://t.co/OS7JRasPrQ",side-effect 
307,1260631560572657664t,@JustinTrudeau #Canada I know its fox...although if there's even an inkling of Truth why the hell are we inviting the Chinese military into our country to test a vaccine for covid-19? https://t.co/W3YVdUqBJ3,country 
308,1355979524450758661t,"329 Deaths + 9,516 Other Injuries Reported Following COVID Vaccine, Latest CDC Data Show • Children's Health Defense https://t.co/oo6jbrdw6q",side-effect 
309,1374306243066662912t,"This from January 2021: ""The safety and efficacy of COVID-19 Vaccine AstraZeneca in children and adolescents (less than 18 years of age) have not yet been established. No data are available."" And yet some are calling for children to be vaccinated!! https://t.co/un5PWGuXR4",rushed 
310,1372109122120912898t,@naninakwal I'm furious how the vaccine narrative has been sold to the masses on their high horses about covid passports. EVERYONE CAN STILL CATCH COVID. EVERYONE CAN STILL TRANSMIT COVID. ONLY DIFFERENCE IS VACCINATED PEOPLE SUFFER LESS WITH SYMPTOMS. LEARN THIS!!! It's all lies.,ineffective 
311,1369746846822830081t,"...get Covid from the vaccine think??  My mom is diabetic, and Covid is supposed to be worse on diabetics.  I said last week maybe Covid from the shot.  Today I'm feeling lousy.  Maybe caught off her??  I think he should've done another Covid test today.",side-effect 
312,1328405009420218369t,"@TheEconomist This is what you call journalism? Did you know that Moderna had ""tested their so-called ""vaccine"" on ... 60 peoples? 30 with placebo and 30 with a vaccine version? How a decent company can say that their s""success rate"" is 95% because they had ... 6 people with ""problems?",unnecessary ineffective 
313,1255141279609970690t,"@JaksMimi 🗣 Indeed, the abyss.... 🚨All roads lead to the mad doctor, Mr. Fauci, who sits on the Leadership Council of Bill Gates’s Global Vaccine Action Plan. Fauci is among the cadre of world health leaders who helped Gates lauched his “Decade of Vaccines Collaboration.”🚨wickedness 🚨",pharma political 
314,1352718994424229888t,@aristidexo haha this is why I have absolutely 0 faith that I'll be vaccinated this year,none
315,1332783531320340484t,@JaroGiesbrecht @charlesadler @kinsellawarren The are also going to approve the AstraZeneca vaccine even though it's still being tested for efficacy. Thanks I'll wait even though I'm in my 80's and immune compromised. I want to know whatever I'm taking is safe and effective,ineffective 
316,1301463465022885888t,"EXCELLENT thread on a potential Covid vaccine. I will get a flu shot, but NOT a rushed vaccine from a such an irresponsible administration who has politicised the CDC and the vaccine.",rushed 
317,1255663483405860865t,@TheTKLJJK @Vikeologist @svensundgaard Well we all get sick every year. Flu/cold whatever. So I’ll take my chances with what God gave me before I take a vaccine funded by Bill Gates,pharma 
318,1376804396584079361t,"“There is substantial uncertainty about the benefit of providing #AstraZeneca COVID-19 vaccines to adults under 55 given the potential risks,” said Dr. Shelley Deeks, vice-chair of the National Advisory Committee on ImmuniSation https://t.co/jNdiji7wQy",unnecessary side-effect 
319,1341945597801111552t,"@pcrclaims Nightingales reserved for theatre of war. AI will hide side-effects/vaccine injuries (cv vax). But many cld collapse public (narcolepsy/spinal paralysis=side-effects).Wld be declared 'covid', prison in nightingales. MSM lies, public 👋 lies. Showers w/o water",side-effect 
320,1355681974132862976t,@kylegriffin1 Why were they just not arrested and the vaccine carries on. What in the world happened to accountability in this country?,none
321,1365065151330795523t,@WayneAnthonycox @piersmorgan And good job nobody gives a fuck if you get the vaccine 👍🏻,pharma 
322,1364603881645301761t,@LeaveCrosscheck @angie_rasmussen No. Logically no difference then a person who been naturally infected being given any vaccine provided the gap is not too short. But we don't know if a single dose of Pfizer after J&J is as good as two doses of Pfizer.,ineffective 
323,1265565493827698688t,"UK wake up now! We are just #human stock to #cabal #elites #tories We are treated like sheep with an evil shepherd. Say no to #SocialDistancing #masks #vaccines It is time to protest & rise in large numbers. We unite, we are strong. #WednesdayVibes #Covid_19 #COVIDIOTS are right!",political 
324,1352943566709018626t,"@SedAngeli @TheBMA @CNagpaul No data exists to prove 1st dose post 6 wks = beneficial. This is Pfizer, WHO & Faucci’s conclusion. 2nd dose delay = dangerous policy not science. In Israel, vaccinated population data efficacy after 1st dose low 30%. Initial data but supports Pfizer/WHO conclusion.",rushed ineffective 
325,1293302532110942208t,"@Lisaismyname89 @TheTwatPolice @warren00761692 Let's put it this way, there is no way I'll be taking the Russian vaccine! Interestingly though, I've read elsewhere that there is plenty of evidence that we have already reached herd immunity. But those obsessed with the precautionary principle don't wish to know.",none
326,1368841809573609472t,Austria suspends AstraZeneca/Oxford vaccine after death. https://t.co/EHngRc5pXr via @GoogleNews,side-effect 
327,1325938767404789760t,".@Pfizer is a criminal enterprise! They KNEW their vaccine was successful BEFORE the election, yet they chose to release the results AFTER the election!! This is ELECTION INTERFERENCE!!!",political 
328,1375505798416146435t,"68-Year-Old Woman Dies After Receiving COVID-19 Vaccine: Family A 68-year-old woman from Kansas died a day after having a reaction to a COVID-19 vaccine, according to family members. https://t.co/1sJyPqXXCA",side-effect 
329,1441800478300409869t,"@NovantHealth Danice Hertz, a 64-year-old physician who was “horribly ill” and “incapacitated” after getting Pfizer’s COVID vaccine, claims U.S. health agencies are ignoring thousands of adverse events.",side-effect 
330,1311931328045162497t,@SelfHarmNotts @JamesTodaroMD @NewMumOnline So what happens if you have anti bodies and immunity already surly a vaccine then becomes redundant are if they still insist then it isn't about covid immunisation but a means to introduce something far more sinister #IDoNotConsent,unnecessary 
331,1346499199228116992t,"Vaccine Death! Portugal Father Wants ANSWERS! Portuguese health worker, 41, dies two days after getting Pfizer jab https://t.co/CqXMrYM3Ah via @MailOnline",side-effect 
332,1401664635636432900t,"https://t.co/3MVXKM7Z9N I have chills, and fever.....side-effects from the Pfizer vaccine https://t.co/FXNyLzm4vv",side-effect 
333,1331596970876674049t,"Have you ever heard of the ""Trovan saga"" in Kano, 1996? Pfizer, the company that just developed COVID-19 vaccine unethically and illegally tested it's newly developed antibiotic, Trovan, on hundreds of children with meningitis which resulted in deaths.",side-effect 
334,1432021253230051336t,Japan detects more Moderna vaccine contamination - https://t.co/BCT8RGeOhO Credit: Unsplash/CC0 Public Domain Japan’s Okinawa region suspended the useNewsATW https://t.co/G8Jxj4L2oc,ingredients 
335,1360371094973083649t,"Search Results from the #VAERS Database 78 y.o. ♂️ Ohio #Pfizervaccine #vaccinedeaths ""Write-up: Vaccine was administered Thursday and my father Died early Monday morning unexpectedly"" https://t.co/YyeXLz01Bs",side-effect 
336,1327230889051389952t,If Pfizer Vaccine is a success then why did its CEO sell his holding/shares off? Is he not confident? Does he know something which we don’t? https://t.co/kBwgLGsoMz,pharma 
337,1376513243909341185t,I don't want a Vaccine Passport. I want a free independent Scotland one 🏴󠁧󠁢󠁳󠁣󠁴󠁿,mandatory 
338,1364227615876259843t,"@axios No autopsy reports are made public, no autopsy data is available at all, showing us that this vaccine was 'rushed' by the 'new kids on the block' namely : ""Moderna"" which shows that rushing a vaccine is highly dangerous to a population at large. The ADVERSE SIDE EFFECTS !!",rushed side-effect 
339,1308374858250690560t,"@jimcramer There is this country called Sweden. Look them up. Also much of Sun Belt stayed mostly open, far lower death rates than Northeast. Let virus burn out. Do you ever question Gottlieb for conflicts of interests being on board of Pfizer, pushing MRNA vax? Why r we listening to him?",none
340,1407726259455631363t,@LBCNews No thanks. If it’s propaganda no thanks. If it’s child vaccine no thanks because that is obscene but if he talks About all the people made ill by vaccines especially AstraZeneca then I will listen.,conspiracy 
341,1347230389203578883t,"EXCLUSIVE: Wife of 'perfectly healthy' Miami doctor, 56, who died of a blood disorder 16 days after getting Pfizer Covid-19 vaccine is certain it was triggered by the jab, as drug giant in... via https://t.co/N0f6OT42ZH https://t.co/qzxDkzSyXR",side-effect 
342,1345316509627932675t,@gymslip @MartynNash1 @MattHancock @BorisJohnson Rubbish. The only people that need to be Vaccinated if any is the older population. This Virus is not highly infectious either. That’s another myth. I know that for a fact. I won’t tell you how I know that now. I will tell you when this is all over. We are being lied to.,unnecessary 
343,1338654611410980864t,"The fucking CEO of Pfizer said out of his own mouth, ""I haven't taken the vaccine because I don't want to cut in line."" Nigga what???????",none 
344,1262227069225725952t,@l0lkika @LisaMcGov @CNN Let’s say the survival rate is 98% then. Are you gonna completely ignore how the death numbers are inflated due to the incentivization in the first place? How about how 39% of veterans who got the influenza vaccine in 2019 - tested positive for Covid? Hoax’d. https://t.co/38iM64EdLI,side-effect 
345,1321409351664492555t,"@anupsoans But we don't need it for a mortality rate of 0.049% and people have herd immunity. They found Immunity in 3 of 1st 5 volunteers. What they should have done is find out what% people have it, instead of vaccine. That's why Nationalisation. https://t.co/9IsDnX3smH",unnecessary 
346,1299297644645437441t,"@DavidJohnsonUK @StephenNolan this story is 5 months old, if they knew back then, why the whole charade? UK government has signed a deal for 250 million doses of a vaccine that's not even ready yet? https://t.co/qg9NRvcHBK",political rushed 
347,1325957950016528384t,Who are they kidding? A 90% figure based on JUST 94 people DO NOT TAKE THIS VACCINE!! #Pfizer,none
348,1293161896921706497t,"I trust Russia about as much as I trust the US which is to say that I don't trust them at all. If you want to go take your shot or end up in the gulag, comrade - then you do that. Would you trust a vaccine that Trump shows up with? Don't trust Putin either. #RussianVaccine",political country 
349,1292809665999302661t,"@DrTessaT ❤️ Nothing is more powerful than an idea whose time has come. Sweden defeated Covid by using natural medicine: Adaptive & Innate Immunity. Take vitamin C hourly, Sauna, zinc. Schools & jobs OPEN. Proving vaccines are unnecessary.",unnecessary 
350,1338300824653541376t,@drsimonegold @richardursomd @MMcDonaldMD @RX_forLiberty White Coat Team Physicians protesting against the worst humanitarian crimes & crisis due experimental and violation of section 7 by international crimes to business therapy vaccine for Covid with a 99.7% survival rate. God is the light. Keeping fighting until the true is reveal.,pharma 
351,1355072682446843908t,"Merck Stops COVID Vaccine: ""Studies Showed People Better Off Catching Virus And Recovering!"" - The True Reporter https://t.co/dDTTm3RaAc",ineffective 
352,1343790764292071424t,"#Coincidences #Black Rock is also the major holder of #MICROSOFT, the property of Bill Gates, who (by coincidence) is a shareholder of #Pfizer (selling the miracle vaccine) and who (by coincidence) is currently the first sponsor of #WHO. the way it works",pharma 
353,1396339683626414081t,@SimonChapman6 One calculus of risk vs benefit is vaccinating 5 million older people with AstraZeneca is likely to kill 5 people. People feel the government should be able to keep COVID deaths lower than that. (Eg claims of 99.9% effective quarantine when 1 in 100 cases in quarantine leaked),unnecessary 
354,1418210925157392386t,1/2 The newest Israeli data indicate ~complete vaccine failure on every level. Remember: Israel used only the pfizer mRNA shot and followed Pfizer dosing schedule. #NadhimZahawiLiar #NoVaccinePassport #ToryDictatorship https://t.co/xhEF8bUwpC,ineffective 
355,1374080274829545472t,"WE get a ‘covid' STICKER. 😷 What do you think the big, tough RUSSIANS🪆 receive as a reward for receiving their ‘covid’ vaccine? Wild water rafting? Skydiving? Rock-climbing lessons? No, an ICE LOLLY! 🤦‍♀️ https://t.co/ibQHbykMeq… https://t.co/UN0vNnjGZX",none
356,1400233456114671617t,This Ominous Warning From Moderna Could Shake Up the COVID Vaccine Market https://t.co/uw8fy2Duoq -- read this from the angle it needs to be understood from...a meeting with INVESTORS. Big Pharma made BILLIONS already. The gov't gives us no reason to believe anything they say!,pharma 
357,1311115379406778376t,@TheJessieWoo What comes with #Obama Care ?? FORCED #BillGates/#Moderna #vaccines DEFORMING #genome denounced by TOP French #doctors ?? Is it why President #Trump so adamant about ending this for WHATEVER BETTER ?? He knew about #virus ATTACK THREAT for US flesh access !! #PBS #BET #Debate2020 https://t.co/2UXAAzWxMq,mandatory 
358,1421753444738781186t,... also concerned about an upcoming 🇻🇳 alum-adjuvanted whole-inactivated virion vaccine. Covaxin should be OK as they use a better adjuvant. Although it can't be 💯 ruled out I think this is very low risk for mRNA/vector. We would have seen it by now. The best recent paper...,none
359,1338286744135819264t,Mfs finna start turning into zombies or sum takin that covid 19 vaccine,conspiracy 
360,1350585414151786496t,23 people die in Norway soon after taking the Pfizer Covid vaccine. Officials have issued a warning for the old and terminally ill to be cautious. https://t.co/9vrqFcXzFf,side-effect 
361,1310988789339357191t,@WendyPuerto @BorisJohnson @MattHancock.. today SAYS will 1. Protect our economy. lol 2. Until a vaccine arrives. This vaccine is pie in the sky. Experts say a vaccine in 2020 extremely unlikely. it wont protect the elderly because of flu vaccine dont. help that much. A covid vaccine same issue ● https://t.co/7zfyJGQFSC,unnecessary 
362,1339924654383894528t,@Mike_Pence @VP The Reason it is takes so long is because they normally do LONG TERM SAFETY TESTING ON A VARIETY OF VOLUNTEERS.THEY DID NOT TEST A WIDE VARIETY OF PEOPLE.N O N E HAD ALLERGIES ACCORDING TO THE FDA & PFIZER.THE FDA SAYS TO ONLY TAKE THE VACC WHERE THERE'S RESUSCITATION EQUIPMENT,side-effect 
363,1377926274199486466t,"@ang__johnson My ward managers mother since having the vaccine, with no underlying causes has bilateral PE and a femoral DVT- Doctors refusing to complete yellow card!",side-effect 
364,1375740363109961733t,"Nudging' people back into conformity could be achieved in a number of ways, like creating doubt about the vaccine's efficacy against novel variants so people take more care. But that risks undermining faith in the vaccines to begin with. Not easy.",ineffective 
365,1441160467464933379t,How many more thromboembolic events will it take for media to stop using “rare” as a qualifier for the #bloodclots forming after #Covidvaccine shots? “she suffered two clots on her lungs just 14 days after having the Moderna vaccine” https://t.co/HInu2j8dS8,side-effect 
366,1320766514040098816t,"@ManMadeMoon Exactly why I’m not taking the vaccine Trump wants to put out. Rushing a vaccine is only needed when the virus is extremely deadly, not when idiots refuse to follow simple rules for a few months and end up making the situation worse for everyone else.",unnecessary rushed 
367,1284933368577241088t,@ant__76 @thosejays @CP24 And you dont know the lasting side effects of a vaccine rushed to market..some people covid effects some it doesnt.. with a vaccine no one knows ....,rushed side-effect 
368,1330828404913016833t,@BallouxFrancois If scientists understood the etiology of Covid 19 we would know who besides the old  & sick are really vulnerable. Most  people don’t need vaccine at all.,unnecessary 
369,1329805961461067779t,@joshtpm I don't think asshole is a good name for a vaccine.,none 
370,1353770204937949184t,@MsCrisis @Kae_Jay What I suspect: those given booster later than 21 days will have less vaccine efficacy and need a 3rd shot. But first people are going to get overconfident and sick. Then people will say the vaccine doesn't work. Meanwhile Pfizer profits and blames AB for any issues with vaccine,none
371,1309240183343075328t,Sweden did what people have done for all of human history. Also 2008 pandemic w equally dire predictions & disastrous vaccine failure & life went on. Every bit of COVID panic & policy is about political power. If lives mattered we'd have #MedicareForAll https://t.co/31U7UEmUFS,political 
372,1252299523432595459t,@PaulSan56345114 @RealCandaceO There are no studies on efficacy and if you look at today’s examples of infection those who have vaccines acquire it at a higher rate than those who don’t so please sit down. troll you sit there waiting for anti corona lockdown post with your wanna be religious science arguments,ineffective 
373,1347976418274193413t,"@MERICA_HK Pfizer does business Directly with Wuhan Institute of Virology, the lab that created Covid-19, so they had the live Virus and Created the Cure!!!👍💐🤠",rushed 
374,1341011228655808514t,"Media Blackout: #Moderna’s FDA Report Lists 13 Deaths in Vaccine Trials - 6 in Vaccine Group, 7 in Placebo Brand New Report: #ActivistPost https://t.co/PXhXHtYa54",side-effect 
375,1251244613689585665t,"Overall, pushing for a vaccine for an unknown virus CoVid19, is very similar to the HIV/AIDS drugs/vaccine trials. FDR caused more unnecessary deaths than HIV/AIDS. Fauci, Birx & Redfield are the very people in charge of finding a vaccine for CoVid 19, after reading the thread...",unnecessary 
376,1327864697886887936t,"But a vaccine is gonna save them all apparently. America is too far gone. Covid only ends in the US when the morons all get it, people getting vaccines are going to be such a low % there's no chance it just ends once a vaccine is available.",none
377,1353812373056925697t,"Even I'm surprised at hearing that AZN #oxfordvaccine only 8% effective in >65 year-olds (prob 0% after 3 months). If true, how devastating the false security of those vaccinated w/ this #covidvaccine might turn out to be....",ineffective 
378,1383828153269854211t,"Canada records second case of rare blood clot after AstraZeneca shot - https://t.co/JwDkIMBZDl Canadian health authorities said Saturday the country has recorded a second case of rare but serious blood clotting linked to AstraZeneca’s COVID-19 vaccine, but still recommend th...",side-effect 
379,1312017133396779063t,"@dankojones The russian vaccine that causes you to sprout man boobs, an orange complexion, and bad hair? Oh wait.... https://t.co/tJBQduV0BN",none
380,1380476137290280961t,82 Year old woman dies a couple of hours after receiving Pfizer covid jab. https://t.co/UTTT5cqiXj,side-effect 
381,1374769298107863041t,"Bcuz President Biden can't get more than 13% 2B vaxxed they are quietly telling employers to mandate vaxxing or be shut down. Hitler called this process ""PRIVATIZATION"". @trumpgenius2 @POTUS @POTUS45 @55elkhunter https://t.co/zqxwlP8kWH",mandatory 
382,1374893483379539968t,@SamCoatesSky It should be neither vaccine or negative test proof @BorisJohnson as asking for either is health totalitarianism turning the UK into an unwarranted bio security surveillance state. Vaccination doesn’t prevent transmission and tests don’t really check for SARS-CoV-2 infectiousness,ineffective 
383,1353421203457753089t,@BorisJohnson *partially* vaccinated With no info on when the second dose is. Which is only good for one thing - creating a vaccine evasive virus.,side-effect 
384,1253423058469048322t,"@rising_serpent His credentials are just as you’d expect: pushing flu vaccine, affiliates with the WHO, Obama appointee. PhD, by the way, not MD. https://t.co/MsQw2MYg8P",political 
385,1334992407813906440t,"@corrigan_enda @Allycon3 @FergalBowers @rtenews At this point they don't know if the vaccine will stop someone passing it on, I believe its to lessen the bad effects of Covid. It may not even stop you getting it! So what's the point of getting it if your healthy? None whatsoever!",side-effect ineffective 
386,1331348467436818433t,Isn't poisoning one of the main ways Russia destroys dissidents.  Don't think I'll take any Russian vaccine.,country 
387,1432348843434258435t,"""New Zealand woman dies after... 👉receiving Pfizer vaccine. An independent vaccine safety monitoring board said the woman's death was 'probably' due to... 👉myocarditis, an inflammation of the heart muscle."" https://t.co/gKZEo78ZMY",side-effect 
388,1308890990950912003t,@DontDenyThe Unfortunately #Moderna #BillGates' #COVID19 vaccine manufacturer is seeking exactly the same immunity from liability in the event of catastrophic side effects.,side-effect 
389,1228085814724354049t,"@shannonrosa Hard pass on poorly tested biologics, all manufactured by felonious companies who have been caught and charged for hiding damaging data that resulted in thousands upon thousands of of deaths and untold injuries. Merck, Sanofi, Pfizer and GSK are all felonious companies.",pharma side-effect 
390,1331169953123340288t,The national anthem for everyone taking the covid vaccine. we both know it’s basically gene splicing. 🐢 https://t.co/pw4z0NiCYa,conspiracy ingredients 
391,1409108513444429833t,@STForeignDesk @straits_times Pfizer - the rubbish vaccine. Greatest for the rubbish bin.,pharma 
392,1363175558369148934t,I am a survey. Survive of Covid-19. I have not got coronavirus as of yet... Plus I have not had my vaccine. The wonders of the world are at my feet. What a fantastic world. The wonders of life. Everyone live. This is life as we know it. When will it end. When will it begin https://t.co/skAsLTalOT,side-effect 
393,1287136021591752709t,@Vaccinologist @ThomasBreuer_MD It's easy! Just publish the covid vaccine developers own data about testing their own new vaccines. That ought to dispel all doubt.  https://t.co/IYmapmf7Nt,rushed 
394,1413702414763368452t,@SusannaMarinaP Australia has usual incidence of Guillain-Barré Syndrome (#GBS) estimated at 340 per year with a similar amount of prevalence. Post-vaccination GBS has been widely reported for other vaccines. UK has reported 332 GBS cases after #AstraZeneca https://t.co/SThRm2gQyp,side-effect 
395,1339942611696705536t,"Moderna is a Bill Gates funded ""baby"" and recalling his statements of reducing the world's population by 10-15%- it maybe best to avoid this killer.",unnecessary conspiracy 
396,1355957503922761734t,@DaisyAdeleleo @QuestionAwaken https://t.co/jeOa7ALaRy how about some vaccine horror stories to put ppl off.,none
397,1352519599653347330t,"Because the vaccine for polio came out some years after polio first started. And yes we have “modern tech” but bruh, the covid vaccine came out months after covid first appeared with little to no trials and we’re STILL seeing covid. So please, let the questions come.",rushed 
398,1314271481963175936t,"Only reason I'm not getting a flu shot this year is because I'm on strict isolation already due to covid, and vaccines can stir up my immune system and cause a flare. So if I can get away with not getting one this season, I'm gonna. No point in getting it if I can't go out.",unnecessary 
399,1287903230039556102t,WORKS FOR SURE THEN ... when was the last time their data science was right /\/spinning until NOV... VACCINE THAT WILL ALTER MANKIND COMING thru DNA change,side-effect 
400,1374328684111364097t,"There's been a strain of common thinking during covid. Here @alain_berset shows it: he speaks as though a priority group will ever be 100% vaccinated. For a lot of reasons, that just won't be the case. Read: a plan that depends on that will definitely fail.",unnecessary ineffective 
401,1447953362079531009t,"#CovaxinForKids | Where is the WHO approval? The vaccine hasn't been approved for adults and our government is approving it for kids?: Abhishek Sudhir, Advocate & Political Analyst https://t.co/NWgtMkjnrK https://t.co/guz25xjRjF",political 
402,1304134850912247808t,"""Serious adverse event"" in AstraZeneca's COVID-19 vaccine trial revealed as spinal inflammation disorder caused by toxic adjuvants - https://t.co/8ttiFOGmOI https://t.co/aFYidbKHsv",side-effect 
403,1301067047649112064t,"@shinelamont @TechDaddy @cnnbrk Because it’s dumb as rocks. So you’ve bought the Oxford vaccine. You vaccinate all your people. The virus is still out there ready to re enter the US when the vaccine loses effectiveness, ready to mutate so the vaccine doesn’t work. The vaccine needs to hammer this virus quick",ineffective 
404,1389939504606236672t,"CHECK THIS OUT 😳 Fact checkers on Fact checkers .org ARE getting paid by Johnson and Johnson !!! They are checking facts posted about the vaccines J & J are manufacturing!!! 😳🤬 Corruption, when Facts are been removed and replaced with biased information for profit https://t.co/kIQGeAs7jh",pharma 
405,1371154670798794754t,"Fighting Stigma: Ireland medical chief says use of AstraZeneca Covid vaccine should be suspended: Use of the AstraZeneca Covid-19 vaccine should be temporarily suspended, Ireland's deputy chief medical officer Dr Ronan Glynn said. Serious blood ... https://t.co/6VHgp3iPgu",side-effect 
406,1351445960589656065t,"While Covishiield is a proven vaccine of moderate efficacy whole efficacy and safety data are in the public domain, while Covaxin is an experimental vaccine with no Efficacy data (Immunogenicity is not same as Efficacy) with no safety infrastructure available which is crucial 2/n",rushed 
407,1346229776298729474t,"Portuguese health worker, 41, dies two days after getting Pfizer covid vaccine in the UK Sonia Acevedo, 41, suffered a 'sudden death' on New Year's Day just 48 hours after receiving the jab. An autopsy is expected to take place later today or tomorrow https://t.co/1hWVxxhmRM",side-effect 
408,1371505763856883713t,"France, Germany and Italy latest countries to suspend use of AstraZeneca COVID-19 vaccine https://t.co/UAuHuXBXPv https://t.co/g1hJzCUy9V",none 
409,1302749800706617344t,@EricLeeMD I am horribly concerned releasing a vaccine before it’s ready. What is the medical impact of a vaccine that is not proven. Could COVID-19 spread faster with a vaccine that is not fully tested and proven? Your thoughts ?,rushed 
410,1387699155829673984t,The Russian Sputnik V vaccine contains a self-replicating virus: the risk of vaccinated people https://t.co/GXDg4Oe9iD #SCIENCE,ingredients 
411,1364120808151543816t,"Imagine having a severe reaction/vaccine injury as an infant that meant you are never to be vaccinated again. You decide to train as a doctor, qualify, have tons of loan debt, then find out you can't do your job anymore because vaccination might kill you.",side-effect 
412,1398196861350076416t,@AstraZeneca are you going to do a public talk Germany say they have found the reason for the clots after your vaccine you need to listen to them it sounds like you need to make small changes to it,side-effect 
413,1337811979810058241t,"@SandraWeeden @DanaBrightside Totally going against what pfizer has put in the medical practitioners data sheets, .is the pfizer not the first of its kind of vax and works in a different way than the oxford. Plus what would that mean for the storing at -70° .Gates billions allowing all this experimenting",pharma 
414,1354055107013468160t,They doing it right here in USA and is the reason the numbers keep growing - Hundreds vaccinated in Israel infected with coronavirus: Former minister - And look at this A*S HOLE smiling knowing he got the better stuff. https://t.co/Wmr79h65lb,none
415,1283213186330537986t,"FDA - very fast in approving vaccine but won't approve medication like #Hydroxychloroquine as it's very cheap. Your game is up, FDA. #COVID",pharma rushed 
416,1344269753075048450t,"@theindiereef Oh the Pfizer one will just vanish now they have a British made one. This will be the next one to get hyped up until the next one comes along, and another, and another. Suiting up for mass genocide more like",conspiracy 
417,1370688547800317953t,"@7NewsSydney @pfizer If this doctor had been vaccinated, he wouldnt have had his 2nd shot by now, so wouldnt have max recipient immunity. And what is the extent of the vaccinated showing symptoms after later maybe contracting covid and knowing to get tested so they dont unknowingly spread covid?",ineffective 
418,1342131267446263808t,"@breckyunits @social_brains @jayvanbavel @moderna_tx @US_FDA Yep I may have jumped too hard on you, your phrasing is accurate I think. I would say that absent the ability to get statistically significant evidence, if a vaccine is proven to show development of immunity the burden of proof shifts to disproving the claim it will save lives.",ineffective 
419,1326198561567027201t,"@Nuttymedium Unlike flu you can only get covid once it seems, no one has reported getting covid twice except some guy in S Korea where was probably a testing error which is good compared with flu, I cant see myself having vaccine though as feels rushed out, want to know side effects first xx",rushed side-effect 
420,1336014077244682243t,The flu kills children and the flu vaccine isn’t mandatory.   How could the covid vaccine be mandatory without an obvious contradiction?,mandatory 
421,1344784977486098432t,@AlexIB20 @Hepworthclare the problem is that the UK will have paid for all the Pfizer vaccine (with your tax) which will then not protect the vulnerable. Departing from the vaccine schedule will mean the vaccine is much less effective. It's like pouring money down the drain,ineffective 
422,1319446100080721922t,"reasd on every human has right for his or hers freedom how dare these evil people think they can make world in to slavery by pumping in vaccine which has no mother or father ,vaccine will never pass to many side effects humans do not need vaccine .machines and humans do not mix",conspiracy side-effect 
423,1362115001469734915t,@TheCobourgKid @MuskokaPost Certainly your choice and I'd respect that. However it is VERY important that this be counted as a 'death from vaccine' - any death within 28 days of the vaccine needs counted like that since it is how they count Covid deaths too.,unnecessary side-effect 
424,1365791081024077824t,"@JohnERhino I’m not spreading lies. What process isn’t reversible? Im already aware the vaccine full stop isn’t reversible. If it reacts badly in the human body, it’s life altering. Is that what you’re referring to?",side-effect 
425,1295951668471672832t,So Scomo's choice takes no liaibility for side effects from its vaccine but he's going to make vaccination mandatory - WTF?AstraZeneca to be exempt from coronavirus vaccine liability claims in most countries | Article [AMP] | Reuters https://t.co/SuQJtsqLt9,mandatory side-effect 
426,1263084235704934401t,@MariaBartiromo @moderna_tx @MorningsMaria @FoxBusiness They can rush this through as fast as possible but it still won't change the fact that I am not going to take it,rushed 
427,1336100049244315648t,"@kickybarr @_bonefish1970 @expressionessd1 @MileslowryTerry The early ones were fine. Bill Gates became involved inthe industry in early 2,000 and has shares in Pfizer etc. You can bet he's behind the IT company that manages our medical data too. He's been planning this for 15 years or so. You will have to have many vaccines each yr...",pharma 
428,1375109558666944516t,@EWoodhouse7 @foogatwo It is actually against federal law to mandate vaccine that is under an EAU. Easy lawsuit. https://t.co/uBeW3Itvyq,mandatory 
429,1346704794900168706t,Scientists criticize ‘rushed’ approval of Indian COVID-19 vaccine without efficacy data | Science | AAAS cricitizenthe North Americans ones: finding contraindications out after fact no screening checklist No testing for allergies to contents poor mgt https://t.co/5aATDnOfKt,rushed side-effect ineffective 
430,1303567982568845312t," https://t.co/MnxHV3452M IF YOU THINK VACCINE IS THE ANSWER TO COVID, YOU WANNA LOOK AT THE REPORT BY MANY DOCTORS IN THE US BASED ON OVER A 100 STUDIES!!!",rushed 
431,1392916712731860999t,"@AronBlye @daddyrichlinden @nypost Are you kidding? My sister was vaccinated with Pfizer, and she still contracted Covid in ,Florida with no underlying issues. So it’s not a guarantee.",ineffective 
432,1354162136092704768t,@BethLynch2020 @MargoLee As long as he doesn't make me get a vaccine we chill,none 
433,1245579841602113540t,@SSC_Costumes @w0nderdawg @anthrocon Here in AU they are about to test a COVID vaccine on FERRETS! Why Ferrets? Didn't think animals could get covid.,none
434,1376947269006716928t,@AmysandersonAmy @reclaimthefight ⬆ of a disease (which may or may not be named). Do we deny pregnant women who decline the vaccine while pregnant from even shopping for baby clothes?,side-effect 
435,1374130579319496710t,@IainMulady @DavZacMB @kassiekitson I dont deny that but the survival rate is 99.7%. people between 0_59 are barely affected. They dont the need the vaccine. Just give it to the vulnerable but they should be told the side effects by the nurse who injects them,unnecessary 
436,1353698032076910602t,@rgbeaumont @simmsy77 @JuliaHB1 @SkyNews I have an autoimmune issue yet have decided I would like to return to normal. We won’t have 80% immunity because the ‘vaccine’ doesn’t protect people. Time to get back to life.,ineffective 
437,1396434097090801665t,Brisbane trainee nurse hospitalised with three blood clots after getting AstraZeneca Covid vaccine | Daily Mail Online https://t.co/KnUShC25lp,side-effect 
438,1277765643413213190t,"So Canada’s vaccine trials are in cooperation with a shady Chinese company that is deploying its vaccine in humans without testing it fully. Sounds like a heckuva ethical outfit, ⁦⁦@JustinTrudeau⁩. https://t.co/EBzhxtsdtJ",none
439,1261752281092915200t,"@realDonaldTrump @LindseyGrahamSC Old news, move forward and shine bright by showing the country which party really sides with small businesses and people’s civil liberties. Don’t side with big pharma vaccines or therapeutics during this COVID scandal and fire Fauci once you’re president again. #MyBodyMyChoice",pharma political 
440,1364605761515569153t,@chrischirp Not sure about the 98.9% effectiveness at preventing death as that's exactly the same mortality as someone who isn't vaccinated at all (~1%) Surely they don't mean that? Are the %ages compounded in some way?,ineffective 
441,1316262891310415872t,"UK’s “Health Minister of State” claims there’s no such thing as herd immunity. What exactly is a vaccine supposed to do in this unwinnable “war” against COVID-19, then? 🤦‍♀️🤷‍♀️  https://t.co/pegsWKpZd2",conspiracy 
442,1347865215308869639t,"@Lauren1485 @RedDevDuff @itvnews That data is specially flawed. You really need to stop paying attention to the daily PCR-Positive Deaths (aka COVID Deaths) Headlines. 👇🏼 These headlines are totally misleading with the intent to scare, control and fuel the vaccine push. Follow adaptation on fb for data. https://t.co/HWVKnyVtCy",conspiracy 
443,1376979672408317954t,Your mother could be whiter than Karol Sevilla and your dad could be brown like Edgar Rentería. So you have a nice warm complexion and then you get that Pfizer vaccine   BOOM! 6 months later you have vitiligo,none
444,1308306448934408192t,It appears Trump along with Dr. Fauci appeared to push nearly $1 Billion in US taxpayer funds into Moderna's questionable #Covid_19 Vaccine that has at least 2 serious side effects by volunteers thus far is also very deep in a Patent dispute over its mRNA vaccine delivery process,side-effect 
445,1294101707819900934t,@DailyCaller The CDC is a vaccine company. 43% of its budget is from selling & distributing vaccines. It owns 57 vaccine patents. The FDA gets 50% of its budget from vaccine companies. The NIH owns 50% of the Moderna COVID-19 vaccine.,pharma 
446,1376670265808191489t,@reizrblade Exactly why they were focusing on the vaccine that focused on the RNA path way versus others like the current flu vaccines. My issue isn’t the research basis. It’s old and valid. My issue is more the normal time frame allows us to know sideffects and all that stuff.,none
447,1338635806962049025t,@Transition46 Great but this Vaccine is the Trump Vaccine Warp Speed was developed by an emotionally unstable man that is killing us I will not get the Vaccine until I see evidence that it is truly bi partisan 🙂 not to mention Trump has stock in Pfizer 😡,political side-effect 
448,1303098735489056769t,@isnt_it_red @PayneBastille58 @simondolan Yep flu season is coming soon and they will say its COVID to push the figures up to push people to take the vaccine!💷💷💷💷💷💷 #justsaying,mandatory 
449,1333547464713007106t,@donwinslow Reduced effectiveness or ineffective depending on how much fluctuation it can tolerate and for how long. People would not know if they got a compromised vaccine unfortunately. Cold chain accountability is everything...,ineffective 
450,1355260738827411461t,@TryingToGetBy2 @SenSanders How is it fair that my granfathers grandad was a slave? How is it fair to make a vaccine for covid and others have died without it. Can you explain how its fair to stop a murderer after his 4th victim. Logic is hard.,conspiracy 
451,1304805534013349888t,Almost half of Russians say they don't want to be vaccinated against Covid-19 & 43% believe dangers of coronavirus are exaggerated. IF YOU TAKE THE VACCINE YOU WILL DIE FROM THE FLU THE FOLLOWING FLU SEASON! — RT Russia & Former Soviet Union https://t.co/uQnX6a4PM5,unnecessary 
452,1353028877791203328t,@francoreda Migraine last 2 days but good now. Working on a computer all day doesn't help. Saw my Mom today so glad to see her after her terrible reaction to That vaccine. So hope my brothers don't take her for the 2nd part. I'm not watching the news far to controlling for my liking.,side-effect 
453,1293383556102750208t,Whoever believes the #RussianVaccine is the answer/cure is stupid. 😂😂😂🤦🏽‍♀️ please don't believe this shit. #RussiaHoax,unnecessary 
454,1346346150975049728t,No informed consent taken! Everything about Covaxin STINKS. Now attempting to turn this into a 'nationalistic' issue with crap about criticism linked to 'tukde tukde gang'! Defies belief. International scientific community needs to shit on these thugs and ban this vaccine.,pharma political 
455,1339432604924325889t,Alaska Health Worker Had a Serious Allergic Reaction After Pfizer's Vaccine. Ok however the followup question and investigation should be 'Did this Health Worker develop reasonable levels of antibodies to the #Covid19 Pathogen' https://t.co/NYr1st5FkP,side-effect 
456,1344019564028420097t,"@doctor_oxford Read the Moth in the Iron Lung & learn the truth about those iron lungs. Odd it’s so little well known post polio paralysis still around, just renamed accute flaccid myelitis. Also odd not well known WHO recently admitted most cases are vaccine derived from the oral vaccine!",side-effect 
457,1339583474055794692t,@CBCMontreal People are not interested to PFIZER vaccine... Don't push... Stop fake news.,mandatory 
458,1333341669920567298t,"@L4AH4N @10DowningStreet @BorisJohnson Enjoy Christmas. If you truly are too lazy to research an mrna vaccine and think you can survive it, go ahead. You can only die once and the vaccine should seal your fate.",unnecessary rushed side-effect 
459,1340618963101872128t,"@freenationtoday @opinionatedmum1 The poison shot remains unaffected, they shoot the sh1t in you, then they can reconfigure your upgrade to meet the strain as it mutates! Crazy right? Only it's not, that is one function possible due to the BioNtech crap in the Pfizer filth. Research, resist and say no for now.",ineffective 
460,1308019796617973760t,"@10DowningStreet @BorisJohnson You are doing all this for vaccine uptake, well guess what: we ain't taking them! I'd rather suffer from Covid or Depression that to allow you to torture us into fulfilling the real agenda! Even if you make it mandatory- WE WILL REFUSE!",mandatory 
461,1353088172318740489t,"@BryanWinsAgain I see. I doubt it. Firstly, nobody’s going to do that. Most ppl are lucky to get one type, let alone both. Secondly, I doubt it’s going to make you less likely to catch COVID. Even w/the vaccination, you still have to take the same precautions.",ineffective 
462,1346555779604770816t,"@enough_2016 @GovernorPataki I’m in Florida as well and travel a lot to #NY. I am beyond thankful for @GovRonDeSantis! You do know the vaccine is still in clinical trials? Who in their right mind would inject that? Eat healthy, take C, D and zinc. Drink lime juice, honey in hot water. You will survive covid.",rushed 
463,1405941629727432704t,"Indonesia: Vaccinated doctors contract covid .350+ doctors Sinovac-injected get covid, dozens hospitalised .Concerns rise about efficacy of vaccine against variant strains .10000+ daily cases, 23% positivity rate, hospitals overwhelmed #COVID19 https://t.co/A4CQbExbHR",ineffective 
464,1364648217565163526t,I had a vaccine for small pox when I was 7  Never had any others  My kids had none  We are some of the healthiest people I know,unnecessary 
465,1326327028765888514t,@NBCNightlyNews @mitchellreports President Johnson’s swine flu vaccine was rushed into production and people got Guillain-Barré syndrome from it.,rushed side-effect 
466,1383503951174066181t,"#DrAnthonyFauciCoronavirusLouisianaMississippi ‘Healthy’ dad, 43, paralyzed & unable to speak after getting Johnson & Johnson vaccine as jab pulled due to... - The Sun https://t.co/vthns6nWnO",side-effect 
467,1288540978194853888t,@GovMurphy Why? Because the vaccine immunity/reactions will be safer and more effective than the natural immunity? ~.034% death rate so?????,unnecessary 
468,1414682017912999940t,"@PaloSamo @allthecitizens @HelenRSalisbury @BorisJohnson @sajidjavid @CMO_England @mrjamesob @Keir_Starmer Rare ! In between your two jabs the vaccine has less effectivity, until 2weeks after final dose, and may not stop virus replication in your body, in that case the virus could mutate in same way as unvaxed person could breed mutation!Thats hell of a lot different to your view!",side-effect ineffective 
469,1375962820114849792t,A healthy diet is 100x better than a vaccine. This experimental drug tho...I wouldn't wish on my enemy. Well maybe a few,rushed 
470,1334846186667319296t,"ATTENTION, BE CAREFUL WITH THE VACCINES AGAINST COVID-19! NOT ALL ARE ETHICAL AND MORALLY ACCEPTABLE! Some, like the ASTRA / ZENECA one, use tissue from aborted babies. SPREAD THE VOICE! https://t.co/zVmR5uQ0yA",ingredients 
471,1289915290445217792t,"@globaltimesnews Your vaccine is an ""inactivated virus"" vaccine - just lung fragments of dead covid patients with inactivation done by passing thru UV-C light. And we know you have setup a supply base in Pak for supply. but you'll probably mutate the virus faster - means endless supply.",side-effect 
472,1303876854663671808t,"@TheLooseThread @uTobian @AstraZeneca I am convinced releasing the actual seroprevalence would show that we are nearing community immunity, and as such we would not need vaccines. I believe CDC is complicit in pharmaceutical dealings to drag out the fear as long as possible. #followthemoney",pharma 
473,1350417824024563713t,"@SuzanneBhayro @JaneFox30949258 @p13tobler @LPerrins It’s not just deaths, please look at Page 6, Dec. 18th, ADRs after 1st Pfizer dose, and extrapolate the 2.8% to total vaccinated. People who question safety are not ‘anti-vaxxers’, just because they have genuine safety concerns. https://t.co/xPbaGivEYw https://t.co/jb2qfxMp3k",side-effect 
474,1289259774941384704t,"@CrackinWax All good. Pretty brave of you to be that open minded. Research has proven that some vaccinations caused issues in kids. Not all, but some. That’s after years of studies and refining. No thanks will me or my kids be anywhere near a new vaccine",rushed 
475,1309163620153151492t,COVID vaccine clinical trials doomed to fail; fatal design flaw; NY Times opinion piece exposes all three major clinical trials -  https://t.co/KH2XiMNsbK,side-effect ineffective 
476,1375828488691847172t,"There a Dr. In Texas that says this so called vaccine for it, isn’t a vaccine at all but a synthetic genetic mutation that may not work, or if it does if you actually git it , it will cause you to over evolve a defense that can keep accelerating to the point it will kill you!!!!",none
477,1398419793598980101t,"""A two year old baby has died within six days of taking the second shot of the Pfizer COVID-19 vaccine in the ongoing experimental clinical trials on more than 10,000 children under the age of 5 to 11."" https://t.co/ClATv9ewpf",side-effect 
478,1235525448744030208t,"Imagine my SHOCK! It's MODERNA THERAPEUTICS, who've miraculously designed a Coronavirus vaccine, ready for clinical trial, in just weeks! Moderna who've received vast grants from Gates for HIV & Zika vaccines previously... Gates who predicted a pandemic! https://t.co/tTeDxERsHO",pharma 
479,1314548705937289217t,@Pfizer_UK For a flu with a 95-99 % survival rate NEVER! Wake up people!  https://t.co/oxpjm3sWQX,unnecessary 
480,1374769245498834957t,"@PresidentDawg It may have actually happened. Although, it is unlikely that the vaccine caused the death. My brother works for a guy whose Mom got the shot, got sick and died 3 days later. Almost made my brother not get the vaccine. Most people I know do get sick from it.",side-effect 
481,1364711470261493765t,@John889910 @Jack06WS @scaife_j @BorisJohnson You know most of the people who’ve had the vaccine are really old right? They are already far more likely to die than most others. It’s logic. A 90 year old is more likely to die than an 80 year old at any time interval.,side-effect 
482,1350805386832605185t,"No the trials suggest the opposite - the @moderna_tx vaccine had more side effects, especially after the second dose.",side-effect 
483,1226283822972645378t,A healthy unvaccinated child is only a danger to pharma’s profits #votenoHB5044 #protectALLchildren #EducationForAll #mychildmychoice @CTSenateDems @CTGOP,pharma 
484,1384478047475093507t,The Hysterical Reaction to the Johnson & Johnson Vaccine Endangers Lives https://t.co/VnHLxo8fgN,side-effect 
485,1289118919546949634t,@rome0880 Why? Because lots of inhuman events happened. Example the breast feed formula for infants that result brain damage. Another is their trial vaccine for covid that patient doctor turned black at passed away. Some of their collegue do not know they had administered,side-effect 
486,1255363100842360834t,Then why vaccine people forcefully globally as some richest yet selfish and greedy of greediest rich suggest? No vaccine.,pharma 
487,1291962072897425409t,"@BobRmhenry1 That is bcse Fauci knows his Moderna vaccine is a dud.Shsssh,",none 
488,1327329442994204673t,"@NadineDorries 1996, Pfizer conducted an unapproved clinical trial. It involved children with meningitis in Nigeria,. The trials led to the deaths of 11 children. Dozens more were left disabled.",side-effect 
489,1326971945766842375t,@make_trouble It's not uncommon for licences to be withdrawn once use becomes widespread in the population and safety issues become apparent. This is a new vaccine without an established safety record using novel technology. If you think covid-19 was bad..,side-effect 
490,1244348393532592128t,@ereditsh @YouTube It has to be tested properly or u end up wth seeing flu vaccine that was worse than the flu,ineffective 
491,1333479421219459072t,May God Save 150 MILLIONS Indians from over self obsessed leader and 3 vaccine mafia.  One vaccine company has done 1000 million Rs case to a volunteer who became covid +ve after their vaccine trial @PMOIndia @narendramodi @HMOIndia @AmitShah @RSSorg What an ideology deviation?,pharma 
492,1339823130324455425t,"Nurse FAINTS moments after receiving coronavirus jab in another flop for confidence-building PR drive (VIDEO) A nurse at a Tennessee hospital collapsed soon after taking a dose of Pfizer’s coronavirus vaccine. Though she recovered moments later, the mis… https://t.co/6YwNn1TGWE https://t.co/024lxuKh4B",side-effect 
493,1395305361503133696t,"@kwasernietbij @vonderleyen @BioNTech_Group @pfizer Vaccines don't give permanent protection and there's real risk of Covid-21, Covid-22, Covid-23...",unnecessary 
494,1330671412864897024t,@TheDailyShow @BillGates You trust a vaccine when the CEO of Pfizer is a Veterinarian from Greece?,pharma 
495,1244149631275225090t,"Vaccine!!! And they might say they will vaccinate all the virus carriers, in the process give you an identification chip implanted under your skin. All looks like the agenda of the Antichrist #COVID19 #5G",conspiracy ingredients 
496,1357386771219304448t,@ScottBSNRN You will too. I've never had a vaccine whoop the bejeezus outta me like the Pfizer covid one- I mean holy hell but it was short lived!,none 
497,1337841879115845634t,@AlexBerenson @pfizer Aren't they the most vulnerable to side effects of the vaccine too?,side-effect 
498,1392287830303551488t,Two young mothers paralyzed after receiving Pfizer’s COVID vaccine | News | LifeSite https://t.co/yq39vtXngR,side-effect 
499,1304731442966966272t,It turns out the annual flu shots didn’t eradicate nor stop influenza deaths ... why is it we think the covid vaccine will eradicate covid and stop covid deaths ...,side-effect 
500,1274085285073207296t,".@moderna_tx Could #theCOVIDvaxx cause #autism? According to new studies, if it contains glyphosate weed killer and/or aluminum, yes! Consumers are asking the Top Ten Vaccine Manufacturers, CDC, Fauci and FDA to test the COVID vaccines for glyphosate and other toxins.",ingredients side-effect 
501,1255732603216412672t,@Tracy61287610 @BorisJohnson @POTUS There are two opinions... @firstly it takes tears to prove a vaccine if ready for people to digest into their bodies safely... if that’s so it proves the “Conspiracy theory”.. or secondly it’s not been tested properly and it’s all part of the NWO and Deep State... it’s not a good,rushed 
502,1244180385845538817t,@trutherbotnet True none of the medical textbooks mentioned about constituents of vaccine....doctors dont know why heavy metals are present in the vaccine Even the educational books and educational sites are censored,none
503,1293282044080820224t,"@priceoreason Russian vaccine has vodka in it. Lol No thanks, take years to properly test and develop a vaccine.",rushed 
504,1430171809815711759t,"""The Sponsor [Pfizer] identified vaccine-associated enhanced disease including vaccine-associated enhanced respiratory disease as an important potential risk"" https://t.co/KfhcbvzNUY",side-effect 
505,1374040540128366592t,@heyflower80 @berniespofforth Yeah - my kids too. I do understand why people are reluctant to take this vaccine. If I were under 50 I would also be very reluctant - because it's experimental. So - to me - it's a personal choice.,rushed 
506,1284868164996734981t,@thosejays @ant__76 @CP24 I've taken his advice for ever.. I've never taken flu shot cuz of his advise.. I might of had the flu once in 15 years.. everyone is titled to their own opinions.. I'd rather risk covid than a rushed vaccine..,rushed 
507,1301227815547949056t,@cpickmtnsnbeach @azottos @NorthmanTrader Man astra z have the same average of side effects than moderna not so much different! And Nvax could have less side effects but didn’t show CD8 TCELLs that are the ones that generate memory cells to have a long term Immunity,side-effect 
508,1253307354298318849t,"Straight facts this man speaks no lies, also what about JEFF BEZOS AND ALL THE MONEY HES MAKEING OF PEEPS DOING ONLINE SHOPPING RIGHT NOW, WHY CANT SHILL OUT A BILLION$$ TO HELP WITH THE STIMULUS,OR BILK GATES HE WANTS EVERYONE VACCINATED SO WHY CANT HE HAND OUT SOME $$$$",pharma 
509,1340767176656121861t,"@TomTSEC The vaccine marketing push has started. Remember people are dying today bc of covid-19 and not their cormorabities, however after your vacinnes its all about your cormorabities.",none
510,1377405394927034369t,@ohiospud @RegueiroAS @JoeGLOCK2014 @GuinnChastity Yes. Because you can’t prove the vaccination caused anything. They will say it was coincidental. He’s been released because his enzymes are trending down and his pneumonia is clearing up but he definitely had a reaction to the vaccine.,side-effect 
511,1255105821308059650t,@DominicRaab @BillGates @wellcometrust @CEPIvaccines @WHO How much is Bill paying you Dominic? So you have a vaccination because you are worried about catching something but it doesn't work unless I have one too. I really don't get the logic 🤔,ineffective 
512,1347263194453180424t,"Will lumps/bumps for #OxfordVaccine include; one shot doesn't give sufficient protection for vulnerable, protection is eliminated before 2nd dose, 2nd dose doesn't give sufficient protection and 3rd is needed, spread in society isn't reduced because vulnerable aren't spreaders?",unnecessary ineffective 
513,1438880280652259331t,"6/ The Israelis were convinced that the efficacy of the @pfizer #vaccine was waning over time, especially in people over 60 years of age. They felt there was a clear decrease 6 mos after full vax. MORE https://t.co/tjAahlL1Wd",ineffective 
514,1374728008242761735t,This is scary. Come on people. Y’all that comply with mask/vaccine requirements have let it go way too far,mandatory 
515,1293517763944751104t,"The newly released COVID vaccine in Cloverville has killed 18,000 people by solidifying their hypothalamus pineal chondrocytes.",side-effect 
516,1378102331082993664t,"If you got the covid vaccine and are currently saying that you feel free and protected, ask yourself why you’re still required to wear a mask and social distance?! I’ll wait here for your answer.",none
517,1339853889370255361t,"@muntunhlope @SimonPGrindrod Do you have ready access to the human field-trial results for all of these different vaccines? Would love to assess, since I read a report somewhere about unintended side-effects for the Pfizer vaccine.",rushed side-effect 
518,1352935053936963584t,"California stops distribution of Moderna vaccine amid allergic reaction fears https://t.co/dLui9xaErW A few allergic reactions is better than tons of dead but Newsom wants them so he can say itis Trump's fault. I say Newsom is a serial killer, jail him",side-effect 
519,1364226502376656899t,"@BorisJohnson How can you suggest vaccine passports when only a third of people are vaccinated, international travel by May , you surely can’t let only people that is vaccinated travel if not all the people have been vaccinated you would have a riot on the streets especially from young people",mandatory 
520,1376851963300696067t,not Astra Zeneca vaccine https://t.co/GghMQxVuyj via @YouTube i dont want 2 be #vaccinated with #AstraZenaca #vaccine #vaccination #vaccines #COVID19 #COVID #coronavirus #Covid_19 #COVIDー19 #death #pandemic #Impfdesaster #Impfung #impfschaden #UnitedStates #Australia #Cancer😷,side-effect 
521,1422562761368817669t,"#JonsonVaccine Johnson & Johnson is in the eye of storm in the US over rare autoimmune disorder. About 100 preliminary reports of Guillain-Barré syndrome (GBS) detected in US after vaccination with J&J shot, mostly men, many of whom were 50 or older."" https://t.co/TItSKn35aI",side-effect 
522,1344263832076759051t,@BorisJohnson @Keir_Starmer @MattHancock @JonAshworth @KensingtonRoyal @uksciencechief @CMO_England is you say the vaccine is so safe then you have it in america @JoeBiden had it set an example dont you think,side-effect 
523,1255463589638529025t,@BorisJohnson why have you taken our human rights away? the laws you passed on the 27th April 2020 about the refusal of the COVID 19 vaccine says we can be forcibly removed from our home and sent to a hospital or other suitable establishments and the contents of our home seized,mandatory 
524,1382407072042651650t,MICHAEL YEADON INTERVIEW - FORMER PFIZER VP SPEAKS OUT ON DANGERS OF MRNA VACCINES & COVID ILLUSION - Conservative Choice Campaign https://t.co/oAFkOwSkDn,political 
525,1353778078485540864t,"@MarkVipond @911Amelia Hmmmm. If you’re happy to have an mRNA vaccine injected into you, never used before, trials not due for completion until 2023, longterm problems unknown, ADE a known potential problem. Also, not likely to prevent transmission of Covid. Pretty damn useless in under 60’s!",ineffective 
526,1335934056727502854t,"@Rndubois An ex Pfizer ex is warning that the candidates could destroy female fertility. If that’s the case we have a HUGE problem. We need to see plans from companies for assessing long term damage as well as for victim compensation. Also, you can’t test in kids; it’s not ethical. https://t.co/EcB4iVMYX3",side-effect 
527,1365714910223728652t,"If you are <40, healthy & fit and have no conditions or situations that may put you at extra risk, you do not NEED a vaccine for #covid19 >99% natural recovery. If you've had the virus, you do not NEED a vaccine. The already very ill / very old / very fat should have 2doses. .",unnecessary 
528,1288432558800285696t,@PeterNavarro45 you’re NUTS if you think America is interested in a HURRIED vaccine. And the way your kissing this presidents ass this morning scares me.,political 
529,1303374658549551104t,Why is there not vaccine for malaria but COVID which is new is about to have a vaccine?,none 
530,1327194952980451328t,"@elfinx @At4rivers @drphilhammond Actually Pfizer have stated it can be stored at refrigerator temperatures for 5 days, so it doesn't need to be stored at -80 all of the time. Did you really think they would inject a -80c vaccine into you? It would cause ischaemia to the tissue in your arm",ingredients 
531,1284294321139789825t,https://t.co/lxv6SHcc5k Bill Gates opens the door for a sketchy biotech company in Trump's wild west of vaccine development. Novavax is handed $1.5 billion. Company has never had a successful attempt at vaccine development. Gates needs to butt out. Robber baron is his field.,pharma political 
532,1345244696621158400t,Apparently these Nurses/Doctors don't know how to read. What a massive F*ck Up coronavirus vaccine stuff-up as dozens given COVID-19 treatment instead of Moderna jab https://t.co/vi1qyOvL7G,none
533,1344402390162804740t,"@VeniceLaura @jean_pjtwood @petertimmins3 MHRA had to even do the warnings about reactions from the Pfizer vaccine, which Pfizer never tested for. I'm going to stick with the MHRA on this one. lol",side-effect 
534,1320829759455191043t,@Buzzboy82048087 @paddington_v007 @MattHancock That pillock along with Ferguson and Vallance are trying to keep project fear going because they have invested millions to make billions from the shares they have in GSK & AstraZeneca. What about Matt how much will he make from the warp speed unnecessary vaccine?,pharma 
535,1307045616594415619t,@Acosta He's right. He knows most of the population does not want a COVID vaccine. There will be plenty left over for you Jim.,none
536,1343353610529198081t,Doctor Reportedly Suffers Severe Reaction Moments After Receiving Moderna COVID Vaccine https://t.co/lrnSoeLXxf via Western Journal https://t.co/mso9VAySft,side-effect 
537,1292484775895355392t,"@Scottish_Lefty @BreesAnna @SkyNews Regarding Covid 19 existing, yes there's a debate on that too since it's never been properly isolated or purified to fulfill the Koch's Postulates, it's therefore impossible to reliably test for Covid 19 or produce a vaccine, so the big question is what is the vaccine really for?",rushed 
538,1440084638903386118t,"Pfizer “basically hasn’t bothered to test its booster at all in the people who are actually at risk.” In fact, it only conducted a single “phase 1” trial that covered 12 people over age 65. — Alex Berenson, former NY Times reporter https://t.co/ckQXMNeDCZ",rushed 
539,1370366823632355330t,"39-Year Old Mother With No Known Conditions Dies After Receiving Second Round Of Moderna’s mRNA COVID Vaccine, Will YOU Be Next To Die? https://t.co/Ql3CqFraht @hugodejonge @Minpres @markrutte @gertjansegers",side-effect 
540,1283452771518341126t,"@Hughie1953 The damaged organs is just another scare tactic the media use to get people to beg for a vaccine. A few months ago, they said that Covid could kill children, then has to backtrack.",side-effect 
541,1375146241580003346t,@thedailybeast Frankly I'd rather they not get vaccinated. #ByeFelicia  https://t.co/zJlOBHloMJ,none
542,1346337425065467906t,@ScottGottliebMD What about this Scott? How much money are you making with Pfizer vaccine? https://t.co/R53F4hkwYL,pharma 
543,1316369381098696705t,"One of the key purposes of the long-planned 'Corona crisis' is to force everyone to be injected with Gates' DNA-altering poison 'vaccine'. Another is to usher in a techno-fascist 'Great Reset' Police State regime of control over the populations, masquerading as 'green'.",conspiracy side-effect 
544,1371035555371356160t,This makes it 16 countries now? Boris any comments? AstraZeneca vaccine halted in Ireland: Urgent meeting called over Covid jab fears https://t.co/jYSpyxcVlt,none
545,1373926353108664324t,@01457coz @DarrenPlymouth 100% fudged. My stepgran had a positive test LAST MAY (she was fine) then this year she gets NEGATIVE test the day before her vaccine. Dies exactly 28 days after jab (along with at least 3 others in home) and what have they added on the death certificate..? Yup... Covid 🤦🏻‍♀️,side-effect 
546,1334027898710355970t,Wtf ....@pfizer @pfizer_news @PfizerCongress ....this vaccine feels more about trump stock portfolio.....need more info on this vaccine....STAT,political 
547,1284110400707891203t,"@ericgarland Mmmm, nothing like a little novichok with your Covid vaccine.",none
548,1396142692728557571t,"9 days after Pfizer vaccine, 16 year old Wisconsin female has cardiac arrest and dies https://t.co/Xhuc8Mp2XJ https://t.co/JY2rzSFIp0",side-effect 
549,1374839125111607303t,@LifeofKan See ehn. Business is business. As far as I’m concerned they could be injecting you with liquid pandol talmbout vaccine..  Fear & panic is business bruh,pharma 
550,1365209777681350660t,"@ian50661094 @davidkurten Vaccination 💉 doesn’t totally protect everyone, and none are 100% either. You obviously didn’t put much thought into your Tweet! Yes, non vaccinated 💉 people can still spread the Virus 🦠 to vaccinated 💉 people!",ineffective 
551,1340957333120282624t,"@Felstedboy Yes, they have only got five days once defrosted. See now they are trying to rush the Oxford vaccine through, as they are running out of the current one. I won't forget Ghosts.",rushed 
552,1336710253233127424t,@megtirrell @ScottGottliebMD said they offered additional doses AFTER interim results and were REJECTED. We don't want Astra zeneca or other vector vaccines instead of safer better mrna.,ineffective 
553,1355902397051101186t,"Coronavirus is certainly not novel since the virus is the 7th in the Coronavirus family mutating to the 8th. The British Crown has no plan to shut down instead of forcing vaccination to pursue the political hoax, financial heist, and a tactic to capitulate to jab in the flesh.",mandatory 
554,1340674812860116993t,"@slpng_giants I mean, yay vaccines and all, but let’s not forget that Big Pharma is not a resistance hero. Pfizer has lots of ED and other drugs to sell to Fox watching geezers, and I’d guess that the profits from those far exceed vaccine $$s.",pharma 
555,1259920299417432068t,Forced COVID vaccines are coming! Sign the petition https://t.co/v5pxRrXlfr,mandatory 
556,1336474467795603458t,"@jappleby123 @AllysonPollock Just to be clear MHRA approved the Pfizer vaccine on a “rolling review” basis, I think you know this very well, but you still spin this as definitive approval ? 28-56 day safety data are simply not enough. This only benefits politicians keen on a “win” and vaccine manufacturers",rushed 
557,1409563733597339654t,live: Sen. Ron Johnson speaks at news conference on adverse reactions to vaccine Must watch! Victims tell their stories and prove vaccine is making them sick Benefits are not worth the risk @piersmorgan @joe_warmington @joerogan @RobSchneider @ksorbs @punditclass @tylerperry,side-effect 
558,1326172717037531138t,@NeilClark66 Always remember Thalidomide drug prescribed for morning sickness & the effects on the babies and then the decades of fighting for compensation still ongoing as those babies are now adults and need even further monies to survive. Big Pharma at their worst & Pfizer is no exception.,pharma 
559,1349576125454852097t,@4mishee @ScottMorrisonMP can keep his vaccine 💉 I’ll take covid with its “ non existent “ symptoms over some big pharma no liability or indemnity lab 🧪 cooked vaccine thank you.,pharma 
560,1328301286790455297t,"@wendy_hume @FatEmperor The only thing you need to know is that pharma companies, including Pfizer, are lobbying governments around the world for Liability Indemnity. This means pharma companies are refusing to stand behind the safety of their vaccines simply because they are unwilling to take... /1",pharma 
561,1331495290503712768t,"@D16584667 @tayloramiles If experts can't even figure out how long the immunity lasts (of whatever kind) after recovering from COVID, then the absolute trust in a vaccine is rather absurd.",ineffective 
562,1330106489965572096t,"Wow, the World Economic Forum supports the Pfizer vaccine, now you KNOW there's something wrong with it!",none
563,1330932467952447493t,"Idk about y’all but I’m not getting no Covid “vaccine”, y’all can go first 😷",pharma 
564,1337811217935724547t,"@Sputnik22 @phil_hellmuth Sir, you’re wrong. The vaccine protects you from the worst effects of COVID but you can still get it and infect other people. This vaccine will save lives but it won’t stop the pandemic.",ineffective 
565,1368095230570897411t,"#VAERS 58 y.o.♀️#Pfizervaccine #VaccineDeaths #Necrolysis ""Extensive subepidermal bullous formation with ... mixed inflammatory infiltrate ... in the larger of the two skin fragments ... the smaller ... shows diffuse epidermal necrosis"" https://t.co/Pi4ibC2PNZ",side-effect 
566,1333464575103160323t,"@DiamondSkyDiva Don’t blame you not having it, regular drugs are researched and trialled for years before going on market, these are being rushed out in months, anyone taking the vaccine is playing russian roulette with their bodies",rushed 
567,1311705011198529539t,#FauciTheFraud not concerned about safety of #Moderna #COVID19 #vaccine Why not #Fauci Moderna using new technology for this vaccine. Sure I will be first in line to get it ....NOT How many people have been in the trials of this #frankenvaccine https://t.co/hOnYI8UbU2,none
568,1353892589309730816t,@KateCushing2 Is it only starting now? 7 weeks after ti first jab? I’ve seen 2 doctors last week reporting they have symptomatic Covid 4/5 weeks after their one Pfizer jab,side-effect 
569,1328320841294213120t,@patton6966 It's time to Expose the Truth about Covid 19 and to Rage Against The Mandatory Vaccines!  https://t.co/Qu6Wzstz3O,mandatory 
570,1300424769834082304t,"@my3monkees No, you're not the only one. I agree 100%. Another thought nugget: I just heard an interview with an infectious disease specialist who said that COVID will never be eradicated. Think about it. Measles has a successful vaccine (since 1963) and yet it's still around.",ineffective 
571,1351606609911427073t,"WHAT IS THE ACCEPTABLE RISK OF DEATH FOLLOWING THE MEDICAL PRODUCT? Two people in India die after Covid vaccination, now Bharat Biotech says the vaccine is too risky for some. https://t.co/jFcFGjTa50",side-effect 
572,1376853810602201092t,"It doesn't matter how vaccinated we are. The government knows they can get away with being authoritarian thundercunts. It's not the fault of those that won't be vaccinated. It's yours for your compliance and cowardice.  Lick that boot. Thank the government and ""opposition"". 🙄",political 
573,1326499830609350656t,"#PMQs @BorisJohnson lies & creates unnecessary fear, unopposed. ‘Cases’ are not infections Deaths ‘with Covid’ are not deaths ‘from Covid’ Destroying our health/economy/inalienable rights so the globalists can Build Back Better No fake tests. No experimental vaccines. #BorisOut",political 
574,1257067609708789763t,@bluebowerbird Well I certainately dont have to look far to have my suspicions about Bill Gates. That Russian just solidified it as well. Gates is being put on a forefront of the vaccine push.,none
575,1332318632236388352t,@realDonaldTrump I don’t want Moderna vaccines. Only therapeutics. Moderna in bed with Bill Gates. What are you doing my beloved Trump?,political 
576,1337715616577425409t,@colgrove11 if you mean FISA - great...... not the sterilizing pfizer vaxx,side-effect 
577,1339510463432962048t,"2 Alaska health workers got emergency treatment after receiving Pfizer’s vaccine. One of the workers, who did not have a history of allergies, remained in the hospital on Wednesday night. Reactions to the vaccine were also reported last week in Britain https://t.co/uxLYPnnc6I",side-effect 
578,1262591956024274945t,"@DanielPantss There are zero Covid family vaccines, not 'different' vaccines. It may not help all, but it's false to say it helped noone. 'Proven' is a nonsense word, Estrogen was 'proven' to help female heart attack victims in trials until other trials 'proved' the opposite & it was pulled.",side-effect 
579,1428125030819450886t,(VIDEO) Ellie Peacock: 18-Year-Old Australian Nurse Hospitalized With 3 Blood Clots After Receiving #AstraZeneca COVID-19 Vaccine https://t.co/snwLCu0gqw,side-effect 
580,1304049488433037312t,Drinking the Kool-Aid https://t.co/fwid23iIRy Experimental Covid-19 Vaccines Given to Hundreds of Thousands of Chinese @caixin https://t.co/1v0x09OiBE Year of the Virus https://t.co/v6ec8tSxiL,rushed 
581,1351101092076072960t,"@dem_cath The Pfizer vaccs authorized with 21 days gap. 12 weeks not just unauthorized but illegal. No scientific evidence that is useful with the bigger gap. So it`s not a ""vaccine rollout"" it`s a gigantic human experiment with the risk of developing creating a resistant covid mutation.",none
582,1429713989190275075t,"#Breaking Sue Grey: ""Medsafe declined full approval of the Pfizer mRNA vaccine due to insufficient safety, ef... https://t.co/fNyGIqCLCE",rushed 
583,1355959711225491463t,#Covid19 #CovidHoax #Plandemic #VaccineInjury Massachusetts congressman tests positive for Covid-19 after getting 2 shots of Pfizer vaccine — RT USA News https://t.co/KcF9kMK9z9,side-effect 
584,1355254808664547336t,"@Telegraph @mattlynnwriter If the jab causes harmful side effects, will the government along with their propaganda machine - aka The Telegraph, compensate people for the irreversible damage they have inflicted on them due to mandatory vaccination?",side-effect 
585,1333138725770063880t,"@BrianLa36802543 @ShawnVarey @SPLICK13 @CNN @smerconish It is not a weakened version of a deadly disease. It is a completely new type of vaccine that works with one's RNA. It is also rushed-through, and no one knows the long-term repercussions of it.",rushed side-effect 
586,1381976564804489219t,US regulators have called for a pause in the rollout of Johnson & Johnson’s single-dose vaccine after six women who received it developed blood clots. Seven million people have received the vaccine in the US so far. https://t.co/9nIiis07zz,side-effect 
587,1367471645460414465t,"Wonder if I'll be banned for sharing this, as I was few nights ago for a similar article This is a new Holocaust.” Death Rates Skyrocket in Israel Following Pfizer Experimental COVID ‘Vaccines’ https://t.co/vbmiUlFgSk",side-effect 
588,1254318312541941760t,"@R1BM1 @MarkDice @CedarsSinai Where in the world do you live again? Did you know The Who just said vaccine’s don’t work? They are censoring free speech unless you are paid up to the right people. Hence the, aw forget it, you know you’re being Russia right now interfering with America like 2016 elections https://t.co/rYLiFc3WAe",political 
589,1374484462164082699t,"The reason insurance companies won't pay out if you experience the inevitable adverse reactions, including death (which are in the THOUSANDS! look up cdc statistics conveniently not reported by mainstream media!) is because it is an ""Experimental Vaccine""",side-effect 
590,1335825455140593669t,@AlwinVerbeek I agree 100%. There r currently 2yr clinical trials being conducted that test medium/longer term side effects & also disease enhancement This is one such trial-Astra Zeneca: https://t.co/B1kRh1VWWN This doc is an eye opener regarding disease enhancement: https://t.co/vf9h0HBz6u,side-effect 
591,1336473498328436736t,SO ASTRA ZENECA COVID VACCINE has not been proven safe 4 PREGNAT WOMAN thier UN- BORN BABY also CHILDREN ! THE DEAL is KEEP TAKEING ANTI -OXIDENTS!,side-effect 
592,1336669819249315841t,@Conkatron @yogagirl2021 @rob_miller12345 Even the Yanks stopped buying this one! Warning after two NHS workers have allergic reaction to Pfizer/BioNTech Covid vaccine Warning after two NHS workers have allergic reaction to Pfizer/BioNTech Covid vaccine https://t.co/qNSbZ4MefM,side-effect 
593,1327006859513921536t,"@RipRj175 Fuck Big Pharma and their vaccine. We have given them more money & power than ever before in 2020 ""Oh save us Pfizer and GSK..."" Pfft......never could be me",pharma 
594,1376951608421023749t,@stonehenge2500 @GillianMcKeith Its a year on. Unknowns remain around the efficacy of these new vaccines which usually take years in development as would any synthetic drug. Smart supplementation may help boost one's immunity and particularly those whose immune systems are impaired (prior to vaccination).,ineffective 
595,1362523677535973383t,"@keplerniko @HABTerminal @hayneswg @NaomiOhReally As it stands, the covid vaccine is not for profit. AZ make money from their proprietary drugs. So you wither want them, or you don't. The vaccine is a red herring.",pharma 
596,1336231579941826561t,@lamornajan @AllysonPollock Gung ho 'Britain First' Boris Johnson hoping #Covid vaccine is the silver bullet that will ‘get Covid done’ & mend his reputation after shambolic handling of Covid. https://t.co/snNkc3uBqf,pharma 
597,1335073859591090176t,"""Curious"" commercial links between Bill Gates, Pfizer and the UK health regulator that just fast-tracked approval in record time for, erm, Pfizer's new ""vaccine"" #PCRTestPandemic #CronyVirus #Pfizer @MHRAgovuk https://t.co/PdcI52kXg1",pharma conspiracy 
598,1300872132100980736t,It’s the Russian teachers that said they don’t want to take the vaccine. They believe it’s not safe because it was fast tracked.,rushed side-effect 
599,1344644995505156097t,"@MaxduPreez 1. The way I understand it is not that simple. Pfizer vaccine not the best for us because must remain frozen in transport and we are far away. Also, it now shows allergic reaction 10x more than other vaccines (acc to Barry Schoub).",side-effect 
600,1280489305534758914t,@nytimes Yeah I don't think so.... @Novavax following the gates Foundation..,pharma 
601,1374311465725923328t,"@CTVNews This not about keeping Canadians safe, it is about how long you make them wait for their second shot so that they do not benefit from the full vaccine. Keep count on what happens past the allowable three weeks. Stop this insanity! Who is on the ethics committee?",side-effect 
602,1305509340841938944t,"And if Pfizer's vaccine doesn't work, their Phase 1 'diversity' program will become a diverse nightmare for the participants? Don't want to be one.",rushed 
603,1354393740882944002t,@BradBeauregardJ There is no evidence that the vaccine provides protection for anyone else but the person who gets it. Stay home.,ineffective 
604,1289281754642239490t,@42believer @timothywjohnson I have a friend who gave a single MMR to her son who immediately displayed symptoms of autism afterwards. He was diagnosed soon after. Biggest mistake of her life. They used chelation therapy and he’s totally better. Chelation removes heavy metals. Vaccination adds them.,side-effect 
605,1249310924198076416t,"@MichaelCoudrey ""Notable about the Fauci-Gates Moderna coronavirus vaccine, mRNA-1273, is that it has been rolled out in a matter of weeks, not years ..human guinea pigs, not mice"" 18.03.2020 (F. William Engdahl) Coronavirus and the Gates Foundation | New Eastern Outlook https://t.co/alHZ0Seazv",rushed 
606,1319168705817956353t,@dhruv_rathee Now I understand what Modi meant when he said he will distribute vaccine similar to elections roll out everywhere. So u vote for him and get a vaccine. Effing evil.,political 
607,1340234874494574593t,"Since Pfizer is a member of the World Economic Forum, who openly believes overpopulation is a threat to the globe, is it safe to say that expecting them to produce a vaccine that doesn't sterilize humans... is a conflict of interest?",conspiracy side-effect 
608,1287930676898156546t,@DiamondandSilk @lamphieryeg Yup! Especially since Moderna’s vaccine will be ready at the same time as the flu shot!,none
609,1385296911863881729t,"@XaraTheGreatCat @mariawirth1 @RituRathaur @MNageswarRaoIPS This is from Today's news. 18 year went for 3 brain Surgery after taking Johnson and Johnson vaccine. So now tell me, all those who are reporting are Anti-Vaxer? https://t.co/YBcEyERetl",side-effect 
610,1403805065723457536t,I guess that is more proof of how useless the Chinese vaccine is. See : Chile shuts capital Santiago once more as vaccines fail to quell rampant cases https://t.co/ERQzp1QGYy https://t.co/wCxDPYza50,ineffective 
611,1308805743785566208t,"Do you really want/trust a #CovidVaccine from #JohnsonAndJohnson? Forget Trump: This🔽🔽🔽 #Johnson & Johnson Faces Around 50,000 Lawsuits Related To Talc, Hip-Plant, Artificial Hips, And Blood Thinner Xarelto."" https://t.co/t29FTBWtgO",pharma political 
612,1318754750595174405t,"Scientists who had worked on Adenovirus based HIV vaccines (it actually increased risk in people who had previous exposure to Adenovirus), has raised concerns on the safety on Adenovirus based #CovidVaccine eg ChAdOx1 (Oxford) @maryashakil https://t.co/Mw5bmD1jze",side-effect 
613,1320412764511342593t,So who exactly are these Santa Claus performers supposed to promote a COVID-19 vaccine to? Toddlers and children who have no comprehension whatsoever of what a COVID-19 vaccine really is?,none
614,1337925387884535808t,‘Refuse this vaccination’: Acclaimed French doctor unloads on COVID vaccine | News | LifeSite https://t.co/23j9Yv81vt,none
615,1373486461266329601t,"You know who wld really like for people who've already had the virus & who by all available evidence are now protected against Covid to get the vaccine anyway? If half the public already had the virus, recommending/forcing them to get vaccinated anyway is huge $ for Pfizer etc.",mandatory 
616,1341519793896230913t,"@jimmy31922581 @MaryamHenein Everyone has to keep retweeting this message - the public are being coerced into being part of an experiment that could kill, disable or make them infertile. The vax does not prevent infection & no guarantees of safety are given by the manufacturer. All on Pfizer's own web site.",side-effect 
617,1376899980431126532t,@nedeye @PoliticsForAlI @derspiegel south Africa also have concerns about the Oxford/Astra vaccine along with Australia and Canada. I've had it myself but I do wonder why this one inparticular has so much bad press around the world.,side-effect 
618,1355912154508103680t,"Amen! If the plandemic were a pandemic, no one would need to tell you. I’m amazed how many people are willing to get an EXPERIMENTAL vaccine for a virus that is survivable for people without serious underlying health conditions.",unnecessary side-effect 
619,1418605376468144131t,"@pwsimerimiaw @FullFact I just came across this! why I was concerned over Patrick Vallance 60% vaccinated faux pas. I have my own suspicions that since South Africa rejected all Covishield vaccines, because it was little better than a placebo & sold it to another African country without the SA variant",ineffective 
620,1338727847343472640t,"@benmezrich @AlexBerenson @pfizer You very confidently assert that the vaccine ""will only enhance"" my immune system, but what data do you have that justifies the ""only""?",none
621,1328091839841366016t,What if the mortality rate of CV19 ends up diminishing demand for the Pfizer vaccine? What if Pfizer needs demand to be high in order to create profit? Do you think they are positioned to pay for some fear-mongering from their media and government allies? @chrisvanderveen,pharma political 
622,1412444569782960130t,"Public health officials in Israel (some of the best doctors around trained in premier USA hospitals) now report that even after 2 jabs of the most effective vaccine (Pfizer) its only 64% effective at halting asymptotic and symptomatic transmission of Delta , UK Gov strategy mad!!",ineffective 
623,1288136780252880896t,@CleChrissy1 @BillGates I am fine with that. What they are not gonna push is mandating it for kids to go to school. This is being pushed through so fast. Kids should be the last demographic to use this vaccine on. I already am hearing it being thrown out there from parents in school meetings. 🤬,mandatory 
624,1346782720907591681t,@ScottMorrisonMP @GregHuntMP @AlboMP as Prof Raina MacIntyre has pointed out the @AstraZeneca vaccine will NOT allow us to achieve herd immunity. Why are YOU pursuing the use of this vaccine when there are two other vaccines -currently available - that are 30% more effective???,ineffective 
625,1231667933413167104t,Leaked documents show that GSK’s 6-in-1 “Infanrix Hexa” vaccine KILLED 36 infants https://t.co/9al9VQaxrC,side-effect 
626,1318950296383533057t,"@Francesthefoot @itsjillgardner @Pfizer_UK Referring to our bodies as organic vessels. Sorry but you can not defend the criminality pushed on the masses since 1986, when the pharma cabel were given full legal immunity. Look at the maths, look at the sudden growth in all conditions old and new, starting with cancer",pharma conspiracy 
627,1377065406691614721t,@BiboyScum Sinovac is using an inactivated SARS-CoV-2 vaccine - not good news my friend. I would hate to think of the implications if the spike protein itself was the fundamental factor involved in these adverse events.,side-effect 
628,1376964721409196032t,"@akiriluk2 @ChuckCallesto I’ll do neither. Get over it. I’m a free American citizen & I’ll go where I want, whenever I want mask free & vaccine free. I love this country the good ole USA 🇺🇸 where I’m allowed to make my own decisions about how I live my life just like you.",mandatory 
629,1411020971000184833t,"13 year old Michigan boy dies 3 days after getting Pfizer COVID-19 vaccine, CDC is investigating ""He complained of common post-vaccine symptoms, she said, in the two days between his immunization and death, which included fatigue and fever."" https://t.co/ULzRZF0QVM https://t.co/bdeWLVNcEa",side-effect 
630,1377241941075722240t,@OmniTempore_ I believe those current protocols are unethical and deny the logic that their precedent relies upon. Can vaccinated people still carry viruses? Yes,none
631,1302328082066440195t,"@RealDeniseWelch There will be no truly effective Covid vaccine either, flu vaccines are hard.",ineffective 
632,1328104180255510535t,If you thought covid shutdowns and restrictions were going to end after the election...you were wrong.  If you thought it was over after there’s a vaccine...you were wrong.  Fascism has taken control of country through the backdoor of “public safety” while the media runs defense.,political 
633,1334874389033181186t,@Kiki1C @SelaineSaxby I have zero trust in this government or the so called opposition party due to the endless lies they have told. I have my doubts about the UK Regulator. They may have been leaned on politically. My suspicions will be confirmed if the AstraZeneca vaccine is also cleared for use.,political 
634,1353260868226736128t,@therealmissjo 'Vaccinating' children (who have a 0.0002% risk from covid exposure & will be overwhelmingly asymptomatic) is more about profits than health. Get the vulnerable & high risk 'vaccinated' (2 doses). The long term effects of lockdowns will be far more devastating than #COVID19 .,unnecessary pharma 
635,1350378987202088960t,@ANI How can he say “Efficacious” when there’s no efficacy data available in the first place? I presume he’s talking about Covaxin only coz that’s the vaccine he got! #LargestVaccineDrive #VaccineForIndia #vaccinationCovid,rushed 
636,1264128729611042816t,"@palkisu @jairbolsonaro Big pharma play at work to promote expensive vaccines. No comprehensive study of patients administered HCQ + zinc at the onset, or the outcomes. If Oxford vaccine succeeds, that will send big pharma actors into a huge depression. They're hoping Oxford Vax fails",pharma 
637,1354842624419631113t,Merck Scraps COVID Vaccines; Says It’s More Effective To Get The Virus And Recover – Summit News ⁦@fordnation⁩ ⁦@celliottability⁩ ⁦@erinotoole⁩ yet you lot will keep pushing this untested vaccine on people! ⁦@randyhillier⁩ https://t.co/GgwaeE3XAH,rushed 
638,1334083141456236544t,"@DaveWallsworth Wouldn't it? Pfizer have form for manipulating data, they are currently being sued in several jurisdictions. Google Zoloft and see how they lied. Unfortunately for anyone who may be damaged or killed by this vaccine they have received indemnity from all governments.",pharma side-effect 
639,1435490122779201536t,@RyanJohnson_007 @News24 Nor do I. The rights of the vaccinated are ignored totally. Time to take Govt to court over this me thinks. They have a CONSTITUTIONAL DUTY to act - the Constitution DEMANDS it of them.,mandatory 
640,1376684316151975938t,"Is it ok to experiment on people who are over 55, and be guinea pigs? Who is more likely to have blood clots, someone over 55 or under 55. The maker of AstraZeneca should be forced to produce an effective vaccine rather than an experimental one. I call em as I see em.",side-effect 
641,1364646626678231044t,"@treystar679 @Nibellion @SpiderManMovie We will see if the vaccine holds up too. The vaccine isn’t a cure, it’s just a booster for your immune system against the virus, seen a lot of people think they can’t get the virus once their vaccinated... there is a chance those people might mutate the virus against the vaccine.",unnecessary 
642,1335916183099420673t,Agreed. Its very important to write to your doctor advising that the Pfizer are unaware of the effects on fertility or the effect the vaccine will have on existing medication. No responsible doctor should administer this vaccine.,side-effect 
643,1327800216628703232t,"@o_rips SPIRO, Lets Share the Truth of the origin of Covid 19 and the pending MANDATORY VACCINES TOGETHER!  https://t.co/Qu6Wzstz3O  https://t.co/L08am74L3P",mandatory 
644,1451168941703843842t,Pfizer has secret government contracts to supply their vaccine - Times. This is why this particular jab is being pushed so hard when there are safer alternatives like Valneva.,none
645,1432980443859652609t,Not much comment from the media that Pfizer has quietly rebranded their vaccine to suggest it gives immunity from covid when it clearly doesn't. https://t.co/qUVwWnhOPm,ineffective 
646,1375204857964007425t,@brad_dickson I know someone here in Lincoln who got vaccinated (works in a hospital) and she had horrible side effects - both shots. :(,side-effect 
647,1290922720188866561t,@MattHancock if my time is up its up dont give a fk had a great life no regrets so Hancock keep your vaccine and your Corona Virus which you brought into this country and still bringing it in in plane loads as we speak ? and your not testing at airports ? more lies,none
648,1375369718727639040t,https://t.co/I5psPJtBTH Pfizer has begun testing its COVID vaccine in children as young as six months! 🕵️😱 🕵️ F*** me! Child abuse x infinity! 🤬 AND The parents? 😮,none
649,1374377054318120967t,@Judgernaut3001 All you have is fear. But I’m not afraid. So get your vaccine and don’t be scared then. Just leave me out of it.,none
650,1334107101447266306t,@Seamus_McNally @jordanjames1476 @MattHancock @pfizer @BioNTech_Group @MHRAgovuk If you’re under 60 the survival rate is actually 99.995%. Or you can take an experimental vaccine which will synthesise your DNA with full blanket immunity for the producers.,rushed 
651,1314403789357547521t,Oh sorry make that 40 years later. You make the call on the vaccine and COVID hysteria that’s happening!,side-effect 
652,1352803162877521920t,"""Vaccine efficacy"". This MRNA potion doesn't stop you catching this common cold virus anyway. Apparently all it does is ""lighten your symptoms"". In which case simple paracetamol does much the same job for many. New strains of Influenza regularly make the flu ""vaccine"" useless.",ineffective 
653,1337050263341985797t,“the FDA confirmed that among the deceased was a participant who was obese and suffering from arteriosclerosis and died three days after taking the first dose of the vaccine.” Why did Pfizer allow someone with health issues into its Covid vax trial?,side-effect 
654,1268562446740045824t,@CEPIvaccines @AstraZeneca Is this the same vaccine that has already been shown to not kill the virus? Good job..,side-effect 
655,1347285389627817984t,"@HammerMancunian I wouldn't take an mRNA vaccine but the Oxford one is based on more traditional methods. In any case, I had the virus and recovered so I don't require a vaccine in any case",unnecessary 
656,1338827316517089281t,"@oluchiomai Govt, Media, etc, treat people like complete fools. There seems to be a mass madness. No one knows the side affects and dangers of a vaccine against a new virus, only a year old. It's deception trying to get people to believe it. #Pfizervaccine #CovidVaccine #COVID19",side-effect 
657,1344306031954944003t,@MENnewsdesk The precious Oxford vaccine thats they will push didnt even work in trials.. https://t.co/UG7qcvm8TW,rushed 
658,1336326457111375873t,@levinepmc I will wait and see after politicians take it first. You seem so convinced its safe. Do you have shares in Pfizer?,side-effect 
659,1334800275354345473t,Why are Pfizer protected from being sued with regards to this vaccine?,none 
660,1423938882454753290t,"1/2 Also, in the UK, after vaccination with the Pfizer-BioNTech vaccine: 158 reports of thrombocytopenia (one fatal), 68 reports of immune thrombocytopenia, and 307 reports of non-site specific thrombosis (six fatal).",side-effect 
661,1364148678483656704t,@JamesWard73 Well why is Europe open when they’ve not vaccinated as many as us?,none 
662,1445741022437261339t,BREAKING: SWEDEN suspends moderna vaccine for the under30 (!!) citing myocarditis and other risks; Denmark suspends it under18 https://t.co/TENgAzO7J9,side-effect 
663,1338494081530540032t,"@jchatterleyCNN Only stupid people are taking this rushed vaccine. We still don't know the long term side effects, and if it's *safe* why is Pfizer shielded from lawsuits??",rushed side-effect 
664,1366063583847612418t,"@SandySue1958 I think the sudden push is that there is a new shingles vaccine that allows many who couldn’t get it before, like immune compromised, to get this new one.  As for shield you get it? If you ever had chicken pox, yes. Definitely get it.",unnecessary mandatory 
665,1341662861085597699t,For the #vaccine *to be effective* you need 2 doses. But mastermind here is suggesting we only take one...🤦🏻‍♂️ #Labour #Blair #Blairites #Covid19 #Pfizer #BioNTech,unnecessary 
666,1413538941815427075t,13-year-old dies in his sleep three days after receiving second dose of Pfizer vaccine https://t.co/XSw84MTDlr this young man had no underlying health issues and his death is under investigation,side-effect 
667,1355180491553574922t,"Cardiothoracic Surgeon Warns FDA, Pfizer on Immunological Danger of COVID Vaccines in Recently Convalescent and Asymptomatic Carriers • Children's Health Defense - From: Hooman Noorchashm Date: Tue, Jan 26, 2021 Subject: COVID-19 VACCINE... https://t.co/3td59h03e7",side-effect 
668,1350541187879477252t,@Power79646739 @NIHDirector @CMichaelGibson @CDCDirector @SteveFDA @DrJudyAMikovits @DrIanWeissman Absolutely. I completely agree with you. What is he trying to prove? I think he”s un heeding or unmindful about the AstraZeneca-Oxford trial or the mortality in Norway—due to vaccination.,side-effect 
669,1377221037407019015t,"@cheri_rotruck Why would you feel guilty about something unsafe, no longevity safety study, not enough chains to qualify as a vaccine, still need a mask, still can get sick, experimental crap made by a man who founded COVID with partners in CHINA, has stock in masks company and Moderna?",rushed 
670,1350311327659552769t,23 elderly people die in Norway after receiving the Pfizer COVID-19 vaccine: Cautionary note issued #CoronaVaccineSideEffects #Coronavirus #COVID-19Vaccine #PfizerBiontechCovidVaccine https://t.co/K2i1rF0tWz,side-effect 
671,1280123701179101191t,"@Chris_Shield @Coronavirusgoo1 Well, they have been the most affected by COVID, and it shows in the BMJ that fly vaccines were a contributor to the deaths -  https://t.co/yMPytLmp0h so maybe not, if it can cause respiratory issues!",side-effect 
672,1364590447214145537t,"We're told that we have to be overly cautious, in case the vaccine does not offer enough protection or in case of (highly unlikely) vaccine evading variants etc. However, if the vaccine isn't the way out of this, what is plan B @BorisJohnson? Lockdown forever?",ineffective 
673,1293187211391770626t,@BallouxFrancois Without Phase3 safety and efficacy data the Russian vaccine is a none starter outside Russia. That’s how the system works,rushed ineffective 
674,1337891498835267584t,"@NomadAverage @chamath Actually....Pfizer is now saying it may still be possible for you to spread the virus. The vaccine is intended to protect you from being infected. I still think there are too many unknowns, but that's just me being skeptical of things",ineffective 
675,1349032774573961217t,"This real-world evidence seems clear: a single dose of the @pfizer vaccine won't protect the elderly, who have weaker immune responses. At a single nursing home, a 90-year-old died of #Covid 18 days after receiving the vaccine. Many others were infected. https://t.co/lpolnacVDC",side-effect 
676,1280271033560444936t,"@cnni Well, of course you can't have naturally acquired #HerdImmunity before the rushed to market #vaccine becomes available. Think of all that money wasted.",pharma rushed 
677,1417178021849620488t,"@JasCol29 @BorisJohnson @SirGrahamBrady @MPIainDS @SteveBakerHW @Mark_J_Harper They cannot mandate for something that doesn't work! The vaccines are proving to be ineffective. In Israel which boasted the highest vaccination figures in the world, 80% of those hospitalised are vaxxed!",ineffective 
678,1378006949401305089t,@BorisJohnson DID THEY ALL HAVE NLOOD CLOTS BEFORE VACCINATION DUE TO COVID AND THEY WERE ONLY DISCOVERED AFTER THE PATIENT HAD BEEN VACCINATED? ITS A VACCINE; NOT A CLOT BUSTER.,side-effect 
679,1373743571149393924t,@efbman @BoxingTicketsNI Didn’t get the vaccine yet over 100 million got the vaccine in America tgere population is 328 million so there flying out the vaccines did u get a vaccine yet I got covid pretty bad last year also March still suffer with my lungs,side-effect 
680,1287939641547657217t,@FCLittle1 @GaryTheNYer @chijiblaze @bennyjohnson @KristianRDyer That is all about money and they can't make much money from hydroxychloroquine but they can make billions from pushing a vaccine it's just common sense maybe you don't have it,pharma 
681,1451639046787186690t,"Boris Johnson on Sky News ""Unfortunately the vaccine doesn't stop you catching it, or passing it on."" Surely the death-knell for vaccine passports...",mandatory 
682,1364155922491334658t,"@berniespofforth @MarkatLangstone We are a nation of scientifically illiterate, bedwetters, happy to accept fudged figures & draconian restrictions on our freedoms for a virus with +99% recovery rate, desperate to swap natural immunity for a corporate ""vaccine"" product in return for a 'normal', forceably removed.",pharma 
683,1436089592239767553t,"I’ve had 2 doses of the Pfizer vaccine. I will not be having any boosters. If that means I cannot travel, work, go to the theatre or enjoy a pop concert then so be it! It’ll be tough but I will not be a part of this any longer. I will not comply with this dictatorial madness!",mandatory political 
684,1336734808521773057t,@AlexBerenson You can count on the flu vaccine not being a personal choice also. Once systems of forced/coerced vaccinations have been established/refined for the COVID vaccine ... ALL vaccines will become MANDATORY.,mandatory 
685,1354607772302794753t,"@chadmcwin She was 92.  Would be interesting to know.  I would be afraid for anyone unhealthy to get one.  I took a cat who had liver disease to get her annual shots.  First time ever the vet offered the FIP vaccine, which is given nasally.  I said okay. She got FIP and died 3 months later.",side-effect 
686,1364350628617719811t,"Vaccine to be tested on 6 year olds! Over 12k adverse effects and over 600 dead. Real damage seen years from now with cancer, infertility, and more. Can’t attach link, but visit articles.mercola and see for yourself",side-effect 
687,1377434501266083848t,@econseptiles @Swissjack61 @kakape @EMA_News For someone who has basically no chance of catching Covid (because they're not seeing anyone etc) the risk of taking this vaccine might be too big. They might want to wait for a different vaccine with fewer serious risks.,unnecessary 
688,1319744893892308992t,"I suspect the placebo vaccine in the Oxford trial could possibly be behind the death also, for the same reasons (ignoring the question of how a healthy young trial volunteer managed to contact SARS-Cov-2) https://t.co/u1JHcL617J",side-effect 
689,1426046770551816194t,Phichit medic who died after booster Pfizer vaccine had underlying health issues #SootinClaimon.Com https://t.co/Bj5mfevFyX,side-effect 
690,1284718782380937221t,"@TheRealPitabred @tyler4gr @9NEWS ""Instead of injecting an antigen & adjuvant as with traditional vaccines, Moderna plugs a small piece of coronavirus genetic code into human cells, altering DNA throughout the human body and reprograming cells to produce antibodies"" You can be a guinea pig if you choose to",ingredients side-effect 
691,1337488515509186561t,"If I understand correctly, #FDA did permit Pfizer’s #vaccine with some pressure from the @WhiteHouse ... The problem is that looks like this vaccine injects #COVID19 proteins into the body with low dose and your organism creates antibodies that rejects the #virus",ingredients 
692,1442304903976681475t,"DO THESE ""COINCIDENCES"" EVER END? @krismeloche Ontario First Nation residents given expired coronavirus Pfizer vaccine | https://t.co/Sx4U1wJRxB https://t.co/IjiO6kBqtE",none
693,1265697838358396928t,"Ugh- No thank you! 🚫🤮 A volunteer in a key coronavirus vaccine trial has revealed that it left him the sickest he has ever been in his life Moderna coronavirus vaccine tester fainted, had high fever during trial https://t.co/Q0wavKvEVk",side-effect 
694,1333823650756251648t,"@DrGerhardJung In real life these mRNA vaccine will not be used in most countries. And the vectorial vaccine from Astra Zeneca failed. Even though they are fixing the data. Scientifically, it’s a doomed study. Sadly.",none
695,1334987732544700418t,lol I mean all im trying to say is I’m in no rush to get the vaccine cause covid isn’t going to kill 😂,rushed 
696,1337919132646379520t,So the Pfizer vaccine is only legit if you get Bell’s Palsy?! https://t.co/5vO8r5Q5wE,side-effect 
697,1336311144080928769t,"@1blantdaddy 👋👋👋👋 Not if I have anything to say about it! Told my elderly neighbor about the vax and how the Pfizer exec adnmitted it is not safe, so, later today I will be printing it out for him and anyone else who wants to know.",none
698,1344317847393107969t,"Canada is also behind the curve because the Liberals appointed a Vaccine Task Force corrupted by undisclosed conflict of interest. Several of its members had links to Sanofi or GSK, and they bet on it, except now it turns out the Sanofi/GSK vaccine is a dud.",political 
699,1339405213145415680t,metro: 'Health worker in intensive care with severe reaction after Pfizer Covid vaccine' https://t.co/t551dH2XPa,side-effect 
700,1354828573241200641t,@SadiqKhan It’s only 33% effective you absolute fool! I can tell you really care about your mum 😂. At least she’s escaped the moderna vaccine- the real vaccine!!!,ineffective 
701,1366723758061461505t,"@DailyMailUK It's not a sign of hope, it's utterly disgusting and totally inappropriate. The vaccine doesn't stop you from getting it or passing it on so what use is a ""passport""? Discriminatory and being brought in on the back of ""Covid"". I won't be flying while this nonsense is in place.",mandatory 
702,1303813192536092673t,"@nyunggai “We can’t bank on a vaccine. I think the treatments are improving but we have to learn to live with COVID. We have to manage it.”  This from the chair of CSL, who would be the ones to manufacture the vaccine, and thus has a vested interest in talking it up.  Listen to the experts",pharma 
703,1301536144304336896t,@BrianFarrell233 @HenryMakow 4D chess works. Some think vaccines work. They have a right to access. His job is to make it available or it will be dereliction of duty. Trump divorced WHO and global vaccine schemes. Gates is mostly out. Moderna? We'll see! Taxes don't fund much now. It is all indebtedness now!,political 
704,1339416650198597633t,Alaska Health Worker Had a Serious Allergic Reaction After Pfizer's Vaccine https://t.co/w9RZ1PA1EH via @Yahoo Becoming apparent that this stuff is garbage!,side-effect 
705,1298158626507456512t,"@Acosta He’s really not going to like the news coming out from Hong Kong, showing the that one vaccine won’t protect u against different strains of Covid so for convalescent plasma treatment it’s not great news!",ineffective 
706,1344635218712539137t,Yhu Won’t Catch Me Taking That Covid Vaccine.. Ian Turing Into No Fucking Zombie 😭,unnecessary 
707,1151668556049702912t,@gorskon @Alyssa_Milano @marwilliamson @sorrynotsorry So you support the vaccine science from scientists  paid by BigPharma? That’s like trusting Boeing paid engineers to certify safety of the 737 for commercial flight,pharma 
708,1354031091326345218t,@ABCNewsLive @ABC @LinseyDavis How about Fauci take his own vaccine in front of American People! Let Americans see it with drawn from a actual vaccine vial!!!! Bet that will never happen!!!,pharma 
709,1341659520091734022t,"As we all suspected: Boris and co are willing participants in this covid scam. They took the 30 pieces of silver, selling us out to the NWO great reset. The pandemic doesn't exist. We have been conned. So ditch your masks and say no to the vaccine.",pharma rushed 
710,1333872094233374720t,@RepDLesko @realDonaldTrump My dad died of COVID because vaccines have been the only policy priority. How much have you and your friends profited off this dereliction of duty and neglect? How much per death does it equal? And congrats on your insurance company donors lining up for distribution of vaccines.,pharma 
711,1367322383971926023t,"@AllTransLivesM1 I'm with Rachel Maddow, I want a one time shot! After the reaction I got to the shingles vaccine, I didn't go back for the second one. I'm afraid I'll do that again with the Covid vaccine if I have a bad reaction. Plus mRNA is new vaccine technology, I want old technology.",side-effect 
712,1433982087535767552t,@CapitalPrivate1 There is no doubt this Moderna is an absolute fraud @US_FDA @SEC_Enforcement 200 billion for a vaccine ? Are they on drugs? There vaccines in clinical trials never worked x 5 yrs now all of a sudden they are going to work?,pharma ineffective 
713,1333490679356542976t,Dr. Fauci Says You Should Expect These COVID Vaccine Side Effects https://t.co/BZQybyT1pW via @Yahoo Anthony Fauci is lying about these side effects. Many side effects could be permanent and millions will either be very sick or man will die. DON'T TAKE THE VACCINES!!,side-effect 
714,1352380014189309958t,"""More & more evidence... that we should NOT partake in the COVID vaccine,” an elected official who oversees the Montgomery Co Hospital District wrote on FB. Another said she was ""anti-mask."" A 3rd shared a meme: “The ones selling the panic are the... ones selling the vaccine.”",pharma 
715,1336658080621359104t,@scouseblueblood Lol. First there was 2 deaths. Then there was 4 deaths. Now is 6 deaths. At this rate in few weeks time all volunteers for Pfizer vaxx are dead. Is funny when people cant even make some shitty fake news lol,side-effect 
716,1254977104946573312t,@JeremyHollywoo2 @WildBil11464779 @DominicGBrown @zkaram Maybe bcuz the average flu vaccine is around 40% effective. What makes ppl think the covid vaccine would be any better? It's very dangerous thing to try and wait to reopen until a vaccine is ready,ineffective 
717,1298418394958573569t,"@skabowl @Panalicious @wosiedog @globalnews Weird flex but ok. If you get the vaccine why should I. You’re already protected. And for anyone else that decided not to, we know the risks. The .03% risks. God already knows I ain’t getting it. I don’t think it changes my expiry date.",unnecessary 
718,1295295635168665602t,AstraZeneca to be exempt from coronavirus vaccine liability claims in most countries | Article [AMP] | Reuters - Really? Let the politicians get vaccinated first! The rest of the world will wait & see if there are any side effects in 4 years’ time!👎 https://t.co/8Z2qEz9FQ8,political side-effect 
719,1430843813937958915t,"BBC Radio Newcastle presenter died of AstraZeneca coronavirus vaccine complications, coroner concludes Lisa Shaw died three weeks after her first dose, inquest hears https://t.co/EX5vFIvM1a",side-effect 
720,1352698994292518912t,"The exact same thing happened in #Brazil- where all those people got vaccinated for COVID and got sick and died.    they ran out of oxygen, beasting to get the vaccine, trump opens the border so they can come to usa and get oxygen tanks, and now ?",side-effect 
721,1317925182590300160t,@confidencenac And if they are tweeking an existing one it will be because they actually know that the 'cases' are not all Covid and mostly flu. The reality is they can't properly test for it because they can't isolate it. If you can't isolate it how the fuck do you produce a vaccine,rushed 
722,1335653839047806976t,@trvrb A 'vaccine' for the complex lethal Covid-19 Coronavirus after only a few months of 'research' but no vaccine for the relatively less lethal 'common cold' virus after centuries of fiddling with test tubes; what are the pharmaceutical companies not telling us about the common cold?,unnecessary 
723,1251205476798410760t,@Sandman65367335 @Porouje1 There has never been a successful Corona Virus vaccine! Every time they have tried and it went to human testing - it always gets shutdown because of adverse reactions and fatalities!,side-effect ineffective 
724,1332590170982400000t,40 year old man who reportedly suffered a serious adverse outcome during the Astra-Oxford vaccine trial in India has sued the company. https://t.co/TZmmkk13BG,side-effect 
725,1285230391901728768t,"New scam again? They cannot show the real PROOF and the LENGTH of such so-called ""immunity"" for all old and new strains of #COVID19! When these companies are faking a vaccine for old strains, many new strains are appearing. Trying to boost up AstraZeneca's falling stock value?",pharma 
726,1364262802693758979t,"@BorisJohnson said last week that there would be no vaccine passport, this week @michaelgove is reviewing the introduction of them. When will the dishonesty of the @Conservatives party STOP #VaccinePassports #COVID19 #lockdown #EnoughIsEnough #Fascist #dictatorship #lies",political 
727,1336156304918757377t,"@RickSmithShow @docrocktex26 In fact the vaccine has been rushed compared to normal vaccines. I've now had 2 doctors tell me they don't plan to have the mRNA vaccines, in part, because it's the 1st time using it on the public & they don't know the long term effect. They WILL take the standard Oxford vaccine.",rushed side-effect 
728,1293122773984915456t,"@MissPond They think they're the best, russian out a vaccine without adequate testing. So be it....I mean soviet....no wait.",rushed 
729,1288070819629993985t,"@jen_the_rn @kevinroose Factually untrue. Fauci has known of the effectiveness of HCQ in treating COVID since 2005. Plus, why would you assume a vaccine would solve anything? We have a flu vaccine yet we still have millions of cases of the flu and flu deaths every year. This will be no different.",ineffective 
730,1338441720791502850t,"@KimsRustyWheels @dmelvin3737 @GarageTraders @BreannaFuss @pfizer @FedEx @UPS And with people start getting sick and dying at a greater rate because this vaccine was rushed, who are you going to blame probably Donald Trump as usual.",political rushed side-effect 
731,1418687577264168967t,"@rstrongdoctor @arkmedic This is nonsense. Personally know of someone who had the Pfizer jab on early December. Admitted to hospital following a fall in late January. Tested negative on admission, picked up Covid a week later post op & whilst still in hospital. Died two days after positive test.",side-effect 
732,1325871466374557696t,@andydalessio2 @jill_d35 @hrw Pfizer should be dismantled and driven to bankruptcy. And they are making the vaccines?,pharma 
733,1339237500686983168t,"@VoteGoldJen Good info, also the CEO of Pfizer, the vaccine maker, is declining it because he doesn’t want to cut in line, really? He knows the side effects & thats what he doesn’t want",side-effect 
734,1319282184868409346t,"@LorettaPatriot @chahn1138 Sorry to put in Portuguese, but I am warning my Brazilian Patriots the risks we are having from the communists who wish to obry the chinese vaccine in us! We do not accept it!",country 
735,1263224726719086592t,@FiatLuxGenesis They hyped those too. I don’t recall which one it was where they threatened forced vaccines & backed down because overwhelming numbers of the public said they wouldn’t comply. - Banks & corporations were in big trouble the end of last year. They got Trillion$ w/ Covid blamed. 1/2,pharma 
736,1337146627811803138t,"@DarcyK74 @SChad71593015 That was then. This is now. I'm throwing all my trust behind Pfizer now. Can't wait to get the rushed to market, new-gen experimental vaccine with ""90%"" chance of success to keep myself safe from that killer virus out there we are all hiding from with a meagre 99.9% survival rate https://t.co/9KkQvFRRrW",rushed 
737,1309831887779700736t,"Wrong question, it should be when will safe vaccine be available. There is potential for so many long term side effects with #COVIDー19 vaccine that the realistic answer may be several years, but that won’t stop Trump and Johnson wheeling it out next spring #rememberthalidomide",side-effect 
738,1435550856825298949t,"https://t.co/xtOutt3NgE At last some truth about vaccine debacle coverup and spin. Australia could have been like Israel, Singapore, Denmark or NZ! And where was @abcnews , cheerleaders for the ""Oxford Vaccine""! Hunt Must Go by next election! Senior Australians remember betrayal!",political 
739,1298561075508662276t,"This is a disastrous turn of events - Astra Zeneca, for example, was granted immunity from prosecution for any damage caused by its hastily-developed products since July. Vaccines *must be safe & thoroughly tested* as everyone will be asked to take them. https://t.co/9ox7KUchT5",side-effect 
740,1375157231801528328t,"Scientist to FDA: You Are Ignoring ‘Clear and Present Danger’ Associated With COVID Vaccine FDA officials, Pfizer executives and media, Dr. Hooman Noorchashm warns many more will die needlessly from #COVID vaccines #korona #rokotus https://t.co/PDIuVQgVVd",side-effect 
741,1351844398930210817t,"If you are <40, healthy & fit and have no conditions or situations that may put you at extra risk, you don't need a vaccine for #covid19. 0% risk from infection. High asymptomatic %. If you've had covid, you have immunity. The 'vaccine' may not prevent transmission or infection.",unnecessary 
742,1253864612975476736t,"@Ben__Rickert 1994 Mexico, Philippines, Nicaragua: Suspicious of tetanus campaign because they excluded males, injections of vaccine in women of reproductive age. Tetanus vaccines found to be laced with anti-fertility hCG. UN Poulation Fund and Rockefeller Foundation. https://t.co/fXDAfsBUvd",side-effect 
743,1373929947429924869t,Two hospital staff members in Denmark suffered brain haemorrhages and blood clots within two weeks of receiving AstraZeneca vaccines against COVID-19. One has died and the other is seriously ill. https://t.co/mms2L5FDHy,side-effect 
744,1370833375745998849t,"@wakeupfromcovid Who the hell is not hugging their children even with no vaccine? Uh, no one. This sounds crazy as hell to me. I will be glad when the day comes that Fauci is no longer asked to opine on COVID. He is a terrible spokesperson. Flip flopper and distributer of conflicting information.",pharma 
745,1336827761629999104t,I’ll wait. I’m not going to be sacrificed on the altar of commerce just so AstraZeneca can rush it’s vaccine to market before trials are complete.,rushed 
746,1385350934641856513t,"Pfizer’s COVID Vaccine May Trigger Herpes Virus That Causes Shingles, Study Says • Children's Health Defense https://t.co/mGF1Rr5hdn",side-effect 
747,1325800846882443266t,@gregggonsalves @pfizer @BioNTech_Group Vaccine won't make the slightest difference to the millions of people who clear the virus easily and remain asymptomatic (or very mild). What will happen to those who's immune systems attack their own bodies when triggered by exposure to virus? Vunerable people still uncertain.,side-effect 
748,1256226965322899456t,@thesimersons Yep and there are multiple studies showing why a Corona Virus vaccine will never work and can be deadly...Any type of corona not just the man made bioweapon which of course is even worse...,ineffective 
749,1377369601323851777t,@Rytz_Cuecliche If your vaccinated who are you playing Russian roulette with ?,none 
750,1403787811367440384t,@FDACBER What's up FDACBER? Why in the world would Covaxin need another trial? Do you think it is not safe? Not effective? Not inherently effective against variants (like Delta variant)? Or is this just a stalling technique on behalf of your favorite vaccine maker?? #Covaxin @Ocugen,ineffective 
751,1420412921352425477t,@gladstone_noble @OscarNMFranklin @mikehoganmedia Every vaccine is different - the old fashioned way was to give dead virus which **would result in an immune response. For Covid Sputnik is one of these. Other vaccines use a live but very weakened virus. No Covid vaccines use this method.,side-effect 
752,1334705193288671232t,"Philadelphia Priest Dies After Participating In Moderna COVID Vaccine Trial. Three of the other 15 human guinea pigs in the high-dose cohort - 250MG - reportedly suffered a ""serious adverse event"" within 43 days of receiving Moderna's jab. https://t.co/ImtWa1r03M",side-effect 
753,1450096221281046535t,@clockwo91548996 @davidnelsonORL @Kukicat7 @pfizer GSK and the SWINE FLU PANDEMIC (alleged by NIH) in 2009 resulted in PANDEMRIX an immediate GSK vaccine which caused chronic fatigue and sleeping sickeness.,side-effect 
754,1375773944767188994t,@Jlesirma @KuiKaringithi In fact you may be well aware of the fact looking at you are from Makueni and it’s actually so many doctors of Taita Taveta who have refused Oxford AZ. If we take AZ we are locked to that vaccine and we can’t risk that knowing it doesn’t work and something better is on its way,ineffective 
755,1251000898890981381t,@DJT_FinalAnswer @kirstiealley @va_shiva Don’t get the vaccine when it’s available. Play Russian Roulette.,none 
756,1328348550808424448t,Just a little bit of history on Pfizer. Probably worth a watch if your looking forward to receiving your vaccine...,none
757,1354110801699872769t,Widow says her healthy 56 year-old husband died from Pfizer’s vaccine https://t.co/MjekJ6KScg,side-effect 
758,1338696176296574977t,"7. How long will antibodies last w the vaccine ? Experts said when contracting the disease, antibodies originally only lasted 2months. I’ve got wayyy too many more questions & no answers that make me uncomfortable w the COVID vaccine.",ineffective 
759,1353377150829735937t,"@ashindestad @Rad1Sharif I mean Pfizer literally said they never trialled their vaccine to be taken 12 weeks later, so why the government decided to risk it and go ahead with it shows their incompetence. It's a horrible policy when there's basically extrapolating data to justify it",rushed 
760,1370014881517297664t,@bravenew_orwell Yep..scaring people into taking the vaccine ...a vaccine passport was never going to really happen in Europe...what about the open borders & countries taking the Russian jab not licensed by the EU ..,mandatory 
761,1334190096661278720t,"@MartinDaubney This is not a plus for brexiteers, It is just the government trying to dig itself out of a hole. I for one do not trust the Pfizer vaccine they have not been tested enough, also the company has very dubious credentials. Repeatedly being fined for wrongdoing",pharma 
762,1300367705976057857t,Only a fool would believe a vaccine this quickly developed is SAFE! Another political ploy to get the greatest con man that ever lived a get of a jail free card..there will be no vaccine for COVID before the election.,political 
763,1335342484705189891t,2009: Swine Flu scandal 2010: Bill Gates TED talk: reduce CO2 by reducing population using vaccines 2017: BMGF awarded £980k to MHRA 2020: 1) MHRA approves Pfizer mRNA CV19 vaccine 2) 12 of 20 SAGE members have ties to vaccine companies https://t.co/BdrgbL5IHq,none
764,1344764677121855489t,ER Nurse Infected by #COVID-19 Eight Days After Getting #Vaccine | Dec 30 | #vaccines - Health care workers are chiming in after a nurse from San Diego tested positive for COVID-19 over a week after receiving the COVID-19 vaccine made by Pfizer. https://t.co/wgSWUAv688,side-effect ineffective 
765,1305506691308564480t,"First ones to receive it should be the family members of Pfizer reps, and of govt officials pushing this through at such a pace.",none
766,1427144172406927365t,"#VAERS #Pediatrics #Vaccinedeaths 13y♂️died #Moderna #CovidVaccine ""Write-up: Died three days after vaccine; 13 year old boy dies three days after the Moderna vaccine;"" https://t.co/5WSsD21Czf",side-effect 
767,1285682205671522304t,@axaynegi @OxfordVacGroup Listen to renowned experts having different opinion than current discourse about Covid also. https://t.co/IFGSnnL92b As such 23.48 seroprevalance rate means case fatality rate is 0.08% and no need for vaccine as it's not a deadly virus.,unnecessary 
768,1325607733249372166t,@stillgray I suspect his approval rating goes to 39% as soon as he says -- we're going to lockdown and not coming out until the Marines deliver a CureVac shot to your house. People who sign up early for the shot get Bill Gates' autograph!,pharma 
769,1339398066928009216t,"Why can drugs and vaccines against a virus called SARS-CoV-2 that allegedly provokes a disease called COVID-19 be approved without any proof that a virus called SARS-CoV-2 provokes an illness called COVID-19 in humans, dear @Swissmedic_?",side-effect 
770,1279420508593889280t,@raea19191919 @FreeNewYorkNow @BriscoeCain @DenverDScott01 I believe it was his polio vaccine (could be wrong) that killed and paralyzed more then the disease hurt. Please keep in mind his hands are all over this Covid research. His rapid tests already had to be pulled by the CDC.,side-effect 
771,1355687780597325827t,"@RepThomasMassie Not a real surprise - The shot was not tested for, or known, to stop infection or transmission only deals with at best symptoms - far too many see this as a vaccine but it is not by definition one.",ineffective 
772,1302761964213383168t,@MSNBC @VinGuptaMD I am horribly concerned about releasing a vaccine before it’s ready. What is the medical impact of a vaccine that is not proven? Could a COVID-19 vaccine that is not fully proven actually infect a healthy person with full on Covid-19?,rushed 
773,1371483916956237837t,"@LAMcbelfast @BBCgmu @mlchealth @LouiseMCullen European countries suspended use of Oxford-AstraZeneca vaccine after reports of blood clots and Boris wants us to take it. Boris, Matt Hancock and Nadim must resign. He is putting people 's life s at risk. Oxford are lying Public should not use it who have severe allergies",side-effect 
774,1349009811501953027t,It’s 2030 and the three month annual lockdown starts on New Years Day as the “Common Covid” vaccine is rolled out. The NHS is a private company so the rich pay for their vaccine then go on holiday abroad while the poor are locked indoors and “hampers” are delivered to them.,unnecessary 
775,1364515802238640128t,@valoakley25 @seasidedad1 @prisoner1968 Not the point that was being made. You can still contract and pass on covid after having the vaccine.,ineffective 
776,1418786480693055489t,"@chadfelixg Well, for one thing, there is no effective vaccine against HIV. (Moderna’s working on one, but no guarantees. https://t.co/eHOqSMhFO1)",ineffective 
777,1336787463730294790t,Hardly reassuring news is it? Pfizer want the money but not the risk as their #covid19vaccine which has been indemnified by the Irish government @MichealMartinTD @LeoVaradkar https://t.co/X0FWft6A6h,pharma political 
778,1354556744475828225t,"@MarkitaChatman @RootedInYah if the white part of your eye starts to swell, you could have an autoimmune disease called scleritis and youll need prednisone to help it. happened to me years back after I got injected with a poison vial the doctor called a ""vaccine""",side-effect 
779,1218206152070176768t,"@realdonaldtrump We, the people, as registered voters request an executive order protecting USA religious freedoms & putting a stop to Pharma's agenda to mandate liability free mass vaccinations. ""Save our children & their futures"". #ReligiousFreedom #1A #NY #NJ #MedicalFreedom",mandatory 
780,1263851885947170817t,"Doubts over Oxford vaccine as it fails to stop coronavirus in animal trials' | via @telegraph https://t.co/4lFZUEwkYf And the bullshit goes on. If you gave Covid to 1/2 doz healthy humans, they wouldn’t get pneumonia either. The only sensible conclusion is - it doesn’t work!",rushed ineffective 
781,1363871279418335238t,"@TraceyLouise @slimschutte @AefreBetty @jon_severs @StevenCross81 Ah yes, that good old fashioned vaccine that was trialled over the correct amount of time, and not forced upon every living being on the planet... Even without this new thing, if you're healthy, you'll still be fine.",rushed 
782,1269399921414877192t,"#Coronavirus drugmakers' latest tactics: Release skewed, scant data to make a drug/vaccine look promising in order to manipulate the stock market, then cash in. This was never about public health. @moderna_tx @GileadSciences @NIH #FauciTheFraud https://t.co/ThTVUlzlJN @politico",pharma 
783,1244039478425067520t,"@Mark_the_Duffer @dwnews @c_drosten We have had our civil liberties taken away based on an incorrect model of 500,000 deaths. Now they say 5,700 deaths. Based on that figure the government was wrong to draft and pass the coronavirus bill. Too late now of course. They wont repeal when reviewed as no vaccine yet",political 
784,1364937350594322434t,"@Arwenstar I’ve had Covid recently. Not only do I not need the vaccine, the advice is not to have it for 3-6 months after recovery. Do I now get ostracised for achieving immunity?",unnecessary 
785,1335234703478190085t,@MollyJongFast I want to know how would we know if the vaccines aren't being crossed? How do we know that the first dose is mRNA & second isn't Pfizer? This hasn't been addressed & we the people NEED ANSWERS before becoming test dummies,rushed 
786,1398644881254326275t,"@SadafReal @BajiVaccine sister no for astrazeneca,, im gives warning for all pakistani muslim stay away from a vaccine,, its might safe for some people,, its not suit for all people",side-effect 
787,1340722802358411268t,@newsmax Moderna vaccine will forever change your DNA; you will become a GMO if you take it.,side-effect 
788,1378399913973800969t,"@lucstudies I don’t know what the repercussions for those 3k people are, I guess if one of them could still have died of COVID? Im not sure on your point of that sorry. I’m not against getting the vaccine, I’m against forcing people to get it so they might be allowed to get a job or buy food",side-effect 
789,1376526430935384066t,"@jb4civilrights @Sloths7777 Vaers report full of horror stories about Moderna deaths. I think the public deserves to know if even one fourth of the stories are true but being a victim of the 1976 swine flu vaccine, the government is NEVER honest about vaccines.",side-effect 
790,1319547646193881088t,"I'd love this to be true. But if a vaccine could be developed in 10 months, why don't we have a perfect flu vaccine by now? No way I'll be taking this. Oxford vaccine works perfectly by safely triggering an immune response https://t.co/1sSflZQoQY via @MailOnline",ineffective 
791,1263180003711180802t,@am_sron @feralhogbacon @AnnWilburn7 @moderna_tx You trust hospitals? They are not making money off of others things right now.,pharma 
792,1339231165186764803t,"@ProfJSDavies You realise that Pfizer didn't even carry out sufficient trials right? They weren't due to be concluded until January 2023, so how comes they've seemingly cut corners?",rushed 
793,1353289491524550657t,It would be better to have actually caught this mild illness for the 98percent of us..OH wait a minute EVEN if I caught it do I still need to take the vaccine🤔so IF I get the JAG but still keep ALL the masks the distancing and the BS yes? note to self:DO NOT GET VACCINE 😡,unnecessary ineffective 
794,1441130774581891072t,@MoniRuna7 What is a traditional vaccine - well its not AstraZeneca - these are adenovirus vaccines and they do carry a very serious side effect of thrombocytopenia - and this can be fatal and even if it isn't there are ongoing health issues for those affected.,side-effect 
795,1337668699638046721t,Are you waiting for the Pfizer Corona vaccine? Swine-flu vaccine side-effects so bad ‘that children were like schizophrenics’ Do check this amazing article from this link below. @TFofPR https://t.co/eTKerTEJVi #COVID19 #CovidVaccine #coronavirus #vaccination #health #ActNow,side-effect 
796,1376210451068030978t,My mom want me to take the vaccine so bad & I’m not with it,none 
797,1326732181335502848t,"@jaketapper Immensely irresponsible of you, Jake, to feed the idea that the Pfizer vaccine is going to actually be ready large scale any time soon.",rushed 
798,1366999533851447296t,South Korean authorities on Wednesday said they are investigating the deaths of two people after a media report said the pair – both with pre-existing conditions – died within days of receiving AstraZeneca’s COVID-19 vaccine. https://t.co/4KC2wHdHy1,side-effect 
799,1373318451960242177t,"""A previously healthy woman in Sweden... 👉died from severe bleeding 👉a week after getting the first dose of AstraZeneca’s COVID-19 vaccine... ...the Swedish Medical Products Agency said on Thursday."" https://t.co/WzDoQ6LHgJ",side-effect 
800,1374837382730629123t,@princeokey10 Useless vaccine,ineffective 
801,1353435043830525952t,Fantastic and tragic. Fauci is a politically motivated 40 yr fed employee who wastes money and damages actual scientific research. No vaccine for me.,pharma side-effect 
802,1344831072987709440t,@peter_lord @aitchemcee283 @melraunch1 @cononeilluk Even more worrying. In their hurry to rush the Pfizer vaccine through the U.K. agreed not to hold Pfizer responsible for any problems.,rushed side-effect 
803,1440845720093794314t,"Propaganda 101. Freaks & Geeks Jerry Messing partially paralysed after COVID-19 diagnosis should read: Freaks & Geeks Jerry Messing partially paralysed after COVID-19 vaccine ""Before his diagnosis Messing had received his 1st dose of Pfizer"" #COVID19 https://t.co/oHTir8APos",side-effect 
804,1297604112083632128t,"@MarciHunni @paulo1141 @thehill There is a study that shows ppl with the flu vaccine faired worse, than ppl who didn’t take the flu shot when it came to Covid. See u just made my point. Even, with a vaccine the elderly still died more from the flu even with a vaccine. Just like kids. Meaning vaccine is useless",ineffective 
805,1454785781780918277t,Jake Kazarek: 28-Year-Old Body Builder Dies 4 Days After Second Moderna COVID-19 Vacc1ne https://t.co/Ae8yYcSYgl,side-effect 
806,1350089923253178369t,Investigation launched as 2 people die in Norway nursing home days after receiving Pfizer’s Covid-19 vaccine The Norwegian Medicines Agency has announced that two nursing home residents passed away days after receiving the Pfizer-BioNTech Covid-19 vacci… https://t.co/HPFBLtssew,side-effect 
807,1325904165445439491t,"Ya’ll trusting Pfizer for the covid vaccine? no lo sé, Rick",none 
808,1410388766557048833t,"@FluoridePoison @MelissaLDavey Your post is actually listing side effects of both types of vaccines, AZ and Pfizer. As you say, the AZ clots is not the only problem. Young people are at greater risk of side effects from both the vaccines. Old people are at far greater risk from the COVID infection.",side-effect 
809,1364904789390352386t,"@DaemonSkip @gnrsmiffies @ponytail1969 @Esther29611814 @SteveBakerHW @CharlesWalkerMP He was on a TV interview regarding the moderna vaccine and the adverse reactions and he couldn't refute anything, has anyone called him out, have you even heard about that? if the organisations he funds go against what he wants for the great reset, the funding will be pulled",side-effect 
810,1413269987997925382t,"PFIZER MAKES IT OFFICIAL: THEIR VACCINE'S EFFICACY, LIKELY ALL COVID VACCINE EFFICACY, SUDDENLY AND WITHOUT WARNING OR ANY SYMPTOM USER COULD DETECT, STARTS TO WEAR OFF AROUND 6 MONTHS. JOE BIDEN IS AN IDIOT AND 'SUMMER OF FREEDOM' IS EXTERMINATING YOU. https://t.co/2MCLMi4CZQ",ineffective 
811,1327043394963697665t,"@Chambers34 @ChrisGBarts @bbcquestiontime @robin_shattock And mostly they are not terribly effective. Plus, this is a completely novel vaccine as it is an RNA based one. Never done before. Pfizer's trial end date is listed as Dec 2022.",rushed ineffective 
812,1354944672985042944t,"@guardiannews Astra Zeneca are plain dishonest. They’ve shifted doses out of EU to UK despite the EU’s substantial funding and a contract of delivery. If they’re dishonest in contract fulfillment, how can anyone trust their data as to vaccine safety and efficacy.Just plain dishonest.",pharma 
813,1398344324719521798t,A summary of the actual science underlying the clotting adverse reactions to the Oxford #AstraZeneca jab and why the mRNA 'vaccines' don't have a free safety pass. https://t.co/u2WaChaSWA,side-effect 
814,1311375967156396032t,"@dirkdiggler5855 @OdileSamsara @MattHancock No ones going to get injected with something that’s only been made in the last 6 months, especially when many people think they have already had it so don’t need a vaccine.",unnecessary 
815,1429407536118108167t,"@sritara @GorwayGlobal This being a different kind of product (I refuse to call it vaccine, unlike Covaxin) the risks are huge.. Cancer Risk and multi-generational Cancer risk being most alarming of them. I reiterate immunity boost will be zero. Check my warnings in 10 years time.",pharma 
816,1250179125714829312t,"@EricMMatheny I would not accept Corona-vaccine now, because it might cause the very thing it’s supposed to prevent. That happened in the early days of polio vaccine.",unnecessary 
817,1413251614471639045t,@DrEricDing @sajidjavid @BorisJohnson @DrMikeRyan The Hague. Is where they are going. Boris has pinned all his hopes on the vaccine. The vaccine is a great tool. When used with public health. Boris made the #BorisVariant (Alpha I think) with recurrent ‘faux lockdowns’. He is about to upgrade Delta or Lambda with his psychopathy.,conspiracy side-effect 
818,1365780690692931584t,I’m getting my covid jab tomorrow but I’m thinking of cancelling. Like I have a busy bloody week ahead I can’t afford to be ill because of a vaccine I don’t want. Like just hoe bad are Oxford side effects?,side-effect 
819,1441033208410300419t,"Losing faith in the Oxford vaccine, if the creator thinks things like this then we're totally fucked. The virus is already showing signs of being much more severe than wild type, and vaccine evasion. https://t.co/zEL2R91yHB",none
820,1376963746862612486t,"Germany& Canada suspend AstraZeneca vaccine over safety concerns.The updated recommendations come amid new data from Europe that suggests the risk of blood clots is potentially as high as one in 100,000,much higher than the one in a million believed before https://t.co/BwQ7fRr6BY",side-effect 
821,1340312368685969410t,"Media Blackout: Moderna's FDA Report Lists 13 Total Deaths, 6 In Vaccine... https://t.co/6RzL7unfyv via @YouTube What the mainstream media is not talking about, is just what you need to hear about NOW. Be concerned, think twice to previous warnings. Don’t end up DEAD.",side-effect 
822,1335728659836100608t,Pfizer will not summit the study for peer-review until they've completed their analysis of safety data. Let that sink in! The vaccine is approved and they have not finished analysing the data! https://t.co/EtL0EeeCtl,rushed 
823,1338861382083567620t,>Pfizer: we have this great new technically untested vaccine that’ll heal the world! >me: great can you take it first to ensure I’ll be safe and that you trust your companies science? >Pfizer: OH NONONONO THATLL BE CUTTING IN LINE WE’LL WAIT,pharma rushed 
824,1352345196013486082t,"You stupid fool you have no judgement what so ever 5G?? Biden's 1st job remove Churchill bust, refused 2 let Patel close A.Ports let in 150 Romanians many with covid, PFIZER Vax killing ppl worldwide 23 in Norway care home YOU murdered 10,000s of cancer patients WE WANT YOU OUT",side-effect 
825,1338379308662976512t,@LLinWood @SidneyPowell1 Please advocate for vitamin D3. Instead of a chemical protein substrate vaccine. Protect our troops with vitamin D3. Not with an mRNA vaccine. stronger immune system’s prevent COVID-19 from weakening the body.,none
826,1421741199891783686t,""" This will be when Pfizer is ready for the third vaccination. Medical fascists will warn us to take the third injection because of the dangerous Delta (Indian) covid strain.""",side-effect 
827,1392379035070734339t,The countries that use the Chinese vaccine are now under devastating waves of virus even with nearly all population vaccinated. If this exported vaccine is the same used inside China they are in big trouble. https://t.co/BSm9bXm2on,country 
828,1289203530478153728t,"Im not taking a vaccine just because trump says its ok, not gonna happen",political 
829,1288282935657979911t,"Can we please have a factual explanation for why a treatment protocol for Covid19 using tried & tested drugs will not be used? Is it because Big Pharma won't get their cut, or because it removes the reason for a global vaccine? @MattHancock @BorisJohnson @CMO_England",pharma 
830,1297218478320111616t,@GovRonDeSantis It is time to end this Covid nonsense. They are testing and calling any covid positive Covid - 19 positive. Then they call it a case. This needs to stop and we need to open up and people will catch it like they do the flu. Herd immunity is the answer. No vaccine taker here.,unnecessary 
831,1254096497374711809t,"@realDonaldTrump Apparently Canada does too, after the kid ordered ours from China and all of them don't meet the standards. Us Canadians appeal for help from the useless idiot. However, Mr. President I'm disappointed that you are buying into the whole Vaccine propaganda",political 
832,1374051376779698176t,"@BaileyJoy9 Some people think that the vaccine will save them, That is the wrong thought. Only LORD Jesus can save.",none 
833,1305567609669197826t,These Psychopaths are getting ready to implement the End of Civilization as we know it.. Moderna’s Coronavirus Treatment Transforms Body Into Vaccine-Making Machine https://t.co/jn0ni4thKA,conspiracy ingredients 
834,1232830499493761024t,"@jdawsey1 @JStein_WaPo Don’t even get me started on the fiction of having a vaccine in 8 months and an anti-viral I’m maybe 6. I worked  clinical trials, going from a 15 person trial to a 300+ Phase 3 trial with data analysis takes years. /1",rushed 
835,1428190440994467840t,"@DedRed18 The overwhelming majority of the 578 seriously ill in hospital are vaccinated. The unvaxxed are a tiny proportion of those hospitalised with Covid. With the side effect profile of Pfizer, natural immunity assisted by IVM prophylaxis would be a safer bet.",side-effect 
836,1354198297020407809t,"@Feminismandfre1 @themannysheikh @andyvint_ @ianbrown Do you have an actual point? The clinical trials were based on reducing the severity of the disease, not on transmission. With any vaccine, you can still get infected. Vaccination is there to prime the immune system.",ineffective 
837,1350269524843618304t,@Sunny_Remington @robertlendvai @nypost Precisely. And the under 50s who will not die from the rushed vaccine have better chance of dying in a car crash than covid. Funny that. It’s almost like the vaccine does not make any sense,rushed side-effect 
838,1325855774833303553t,So they’ve created a vaccine for COVID in less than 12 months but yet after years of research and millions of money invested they still cannot find the cure for cancer ?🤔,pharma 
839,1432599237645283328t,New Zealand health ministry links death to Pfizer vaccine https://t.co/xTwLPhCRIW via @mercnews,side-effect 
840,1334425026611785729t,"So if you are vaccinated and end up hospitalised because of a reaction, you cannot sue. Pfizer given protection from legal action by UK government https://t.co/3FcZOsZm0N",side-effect 
841,1337790086528729088t,@JoeBiden 1 There is no evidence how the Covid Virus came in China 2 There is no evidence wearing mask is helping in Covid 3.There is evidence available bacterial pneumonia rise's cause of wearing a mask for long time 4.Just think in Covid crisis recovery rate is 90%then why need vaccine?,unnecessary 
842,1313290538838380548t,@jordangraham__ catching Covid was part of the plan I’m sure 🙄 he’s going to say some random vaccine cured him and then pump it out like candy.... ugh,unnecessary 
843,1408556059539738628t,".....but Covid does not put them at risk. and then we have to wait for 5-7 years for the examination, ”doctors trying to save the boy told https://t.co/QZUEwE6jTZ, who according to press reports believe that Pfizer vaccination and the boy's heart attack are closely related....",side-effect 
844,1355643541175861253t,"@BrutallyAverage @doctor_oxford I know. Imagine all those that died of the vaccine, and all they talk about is underlying issues. This is just from this week from CDCs reporting system https://t.co/bUsdwcSGcF",side-effect 
845,1366029044760915968t,"UK advances plans for vaccine passports to travel, enter stores https://t.co/njUns4xKfS via @Prepare_Change CONTROL. For a virus that has a 99% survival rate. HMMM",mandatory 
846,1374773280754782209t,"@Dylan01Jakins @bryanvincent9 @ianbrown The vaccine companies are making huge profits from these vaccines, if they were really concerned of people’s health these vaccines would be non profit, just covering the cost of the vaccine development..",pharma 
847,1356718017556738052t,"@bidens_girl This ""study,"" characterised by an Oxford spokesperson, has not even made it to ""pre-print."" At the moment, it's little more than a press release. The AstraZeneca vaccine is still seen as dubious in the United States because of the major confusion in dosages and openness. https://t.co/gWndzo2RKh",none
848,1377280621240844289t,Johnson & Johnson knew for decades asbestos was in it's baby powder - think I'll give their 💉a bodyswerve 😏 #vaccine #VaccinePassport,pharma 
849,1330303958146015235t,"@davidnhamilton @JohnDelaney As far as we know-Pfizer’s vaccine does not prevent transmission. So, is that also your plan? To go on everywhere, infecting people? How selfish",ineffective 
850,1370717032568737793t,@hellokidneyMD Maybe they are wise to the endless vaccine scams. Covid boasts a survival rate of 99% (CDC) Our world in data shows no significant spike in all cause mortality in 2020 vs past 25 years. Vaers and MHRA show unnecessary adverse affects from probationary warp speed jabs at 1/200,unnecessary side-effect 
851,1342777017540874240t,"@CBCNews @LauraHowellsNL Bet they got all the hot air to inflate those 130 snowmen from all the politicians,health officials and MSM anchors pushing bill gates covid fraud and depopulation vaccine agenca lol",political 
852,1262261316955385857t,If you’re worried about Covid-19 then you should be TERRIFIED about the vaccine Under the disguise of University of Oxford is really Astrazeneca pharma giant that was sued for fraud AstraZeneca Given go ahead for 30 Million U.K. Vaccine Doses by September https://t.co/iPXI8Ru4cp,pharma 
853,1317527524080029696t,"@LPowerman1 Agreed. Almost every decision they make to fight covid, especially ones involving vaccines will be bad. We're in an era in which we have to take extra care of our children and our elderly.",none
854,1305646946724569089t,@phinandme Yes I am on Wednesday but I will not take a Covid vaccine when it is offered to us.,none 
855,1336620479629713408t,Warning as two NHS workers have allergic reactions to Pfizer Covid jab. And there I was thinking that NHS Staff were getting a placebo 🤔 https://t.co/SF3de0eMkG,side-effect 
856,1263795546353020929t,@RobertFife So its a good thing we opened the door wide and are working on a vaccine with China's military with human trials on Canadians. Oh ... wait...   Can our govt be this stupid?   #cdnpoli #coronavirus #COVIDー19 #Covid_19 #Covid19,none
857,1333453007917248512t,"@realDonaldTrump @US_FDA ONLY if the data is independently validated by several independent scientists & proven SAFE & effective. Americans can't trust anything from you since you politicized everything so you look good, damn the consequences. #vaccine #Moderna",side-effect ineffective 
858,1355729088883924996t,"@guardian ALREADY PEOPLE WHO HAVE HAD THE VACCINATION HAVE CAUGHT IT AGAIN ..... YOU ARE GOEBBELISM .... ITS A WELL KNOWN TACTIC TO MAKE PEOPLE SCRAMBLE FOR SOMETHING MAKE IT SEEM RARE THE RICH ARE GETTING AHEAD THERE IS A FIGHT OVER IT, AND YOU ARE PLAYING THE LEADING ROLE AS USUAL",ineffective 
859,1341403711554379778t,Polyethylene glycol may have triggered severe reactions in at least eight people who received the Pfizer-BioNTech vaccine in the past 2 weeks. Suspicions grow that nanoparticles in Pfizer’s COVID-19 vaccine trigger rare allergic reactions.,ingredients side-effect 
860,1288916965759881216t,"@MiekeEoyang Ok, yeah, this passage takes it beyond the personal risk category... > a dangerous side effect, called enhancement, in which a vaccine can actually worsen the disease",side-effect 
861,1348559105036836866t,"@petermoyo6 @News24 @CowansView (1) We haven't seen any or enough data yet to know the China vaccine is safe (2) 4000 sick from Pfizer? Really? How do you define ""sick""? Because we all know that vaccines do have side effects, usually around 5 to 10% of people being vaccinated will experience some side /2",side-effect 
862,1343377504325742592t,"We can't have pharma companies inventing new vaccines with ZERO liability, while they pressure Congress to make vaccines mandatory. Recipe for disaster! Pfizer's Candidate, Bigger Than Its COVID Vaccine @themotleyfool #stocks $PFE $MRK $BNTX $MRNA $VTRS https://t.co/2j4uTA5fC8",mandatory 
863,1426458443343224832t,"@CindyKester Modera, Pfizer never completed any of their clinical trials with subjects who had any allergy history, vaccine reaction or anaphylaxis. I have multiple allergies, have had 2 vaccine reactions (one being an allergy to Thimerosal: Mercury) and one anaphylaxis reaction to an IVP.",side-effect 
864,1283262899922886656t,"@OffGuardian0 Raise your hand if you want a ""CureVac-customized mRNA molecule"" added to your genome. Maybe why the EU suspended it's regulations on GMO's? Because the next genetically modified organism is going to be us (if we let them) https://t.co/Yuj8Gw7qCU",conspiracy ingredients 
865,1223301868354404357t,"Section 13 This vaccine has not been evaluated for its carcinogenic potential, mutagenic potential, or potential for impairment of fertility. Whoever finds their life will lose it, and whoever loses their life for my sake will find it. Mathew 10-39 #wedonotconsent",side-effect 
866,1399618789126201344t,"Former Pfizer VP Tells RFK, Jr.: Young, Healthy People Shouldn’t Be Coerced Into Taking ‘Experimental’ Vaccines https://t.co/VkXFYGf87e",rushed 
867,1356649897462816772t,"@GeorgeEich Then I suppose there is no hope for a vaccine.   Nothing coming and it won't work if it does come    It is Lockdowns Forever, or take your chances with Covid  Lockdowns are no life at all. My choice is to take my chances and live my life.  Bring it on.",ineffective 
868,1327805314037649409t,@dbongino Lets Spread the truth about the Origin of Covid 19 and the Pending MANDATORY VACCINES TOGETHER!  https://t.co/cIoYrwvW2o  https://t.co/PpQKTzUIuH,mandatory 
869,1326598342449782785t,"So can someone tell me why we need this scam vaccine when Johnson and Donald Trump are supposed to have had Covid-19 , so why can’t people get exactly the same treatment as they did as I remember Boris made a big deal about the nhs saving his life but we have to save the nhs.",political 
870,1257852720389767169t,@chicagotribune I don't care how successful anyone says a vaccine for this is. I will never get it. #noliability #vaccineinjury,pharma 
871,1336102063210700804t,"@CharminUltra17 If COVID vaccine becomes EFFECTIVELY mandatory (i.e., we won't FORCE you to get it but you can't work, shop, or travel w/out it) then it's only logical that EVERY OTHER vaccine be mandatory also. That's a very small step, tbh. And it isn't THAT far of another step to ...",mandatory 
872,1364802426587344897t,"@dsizzo @MichaelBalcom1 @Kamou10 @AP You do know that after being vaccinated, you can still be a carrier just like the person that didn’t get vaccinated, so why should they be restrained and not you? You being vaccinated doesn’t protect others from catching Covid from you🤷🏾‍♂️",ineffective 
873,1327198165230104577t,@BorisJohnson Remind us how many sharks will die for a covid vaccine nobody wants!,none
874,1297601821242822656t,"@MarciHunni @paulo1141 @thehill We have been giving the Flu vaccine for what 50 yrs. We have to make a new one every yr., because it mutates. Even with all that the flu kills more Americans from young to old than Covid. Those are just the facts. Covid has a 99.9% survival rate. That is better that the flu Cont.",unnecessary 
875,1425466167347630085t,Dr Robert Malone tweeted that an Israeli scientist disclosed information that Pfizer made an agreement with the Israeli government to hide adverse reactions to the Covid jab for a minimum of 10 years. Dr Robert Malone is an inventor of mRNA https://t.co/hHub5iQE8O,side-effect 
876,1337107111474393088t,"#Pfizer conducted an unapproved 1996 clinical trial on 200 Nigerian children with its experimental anti-meningitis drug, Trovafloxacin, without parental consent and which led to the death of 11 children from kidney failure and left dozens more disabled. https://t.co/VbJqW4hOQH",rushed side-effect 
877,1258499367289458689t,"@kirstiealley @BillGates I agree, bill gate is the latest evil of all times. Out of nowhere he has the vaccine, that's crazy. In my opinion, I think he is in this COVID-19 spread. But to bad, he is a living being so he will one day get what he deserves!!",pharma conspiracy 
878,1319055021061869568t,To all you lemmings who bought into this flu con game by democrat politicians - how u feeling now about being first in line for any new vaccine that a politician is surely to tell you it’s https://t.co/qeGQRgng09!!!!! https://t.co/PV5FSLCCGx,political 
879,1344657978188816385t,"@LLinWood @MarkMeadows What I'm trying to understand is .. Why did Trump go along with working with Moderna ? Why go along with any vaccines at all, since there is no real pandemic ?",none
880,1376664552893415426t,@JamesFallows @goodyk ... and yet the government didn’t shut down the country even though the virus effected children. And those vaccines were test on animals. The Wuhan Virus vaccine has not been test on animals. It doesn’t effect kids and has a 99.98% recovery rate. Do you guys work for Fauci?,side-effect 
881,1347952021505191937t,Four Deaths in #Elderly Reported From 3 Countries During First Days of Vaccine Rollout. #COVID19 #Vaccine #Reactions @pfizer @BioNTech_Group https://t.co/ceO5Uk0rux,side-effect 
882,1439132448407711750t,"@drajm I am actually most concerned about dose 3 with Pfizer as the myocarditis seems to increase with each dose. Apparently the FDA is not sure either, about giving dose 3 to healthy under 65's. We need more studies so we can make science based decisions. https://t.co/jL9pBu55LU",side-effect 
883,1323424269079072768t,This is a earth wide problem. The government's of the world are ready to change your dna CureVac's COVID-19 vaccine triggers immune response in Phase I trial https://t.co/zZJd3aQ0Rf,conspiracy side-effect 
884,1374988243263979522t,"Every person gets one chance to show real courage Landlords of Britain’s Pubs, today is your chance 🇬🇧🇬🇧🇬🇧 Tell @BorisJohnson to stick his vaccine passport up his arse @CoachRosedale @WHFIRosedale @BlacksmithsLast",mandatory 
885,1376516269403426818t,@SharkawyMD @LisaEsther6 I have a question & I’ll post this several times do I apologize for the repetitiveness of this tweet. - Has anyone know anyone or themselves that has gotten the #CovidVaccine #vaccine and experienced a massive heartbeat drop down into the forties? Lead to a EM visit or stroke?,side-effect 
886,1271845427143274499t,"#Astrazeneca wins #coronavirus #vaccine deal with Germany, France, Italy and the Netherlands This sounds fishy Fishy as hell. Unproven #vaccine and everybody in the world are clamouring for it India included. https://t.co/ZlVcoHrdRh",ineffective 
887,1376717327102803968t,"@Hephaestus451 I believe the vaccination card is used to track the manufacturer and lot number of the vaccine one receives so as not to cross manufacturers. Absolutely zero chance I’m carrying that around in my wallet.   Two separate issues. If govm mandates, it’s unconstitutional.",mandatory 
888,1293190350811660289t,"@ComfortablySmug @JoeBiden I appreciate your willingness to be first to try the Russian vaccine. Personally, I’m taking a hard pass on that one.",none
889,1298682769967665154t,"@anon_a_mooseCAD @BeardTormund @LisaBBack2009 @globalnews @CHEXNewswatch What difference does it make. If the vaccine is voluntary, have at er. I’m not in. And the only person at risk is me and those that chose to risk it with me. Do try and keep up.",mandatory 
890,1352962015124459521t,"@Simontaylor66 @Luke4152 @Azzaj_93 @piersmorgan @BorisJohnson @MattHancock @nadhimzahawi A vaccine is supposed to give you immunity, not just soften the sysmptoms https://t.co/bcUZxAMS0p",ineffective 
891,1304939081999282178t,@CP24 No to the flu shot!! And a fuck no to any covid vaccine!,none 
892,1285176864806445057t,"Would put money on results of Oxford vaccine trials being ""didn't stop people getting infected but those that did get infected didn't get so ill."" + Oxford/AstraZeneca downplaying the fact that it will have tested it almost entirely in age groups that don't get so ill.",ineffective 
893,1337107232786407424t,"LIVE: FDA Advisory Panel Hearing On Pfizer Covid-19 Vaccine | NewsNOW Fr... https://t.co/T8W7WZiOZ4 #RealVirus #FakePandemic #NoLockdowns Recovery rate is over 98% (in USA) w/out vaccination. Get it if you want it, but it should not be forced by government or businesses, etc.",mandatory 
894,1334934909039816704t,"I liked your article, the pfizer vaccine is a frozen mRNA from covid genetic RNA (which a virus is) no one knows once injected what that protein and its expression in the human will express (phenotype ) RNA develops into a protein mam , proteins express .",ingredients 
895,1364637418301779972t,@OfficeofVa Yes..true tht!! It's all fake propoganda to make ppl afraid n get them vaccinated!!,none 
896,1287825182607003648t,"They're doing their utmost to drag this thing out. Any serious people running a country would have stopped this by now. This is an utter shitshow, and apparently it's all just to give us a vaccine. Does anyone really believe it'll only be one, and there won't be more ""pandemics""? https://t.co/exCVGmRD9D",conspiracy 
897,1362026506365657093t,FYI... 28-Year-old Wisconsin Healthcare Worker has Aneurysm – Brain Dead Five Days After Second Experimental Pfizer mRNA COVID Injection https://t.co/0YEvCNrdcw,side-effect 
898,1257638552948617220t,@BillGates You ain't de saviour of the workd and will never be so stop trying so hard to be one.. Like these vaccines will cure corona virus 🙄,unnecessary ineffective 
899,1436815018360643584t,"Boys more at risk from Pfizer jab side-effect than Covid, suggests study 🦠💉 Interesting if true. https://t.co/5t6LIQiGRY",side-effect 
900,1289238070835810306t,"@o_rips A friend’s healthy grandmother got that GBS after that vaccine. Got out of the pool from her daily swim & collapsed. Never walked again & needed breathing assitance, symptoms much like polio",unnecessary 
901,1366119716151033867t,"@ztkelly not authorised! an emergency rollout!clearly states talk to ur doc to weigh out ur risks.U would know that u need years to actually be able to respond that question scientifically!U, like everyone else,is clueless when it comes to long term side effects of dis vaccine on foetus.",side-effect 
902,1287881666245963777t,@AnthonyMalleus @IngrahamAngle The death rates are down to less than half of one percent. 99% of people survive. 99%. So why do we need a vaccine for that?! $$$$$,unnecessary 
903,1352820716253679616t,"@JessicaASmith8 @RepSteveStivers Better yet let's just open the country and get back to work. Those that want the vaccine by all means get it. If you don't want it, don't get it. This is what being free is all about! @Jamesday427",ineffective 
904,1071017964994850816t,"@campaignforleo @rte Why? This ""vaccine"" is dangerous. My daughter fell ill after one dose and that was it for us. Don't be bought by these greedy drug companies from America where it's all about profit not health.",pharma side-effect 
905,1293251355151302657t,"Geo-political ratrace is truly on under the cover of anti-covid 19 vaccine. Africa, we must keep warning our gullible leaders to stay clear. No country should force her citizens to take such vaccines till efficacy is firmly established.",mandatory 
906,1343951944935608323t,One care worker remains in German hospital after BioNTech Pfizer vaccine overdose: Eight workers in an elderly care home received five times the recommended dose. https://t.co/ZjxMOMlL23,side-effect 
907,1325974501859975169t,The COVID Vaccine is ready with '90% effectiveness' finally announced through bioNTech and Pfizer on 9/11 right on cue after The U.S. s'Election.' What's that? You want to remove 90% of The Population? And alter the Human DNA with Robotic Nanotech for those whom remain?,conspiracy 
908,1403424376641441796t,A study of 5.4 million people has linked AstraZeneca’s Covid vaccine to another bleeding disorder that can cause a rash https://t.co/snFty6hWzG,side-effect 
909,1329115294862815234t,I want to see certified evidence that top Pfizer executives have used the vaccine “before” they can release it to the public.,rushed 
910,1367232827599822850t,@AndyPallotta @nysut @AFTunion @NYSAFLCIO Barriers are inhumane and treat children worse then animals. We have a VACCINE that Biden is planning to administer to adults by the end of June. ~27 mill. already have immunity via recovering from covid. GET A GRIP. Get kids out of masks and stop this CHILD ABUSE.,unnecessary 
911,1439900445745553410t,"Leading US Corona Researcher: ""Pfizer vaccine kills more people than it saves"" https://t.co/k2wcQewoX9",side-effect 
912,1366752325520531461t,Johnson & Johnson Single Shot Vaccine Efficacy Remains Under Public Scrutiny https://t.co/tl6oKml34c,ineffective 
913,1376937367769088006t,@drcraigwax Except social media fanatics vehemently decree anyone an idiot if they don’t want the vaccine. Unfortunately- it’s a polarizing topic. As well as political. One’s own health should never be political.,political 
914,1354402878824345601t,#WHO warns pregnant women: they should not get #Moderna's COVID-19 vaccine. It hasn't been proven safe! But doctors in #USA say it is up to patients 🤔🤨 https://t.co/uL5oA2xNNd,side-effect 
915,1296295489625821186t,@DeplorableDebRN Our own government said the flu vaccine may have played a factor in people catching Covid.,unnecessary 
916,1328576885392105474t,"@hildabast @alexcareaga @SnowyPanthera Moderna had the spotlight and seat at the table as it was created by former big pharma execs, with Fauci front and center not to mention Moncef Slaoui was Modernas board or director appointee in 2017! Hilda time to take a red pill.",pharma 
917,1327480264017276929t,@Birkers5 @flowerontheroa1 @funder I Know many people who have covid19 and the fact that my children are likely more at risk from a vaccine than covid makes this decision simple. Quite frankly same reason we don't do flu shots. Polio is a different story however. IPV has decades of data and polio is horrible. https://t.co/0H0kJxhL7W,unnecessary side-effect 
918,1367133710970089479t,"@chasidervative @biannagolodryga Asymptomatic ppl were transmitting it. Having covid means nothing, some ppl got Covid 2x, the shot doesn’t mean you won’t get one of the new strains surfacing right now. The vaccine hasn’t been tested against those. WE are the test on the new strains by getting vaccinated now.",ineffective 
919,1341165831959527424t,"@CHI_Memorial Regardless, this obfuscation and bizarre PR nightmare clean up tactic will make the mast pro vax crazy, skeptical. Nice going Pfizer!😜",none 
920,1341004995391488002t,You don't want #vaccine which wasn't tested for efficacy or safety?You don't have a choice. You will get it. Refuse?!Will be punished. This isn't coming from a communist tyrant but European Union officials. https://t.co/MZGlOVNaBc via @jouwatch #Covid_19 #COVID19 #CovidVaccine,rushed 
921,1376637102272753670t,@KendoBiggs @LozzaFox @Conservatives It really shouldn’t need explanation - imagine having to show proof of vaccination to go about your everyday life - we’re talking about excluding huge swathes of society from everyday life. Even if you’re in favour of vaccines you shouldn’t be in favour of that,political 
922,1334568814428741633t,"@KRTN_Will really is that good then why is Pfizer asking/demanding for legal immunity. Doesn’t matter people see this legal crime for what it is, you hurt, or kill people with your product you are not hiding behind the government-we will be coming for you. When the law becomes the crook",pharma political 
923,1344785406332727297t,@katiewr31413491 And young children should be tested for allergies before vaccination. Also Christian was given an overload of vaccines without any thought about possible harm. I find medical advice & coercion difficult to deal with.,side-effect 
924,1354370508016525312t,@karldeeter I think they are trying to force are arms in getting vaccinated...so one way is keep the schools closed !!!! We are killing our old and ruining our children’s future !!,mandatory 
925,1293393565838606336t,A COVID vaccine won't see me until the 3rd or 4th batch.,side-effect 
926,1378012474897747972t,If they make me take that scam of a vaccine I ain't taking the ching chong or amerifat one but the Russian one i have compelete faith in the superior slavic mind,conspiracy country 
927,1352891629338767361t,Johnson wanted to be first to give the vaccine then his ambition extended to administering the highest number of vaccines worldwide despite it being just a single dose it's nothing more than that smoke & mirrors again- the UK is officially a 2nd class player under his leadership,political 
928,1347525733388840961t,Corona virus is real but It seems the westerners want to use the vaccine as business using HIV as a case study USAID NACA all are business oriented and please if you are collecting the vaccine be careful thank you https://t.co/dS1j8AV2mm,none
929,1420376090988711942t,Pfizer Contract Forces Governments to Acknowledge Vaccine Is Untried and Side Effects Unknown Yet governments take to the podium to say that vaccines are “safe and effective”. How can they possibly know? What do they know that even vaccine makers do not?? https://t.co/TnJe4IlBGU,rushed side-effect 
930,1340459809775214593t,"1) Pfizer didn't have neither the required pre-trial vax data nor any idea about long-term effects. How would we ever be able to get them? 2) UK deaths for 5 years hover around 530,000 p.a., incl. 2020, = no pandemic. 3) WHO says PCR-test is erratic. Anything else?",rushed side-effect 
931,1319989662593785856t,"@AdamGSpencer @LilianGreenwood @CRBrewery Ah the waiting for godot gambit. Still no vaccine for hiv. And the flu 'vaccine' is ?30%? effective. With a 99.5% survival rate I'll take my chances, and proceed with caution... https://t.co/hC1I4V8m9D",unnecessary ineffective 
932,1354915748871872512t,I am afraid that Tiffany Dover is unfortunately dead after the Covid Vaccine -  https://t.co/NnMQFWJXOi,side-effect 
933,1374063104502431759t,@smith_shoelace @VaporwaveDeath @WITCHESMONKEY @krispykreme You said im anti vax which is false. My point is why should i subject myself to this vaccine for people with poor health when most of these people dont even take care of their own health and smoke and eat fatty foods all day? Maybe you should become a nutritionist.,unnecessary side-effect 
934,1336368655379140610t,@JHowardBrainMD @kimmaicutler Still bizarre that the administration is banking on doses from unproven vaccines... maybe they’ll save us but they certainly could have gone with the proven option from Pfizer,ineffective 
935,1313481716691095552t,@SarahdragonGirl It's important to know that the existence of viruses & exosomes are theories. Today the CDC says that no covid has been isolated! If that's the case how is a vaccine being produced? How do they know the RNA sequence? How do they know the amount of RNA will produce an illness?,ingredients 
936,1376801639370272771t,"A globally co-ordinated drive for nations to enforce vaccine passports not just for international travel, but also for entertainment & social gatherings.  That’s not going to raise suspicions about totalitarian world government crushing freedom of assembly at all, is it? 🤦‍♀️  https://t.co/Ys3QHRt5QO",mandatory 
937,1343510225798770688t,"@Snusketeer @StaffroomGin @vonderleyen Ah okay, so worst case, 500,000 peeps are severely disabled because of just the Pfizer vac for example, they deserve 1 million each, where does all the 500 billion come from? Wouldn’t they just fold and no one gets anything?",unnecessary 
938,1375550703050035205t,This is why I won’t be taking the vaccine fuck the elderly they racist😂 https://t.co/sKub6jv4lN,none
939,1377293555761352709t,"@walden4pa53 @YKatsnelsonLaw @carynannharlos Yeah, I used to agree with this. But in this case there are people who cannot, or should not, get the vaccine and because of this they can't travel? What if they're in a smaller town mainly supported by Wal-Mart and other big box retailers? Because... Big Pharma needs more money?",pharma 
940,1364771249247948811t,"@ConstantNot @Laurie_Garrett @moderna_tx @pfizer I do. I have anaphylactic reactions to many drugs. Unlike Pfizer and Moderna, J&J has not provoked any anaphylactic responses. Also, it's a traditional vaccine. The mRNA vaccines have never been used before in humans & we don't know long term effects.",side-effect 
941,1222821342547992576t,@anewscomtr That’s what it’s about in the first place sell a vaccine,none
942,1405629358597832704t,"@claregarry6 Pfizer after AZ gives a good antibody response, but the Pfizer dose after AZ will make you sicker. https://t.co/IwyVqSxMzj",none
943,1353073049667420161t,"@CraigMirage The Pfizer-BioNTech COVID-19 Vaccine includes the following ingredients: mRNA, lipids ((4-hydroxybutyl tested on mice which are nearly the same as humans gives bladder cancer",ingredients 
944,1378133448691306499t,"#VAERS 82 y.o.♀️ #Oregon unresponsive at vaccine site after #Pfizervaccine, later died #Hypoxia ""Acute-on-chronic hypoxemic/hypercarbic respiratoryfailure ... Acute combined metabolic and toxic encephalopathy ... Hyperkalemia. ... Cardiogenic shock."" https://t.co/VG0feq30tq",side-effect 
945,1350900975612157954t,2% will suffer or die. COVID survival rate is 99.8% Vaccine survival rate is 98% But world is a safer place with Vaccine Stupidity at it's best in the name of science.,unnecessary 
946,1358137865650249728t,"Because vaccines don’t stop transmission. COVID is so highly transmissible that even mask wearing is silly, stop pushing a dangerously under-tested vaccine on ppl. Immunity can be achieved naturally 🤯",ineffective 
947,1277669397822398465t,"So, mandatory vaccine is coming and if you refuse, you'll use ALL your rights. IF THERE ARE ANY LEFT TO LOOSE!",mandatory 
948,1341209017138425856t,"@SwordOfStories @660NEWS None of the examples you cited involve a risk of anaphylactic shock, Bell’s Palsy, or an extreme allergic reaction. The Pfizer ‘vaccine’ is responsible for all three. I wouldn’t want to be forced to choose between those and not being employed, would you?",side-effect 
949,1375138818202943494t,"In other words, the""vax"" probably will not be effective long term. They should've been working on a treatment pharmaceutical a year ago, in tandem with a vax. Pfizer begins phase 1 study of oral COVID-19 treatment drug https://t.co/VcKWaO1xX9",rushed 
950,1326927798322147328t,"@dbongino Not only that, they want to prioritize COVID vaccines for other nations first and in their eyes, your life is no longer useful at 75.",unnecessary ineffective 
951,1438465844544253955t,@JohnsonBraeden @VPrasadMDMPH The evidence is clear that anyone at risk will want to get themselves vaccinated. Which should be voluntary. Especially as the evidence is not strong that vaccination stops spread.,ineffective 
952,1364137561493561347t,"@BillCollings2 @toryboypierce Because healthy children don’t get ill and die from covid. Why anyone would agree to jabbing their child with an experimental vaccine they don’t need is beyond my realm of comprehension. To suggest it, is madness",rushed side-effect 
953,1378221862879039488t,"@billgood_news 1) Covid itself has not killed hundreds of thousands 2) vaccine is only approved for emergency use 3) vaccine is new RNA tech 4) this is NOT a killer virus, the death rate is .02%.....just for starters",side-effect 
954,1356236792123564035t,"If I don’t vaccine how can I infect those who vaccinate? No vaccine has a 100% efficacy. The Oxford AstraZeneca vaccine SA is getting today is only 70% efficient, which means 30 percent of the people who get it CAN still be infected. #Wechoosevaccination #VaccineforSouthAfrica",ineffective 
955,1254476711477026816t,@AscendToVictory You're mistaken if you think people will wait for a vaccine. And actually get one.,none 
956,1300311326309277697t,"If this is for real I might just become an anti-vaxxer! ""Human 2.0""? A Wake-Up Call To The World https://t.co/Cru7l7Qko2 via @YouTube",side-effect 
957,1326011248278859776t,@sciencecohen The Pfizer vaccine is a scam. The lowdown is in this report (vaccine section): https://t.co/EPMYasBrfu,pharma 
958,1375992202195795969t,"@SavageKC3 Yeah, they want autonomy with their body and the choice to do what they want but also force others to take a vaccine against their will.",mandatory 
959,1326227370014109702t,@silvia_grajales @nikoCSFB In NY they’re trying to mandate it as the chair of bar association said it was legal to do it which clearly isn’t. Coumo is trying to pivot on using the vaccines that Biden/Gates wants to push instead of Pfizer’s which hasn’t shown any negative results so far. Sinister plans.,mandatory 
960,1379883958087733250t,"UK to offer under-30s alternative Covid-19 vaccine amid evidence linking AstraZeneca jab to blood clots but in Australia, we look like guinea pigs are getting vax AstraZeneca",side-effect 
961,1368550857709527040t,"But it is a bad idea. If I'm understanding things right, the vaccine doesn't stop you from getting infected with Covid, it just stops it from making you sick. You can still spread it.",side-effect 
962,1444020041054359553t,@allegro1950 @MarketWatch We don't need the vaccine anymore! Yes if health and not too old! Are you working foe Pfizer Sorry we disappointed you!,unnecessary 
963,1337176376244318212t,"Listen to when he says ""research"" what Pfizer is about to do is exploit a weakness and then sell the virus that doesn't work with the vaccine to give to the NWO. be careful. US panel recommends approving Pfizer’s COVID-19 vaccine for emergency distribution https://t.co/JYhA3PxfAR",pharma 
964,1355159949089918976t,@RoseARosey @adinuf1 @RogerCo07997264 @nadhimzahawi @StevePeers @HouseofCommons @Conservatives @UKLabour You are right Rose. My Dad got the vaccine and I am certain Bill Gates is controlling his every move. He even started speaking Chinese totally out of the blue. Dark forces at work. 🤡🤡🤡,political 
965,1330352291375947777t,I always fought this -few have spreaded lie about covid mortality as if all will die. THEY r funded by failed vaccine mafia @WhiteHouse @POTUS @realDonaldTrump @Interior @SenateCA @Europarl_EN @PMOIndia @narendramodi @HMOIndia @AmitShah Actual Covid Mortality <0.03% of population,political side-effect 
966,1376375590010249218t,"Palachook says ""But until we have the population vaccinated there is of course the risk of community transmission."" Shame she doesnt realise there is no evidence that vaccination prevents transmission. #idiotsingovernment",ineffective 
967,1312747596734177285t,@Pfizer_UK Piss off with this. Sick of seeing it. Anyone with a brain isn’t interested & will resist this vaccine. We’ll also be pushing for any of our money paid in this corruption be recovered.,political 
968,1352775622615912449t,"10 dead in #Germany within 4 days of #pfizervaccine inoculation ""The deceased were aged between 79 to 93, all with antecedent diseases. The time between vaccination and death ranged from several hours to four days"" #vaccineMortality #geriatrics https://t.co/b5eT6k5wHs",side-effect 
969,1418049219475038208t,@mana_kailani All of the vaccines have serious side effects and young men are also prone to rare side effects from Pfizer. This is one that concerns me because it occurs after the 2nd jab. What happens when we need boosters - 3rd jab 4th jab? I do not know the answer https://t.co/1bTXscJwOU,side-effect 
970,1374468260104564743t,"In multiple ways the data and methodology for this vaccine keeps getting questioned. Is there fire behind the smoke? AstraZeneca used ‘outdated and potentially misleading data’ that overstated the effectiveness of its vaccine, independent panel says https://t.co/bA7MV4bEZ1",ineffective 
971,1334114934133809152t,"@BBCNews AKA...........The Pfizer ""PALSY SHOT"" ... Guaranteed an onset of some terrible type of palsy for at least 5 years... maybe for life. ( Small print on packet)",side-effect 
972,1339397099838820353t,"@diids_yeg @Alberta4All @alberta_cw @CMOH_Alberta If its that easy for you to obtain the pfizer COVID-19 vax leaflet included in the box by all means post it, you'd be a hero instead of today's twitter prick. We'll wait.... ✌👊🇨🇦 #SCAMDEMIC2020",political 
973,1376170013909000195t,"@RockeyeTerm @BreesAnna Could definitely? Lol - you haven’t a clue what you’re talking about. As I said, take your vaccine, keep wearing your mask and pretend you’re living a normal life.",none 
974,1352760071332229122t,@Esky33junglist Are we dying of a ‘new variant’ or a ‘rushed vaccine’? 🤔,rushed side-effect 
975,1350821851396796419t,fuck covid i'll never allow any doctors to use the vaccine on me i'm like already having several mental breakdowns nowdays because i know that my mom is getting vaccinated on tuesday,side-effect 
976,1373979668257370115t,I don't believe the lie that it's just a coincidence that most #autism emerges upon #vaccination or soon after. Deaths from viruses already declined by 90 percent BEFORE #vaccines were introduced. No #actuallyautistic person would ever downplay autism. That's #ableism.,side-effect 
977,1350827852510453762t,Deaths spur Norway concern at #Covid19 vaccine safety for vulnerable elderly Pfizer & BioNTech SE was the only 1 available in Norway & “all deaths are thus linked to this vaccine” the Norwegian Medicines Agency https://t.co/WMQR7fQAFU #vaccine #vaccines #Pfizer,side-effect 
978,1181214651432030210t,Why is the crisis so high on e-cigarettes and not on vaccine injuries. Especially when vaccine injuries mostly harm you children who can’t make the choice.,side-effect 
979,1324263515281084416t,WOW JUST WOW!!! Nothing sells drugs quite like indoctrination from an early age! Nice work #Pfizer 🥴,none
980,1329449676093988871t,"@Lynne_F_60 @historyteach312 @DailyMail I agree, also we cannot trust Pfizer. Some of us still remember the lies and manipulation they employed to falsify the data on Zoflot. 300 families sued them over the deaths of their relatives, vaccine companies are indemnified if the vaccine damages or kills they are not liable",pharma side-effect 
981,1244538590840963072t,"""This pseudo-scientific, politically-motivated article is nothing but slander. It wants us to die while Big Pharma comes up with an expensive vaccine in a year, so they can get richer, and even implant us with a microchip in the mean time."" https://t.co/IIFFdZydjH",pharma 
982,1293488278361055233t,Coronavirus updates: Government partners with Moderna to make 100M vaccine doses https://t.co/wDhlhvVqA0 Why are we paying Billions of Dollars to Modrna for thes vaccines when we don't even know if they will work. Isn't this putting the cart before the horse??? Sounds fishy.,pharma 
983,1335681711045287938t,"@bernardjenkin @10DowningStreet @munirawilson @Pfizer_UK There is no such thing as a Pfizer UK vaccine. Everyone on the planet knows that. They're laughing at you. The lies, the lies; always the lies. A parliament full of Comical Alis.",political 
984,1353653004306673667t,@kjf167 @meganne121 @BorisJohnson The vaccine that doesn't prevent transmission and therefore isn't a vaccine. It is still in trials making us guinea pigs and you think I am the naive one.... Oh dear.,ineffective 
985,1293581297605017608t,"@seanhannity Hey @seanhannity, Trump admin is funding bio weapons technology masked as vaccine research by Moderna! Joint Chief is involved along with DARPA, trump supports the deep state! https://t.co/vjUX18fHAZ",political 
986,1336697042639392777t,"""4 volunteers develop FACIAL PARALYSIS after taking Pfizer Covid-19 jab, prompting FDA to recommend ‘surveillance for cases’"". #NoVax #Scamdemic https://t.co/AjILAXfOdN Not only it will make you sterile, but It will also make your face look like this.⤵️ https://t.co/bPqjmcrL57",side-effect 
987,1319004068283600898t,"~ These vaccine trials don't seem to be going very well. ~ Everyone rushing too be the 1st one with a proven vaccine and are really in it, to make billions of dollars while people still die being the Guinea pigs. It's a double edge sword of the waiting game, for something safe. ~",rushed 
988,1423410571781705731t,"In gold-standard Israel where 68% of the pop is vaccinated with Pfizer, CV hospitalisations are ramping up. Nearly 500 hospitalised & 140 in ICU, almost all vaxxed. The vaccines are meant to stop serious illness, yet vaxxed are sicker than unvaxxed. Is this Aust’s future? https://t.co/ETSJmYc6Mi",side-effect 
989,1353855288277946368t,@theabdulMLans @coleesii Yeah sure FDA and EMA agree. The UK vaccine is not good. Johnson was only able to make propaganda. What a shame,political 
990,1260173163616501760t,@piersmorgan @BorisJohnson @MattHancock One Script One Agenda Forced Vaccines Depopulation Electronic Money Mass Slavery & Control Constant Surveillance Media Brain Washing Masses Deception of Sovereign Nations One puppet Master in the background WAKE UP WORLD COVID-19 = SCAM https://t.co/Qle2vezCJZ,conspiracy 
991,1299624418000265221t,"@NicoleKowalski5 @jeffmcnamee @Visitkarte @Laurie_Garrett @VirusesImmunity Vaccination is fraud, if anyone infected with any Viruses, body makes antibodies immediately and keep all information in memory for next generation also & no vaccine required. If anyone infected again same viruses it is due to high toxicity in human body and it's rare.",unnecessary 
992,1370053327556333578t,@DailyMailUK He got it becuz he didn’t stay safe after he got the vaccine. He didn’t wear mask or protect himself he also probably had the Covid when he took the vaccine,ineffective 
993,1299409840134123522t,"@The_Asia_Phile @carolbradshaw @dpakman And then they get to mandate it, safe or not due to social pressure and momentum. And mRNA vaccine tech is has never been tried before on people, so no chance for long term study. Should work in theory. Not sure “in theory” is good when it comes to altering our own DNA though",rushed side-effect 
994,1334123608659140608t,"@aljsushijones It just got worse: Pfizer admits ""Usual safety tests will be bypassed."" Click on link to see its at the end. https://t.co/FxEW8SrF3c",rushed 
995,1331009445527076864t,"@JoshBloomACSH How can they come up with a vaccine for a ”complex novel virus” in such a prompt manner and NOt come up with a better solution for chronic pain, MS, RSD, Nerve Damage ETc.! ETc........‼️‼️‼️ I might trust Pfizer but, I'm not rushing into ANY vaccine ~ just Say’n",side-effect 
996,1297816677070114816t,@TheFreePeopleA1 @LeahButlerSmith I suspect there is an opportunity for criminal charges against Hancock/HMG/NHS regarding not having the HCQ+zinc treatment. Down the line there could also be for the awful 'safety' testing of the Oxford Vaccine,none
997,1262465006982926336t,"@AnnWilburn7 @PaulChr30241052 @moderna_tx @justloo76179686 Well from what I've heard from Dr. Fauci himself they could not come up with a vaccine for the coronavirus so far, SARS and MERS is a coronavirus and the vaccine they came up with caused more harm than good to the test subjects.",side-effect 
998,1371456418050609152t,"@GeorgeDavies4 @Alan__020 As the evidence for available treatments, like #Ivermectin, grows, the need for emergency, 'vaccine' trials stalls. The vulnerable should have 2 doses of the experimental 'vaccine', impacting 99% of likely 'deaths with..'. Lockdowns will kill many more than covid has.",unnecessary rushed side-effect 
999,1287878410363002882t,@JonLemire The vaccine if by miracle it happens won’t be enough to save him,side-effect 
1000,1272896071832911872t,@pfizer When you prioritize science over profits I’ll listen. Until them science says you are willing to sign up for profits over lives,pharma 
1001,1364355314628386817t,"@muttforce64 @wef Private companies are not above the law. Discrimination on the basis of taking a vaccine, let alone an insufficiently tested one, is a breach of international human rights law. Stop channeling your inner nazi. A person without symptoms is not a sick person.",mandatory 
1002,1338504348016537600t,"@bbcworldservice @DrPanMD True science allows for robust debate. Pharmaceutical science, censors any and all dissenting opinions. That’s NOT science!! Pharma science is the manipulation and obfuscation of data. But I’m sure Pfizer never commits fraud or lies, ever!!!!😆 https://t.co/H2tp3qu4xx https://t.co/udV8StRWzt",pharma 
1003,1354825133723103232t,"@Bencjacobs @jaketapper Would someone please tell this idiot that even though he is vaccinated he still has a chance of getting COVID (yes twice if he already had it, as rumored) that will be mild for him but deadly to those he comes into close contact with like this???",unnecessary ineffective 
1004,1375152966798311426t,"@BrickyBecky Vaccine passport, obtained after having had ""the"" vaccine The vaccine that doesn't prevent the vaccinated from contracting C19 The vaccine that doesn't prevent someone that has C19 from spreading C19 Given the above, what danger does a non vaccinated person pose in a pub??",ineffective 
1005,1376874281708228614t,⛔️No more Astra Zeneca vaccinationns for under 55 years of age in Germany. Too many strange thrombosis and deaths have occurred. ⚠️VIPIT - vaccine induced prothrombotic immune thrombocytopenia seems to be causing theses weird thrombosis and deaths (mainly in young females).,side-effect 
1006,1328514169533042690t,"@awwHALEnaww @lisahagan101 The vaccine is unfortunately not in sight. Pfizer has not released all the trial data, so it is way too soon to assume it is safe.",rushed side-effect 
1007,1312025993675247616t,"""If Trump survives COVID, I am never taking the vaccine""",political 
1008,1334566545381412864t,Priest who participated in trial for unethical Moderna vaccine dies suddenly | News | LifeSite https://t.co/aEBsiBnTSJ,side-effect 
1009,1262560869264826372t,"@Mike_Pence Don’t buy Fauci’s garbage, he’s in it with Gates. Moderna has never produced a vaccine in it’s history. Do the research and correct me if I’m wrong",pharma conspiracy 
1010,1431854375857795072t,"@killaxxxcam Healthcare workers should be denied the prophylactic use of Ivermectin, because if people knew the vaccine wasn't the only thing that can limit exposure risks, they won't mask up and bow down to lord and savior Phizer Comirnaty.",unnecessary 
1011,1440818020977283073t,"If you really can’t afford to get sick (this teacher is immune-compromised), you can’t rely on masks The masks we wear were never intended to block aerosols Teacher who received 3 Pfizer shots, required masks in classroom hospitalized from COVID https://t.co/hVR15xCsNQ",side-effect 
1012,1291009288098349057t,He is not bothered about the side effects of Covid vaccine. He says it'll take 2yrs for any side effects to show in body. Imagine if multiple doses were to be given to all 7bn people ⁉️ #ExposeBillGates #exposebillgatesday https://t.co/GfDOYm6RX8,side-effect 
1013,1376643153416105994t,"@chrizblizz I've had multiple strokes, and there is NO FUCKING WAY I am taking the AstraZeneca vaccine.",side-effect 
1014,1298824177957261312t,"@VivienneSherid4 @indepdubnrth @CtrMedProgress I was not aware, when I was a nurse assisting at vaccination clinics, that some vaccines have fetal tissue in them. How would I know? The media don't mention it. I'm pro-vaccine. Ethical vaccine.",ingredients 
1015,1376169024808235010t,It’s extremely puzzling that the same people who protest on the streets against racism are the strong advocates for vaccine passports creating apartheid & discrimination. They already look down & redline all who dare to take a different stand regarding the vaccines.,mandatory 
1016,1339415530097225729t,Severe Allergic Reaction In US Health Worker Minutes After Pfizer Shot https://t.co/2ljKqyPBb4 https://t.co/CKFC6EEVnG,side-effect 
1017,1285494191011835904t,"@MsRightMsRight Wait until the flu vaccine gives even more people colds, which then get tested as Corona .",unnecessary 
1018,1399368891126718464t,Poor Johnson & Johnson: Cannot sell much vaccine AND a $2 billion court award against the company For talcum powder https://t.co/08uS0Zh3Wi,pharma 
1019,1426228345222705154t,"""At the end of July, Pfizer and BioNTech announced findings that four to six months after a second dose, their vaccine’s efficacy dropped to about 84%."" 84% huh? Do they pull these numbers out of a hat? Their own data indicates 2-dose ARR is <1%. https://t.co/jfl1vapxov",ineffective 
1020,1303568340032643072t,@Ladyinhislife2 @PeasantJustice @AP @moderna_tx The side effects of an mRNA vaccine will probably be long term...things like autoimmune disorders. These won't show up in clinical trials that barely last a few months.,side-effect 
1021,1253454175238840321t,"I have no problem with that, you can't pay me(deplorable chilly)enough to take a vaccine!",pharma 
1022,1375499460646596609t,"This is why I feel like people in Venezuela now have a better chance of survival, because they couldn’t afford the vaccine. These cheaper vaccines really might ruin people’s lives. It’s really disturbing",unnecessary 
1023,1364426904770519045t,@JamesMBolt @GideonCRozner Didn't know you could OD on a vaccine? What happens? Do you develop superpowers?,none
1024,1249471202248331265t,corona was in the US on January 15th. Then we have the CDC saying to count deaths that aren't corona related to skew the numbers. Then there is massive amounts of money to be made on the vaccine. Why not build up the bodies immune system? I'm sure there are ways.,side-effect 
1025,1246347928995794946t,"The total no of death in these 6 countries is 44,390 which is X6 of number of confirm cases in Africa alone and these white supremacist dumbFucks still want to start testing the covid-19 vaccines in Africa. AFRICANS ARE NOT LAB RAT #AfricansAreNotLabRats https://t.co/xlJlaOC96f",side-effect 
1026,1336101380965232640t,@Emmanue97209705 @AstraZeneca Tell that to the vaccine injured people who were paid out over $4 billion since the 80’s. God made natural cures and gave us immune systems. It took evil to create vaccines and to keep selling them.,pharma 
1027,1328382736747409410t,I think they were expected at this time but Pfizer and FDA did their bit deliberately. Announced day after election! Wherever Gates and Fauci have their money 💰is the vaccine 💉 no one should take!,political 
1028,1391984636419399687t,"No, we're not --though you may not know it if you rely on #cdnmedia ""British officials said Friday that while the risks of suffering the rare blood clots from the AstraZeneca vaccine are minuscule, they now outweigh the risks of someone under 40 suffering a fatal Covid-19 case""",side-effect 
1029,1290061588423036929t,"@JTBrown23 FAUCI WROTE ABOUT THE SUCCESS OF HCQ IN HANDLING SARS COVID 1. IN 2005 HE WROTE IN AN ARTICLE CALLED ""VIROLOGY"" PUBLISHED BY NIH. HE AND THE W.H.O, GATES THEY ALL KNEW THAT HCQ CAN CURE COVID IN 24 HRS. BUT INSTEAD ARE PUSHING DANGEROUS AND POISONOUS VACCINES. = BILLIONS",pharma 
1030,1367294979312345091t,"The #HongKong government reported on March 2 the death of an elderly man, two days after he received a #Chinese-made COVID-19 #vaccine. Health authorities are still investigating the cause of death to determine if it’s connected to the vaccine. https://t.co/DUCKHYDfov",side-effect 
1031,1305054112757682179t,@theage The Oxford/Astra Zeneca vaccine is made with aborted foetel cell lines (Google: HEK-293). Even the vaccine industry's biggest cheerleader now admits 'traces' of the dead baby cells come down that needle into your body. Comfortable with that? Catholics? https://t.co/sXZTPLbKOh,ingredients side-effect 
1032,1405147022164779010t,@ArtfulDodgerXI @MailOnline Glad I didn’t take the Sputnik 5 vaccine. It seemed like a joke naming it after a satellite.,conspiracy 
1033,1326139967744118785t,If pfizer knows they are 3 weeks from knowing if the vaccine is safe after a 2 month wait for side effects does that not mean they knew well before election? @RealJamesWoods @DonaldJTrumpJr,side-effect 
1034,1330075082723627010t,"“The disease-eradicating potential of gene editing,” Zaks’ description of @moderna_tx mRNA products as, making permanent edits to human genes https://t.co/OO5BIlL83N “hacking the software of life” https://t.co/3aCfGKU2YP",conspiracy ingredients 
1035,1327407583460782081t,Bill Gates is behind the Pfizer vaccine as he is behind every other covid vaccine on the market.,pharma 
1036,1424372534804324360t,The Lancet: Cerebral venous sinus thrombosis after vaccination: the UK experience: VITT-associated cerebral venous sinus thrombosis from AstraZeneca and J&J https://t.co/B6ZqrFnEWt,side-effect 
1037,1343699735383859201t,@ButtPokey He can have mine. I'm in no hurry to be a guinea pig for vaccine that was rushed into production without being adequately tested for adverse side effects. If you're under 65 your chance of dying from Covid-19 is extremely slim.,rushed side-effect 
1038,1352872861334003712t,@tina_porkskins @OregonGovBrown When you say after someone is vaccinated you are not slowing things down do you really believe that? The vaccine has 95% efficacy and shows 60% decrease in transmission. Decreases risk exponentially. People can decide their own risk tolerance and tradeoffs at that point.,ineffective 
1039,1338659783952445442t,"@commonsense67 @AlexBerenson @pfizer Condition for employment with a lot of healthcare providers is a mandatory flu shot. Fortunately, my daughter’s employer does not require one",mandatory 
1040,1352257790740492288t,"@therealmissjo Vaccinate the vulnerable & high risk if they want it, the over70s & the already medically compromised. With 2 doses. They should then be protected from a virus that is of 0.09% risk to healthy, younger people. Those that have had #covid have immunity so don't need 'vaccine'.",unnecessary 
1041,1253984325638463489t,@DominicRaab @gavi I for one won’t have any vaccine that is anything to do with Gates or gavvi... I hope you understand the agenda you are trying to push... you will be treated the same in the end... the agenda is wicked... shame on you and your government 😠😠,political 
1042,1288655987663081472t,"2) Scientists & ethicists are sounding alarms. The vaccine uses a new, untested, and very controversial experimental RNA technology that Gates has backed for over a decade. Instead of injecting an antigen & adjuvant as with traditional vaccines, Moderna plugs a small piece of...",rushed 
1043,1339754651617472512t,"@siddd00 @StrapofHorror @wiilyum @HeStillCold Something this serious, we shouldn't have to preface it with maybes and prollys. Also the alleged, vaccine, the one introduced by Pfizer only MASKS the symptoms by targeting the coronal spikes on the virus. So then what is the intention of this vaccine, if not to cure? Ask Qs. https://t.co/1QIBFaCW6f",side-effect 
1044,1338193837240573952t,"@LSW12612672511 @Mikey86000152 @BorisJohnson Boris is a GLOBALIST buffoon&fake conservative leading a government of GLOBALISTS,skilled nation destroyers in record time All engaged in this sinister new world order being imposed using covid fear; A virus with less than 1% mortality rate&an excuse to make vaccine mandatory",mandatory political 
1045,1399201506251972612t,"MMA Fighter Who Got Sick After Pfizer Injection Speaks Out ""Craig Jones of https://t.co/zR06J55yGo joins The Alex Jones Show to break down his account of getting sick after receiving the first Pfizer Covid-19 injection."" https://t.co/vu3V03w0Kq",side-effect 
1046,1340072786757206016t,"Maybe its just me, but I don’t really feel like rushing to get a COVID vaccine.",rushed 
1047,1334279769064665089t,@MichaelYeadon3 @Jemmapalmer @JamesMelville Why has the MHRA paid Genpact UK a tender of £1.5m to develop an AI tool to record high volumes of reports of adverse reactions to COVID-19 vaccines if it's safe? Despicable.,side-effect 
1048,1363914953686671362t,"@JT375043170 @Moorkopje2 @1ThessCh5 Oh I totally believe Gates is in on this. I do use DuckDuckGo, and I’m against the vaccine, due to the possibility of severing our God-given DNA... so I guess for religious reasons you can say. But curious as to why  surgeons don’t get sick. I just have lots of questions.",conspiracy side-effect 
1049,1349144094623232002t,"@tanya_plibersek Tanya, it would be fantastic if your party would kindly kick up a stink about @ScottMorrisonMP rolling out an ineffective covid vaccine instead of the superior Pfizer variant. Australians deserve better.",ineffective 
1050,1335082067214950400t,"So we don’t need an ID to vote, but we will get a nice vaccination card once we get freed with our inoculation. I am super pro vax but this isn’t right. #vaccine #vaccination #COVID19 #Pfizer #MarkOfTheBeast",mandatory 
1051,1230853174371766278t,"@drchriscole @MJonesnR @BeckyJohnson222 And herd immunity is a ridiculous argument. In Canada, the over 40 year old population isn’t vaccinated against 14 strains of things that we give to infants. Yet they boast herd immunity equals 95% of the population. For those 14 things, we are lucky if it’s even close to 50%.",unnecessary 
1052,1322648033700577281t,"@BorisJohnson Right so whats the plan? the death rate is as low as the flu, the virus wont go away by itself, a vaccine wont do much as you are only immune for around 3 months, a lockdown will result in more deaths than covid so whats your plan?",unnecessary 
1053,1386749168534712322t,"@mcfunny @sallytca @CameronTheile @HeyImMaggy And the Johnson and Johnson vaccine when it first came out they didn't know anything about blood clots, cuz it hadn't been studied long enough to know anything, just like with the other ones.",side-effect 
1054,1429470484891045891t,"Endless 'variants'....endless 👇injections. Best of luck to the 'obedient slaves'. ""Johnson & Johnson Booster Shot ‘Likely’ Will Be Necessary, Surgeon General Says... ...Possibly With A Different Vaccine."" https://t.co/bsf8i5LNh9",none
1055,1338157025369481221t,"The Pfizer vaccine, for example had four study participants come down with Bell’s Palsy. Four in a relatively small group is significant and seems unlikely to be coincidental. (Study groups can be anywhere from hundreds to thousands.)",side-effect 
1056,1096593271772639233t,"@DLP0205 @afomich @CNN @CNNOpinion Non sequitur... I’ve had measles, I’ve had family members with polio, I’ve seen the reproducible direct adverse side effect of vaccination. For some unlucky people vaccination becomes a death sentence. That is an undeniable fact that is being hidden by half truths and rhetoric.",side-effect 
1057,1416425157514702855t,https://t.co/DuIXQqGNYG This is what @BorisJohnson has done by not stopping the #DELTA #DeltaVariant #JohnsonVariant and why 2 JABS 1 JABS VACCINATED PEOPLE in #ISRAEL #UK and #USA are getting the Virus... Watch and learn RT and 60000 views now...,none
1058,1406787191049687040t,@PhiloSofiaAlt @G29Nathan @askyourself92 @BretWeinstein @AviBittMD @stkirsch @moderna_tx Bengal: 30/45 deaths were in fully vaccinated. I'm asking Indian clinicians for additional info for other states.,side-effect 
1059,1376659967281860613t,"@cato_blepas and nobody wants to hear this, but proving efficacy of a covid 19 vaccine is a weird task because statistically it's not that dangerous. so wherever my line is, it's before coercing the entire population to take an experimental vaccine for a disease that poses manageable risks.",rushed 
1060,1352213432280334337t,"Hangga’t hindi humaharap sa amin ang Sinovac mismo, hangga’t kulang ang kanilang datos, the Senate, in conscience, should not allow a single peso to be spent on Sinovac’s COVID-19 vaccine, especially if they fail to satisfactorily present convincing information about its safety.",political ineffective 
1061,1339924449315926021t,@JGrenier_DZYN Then why he gave money to gavi et to pfizer for the vaccines that's fucked up and he's pushing it a lot the vaccination with the operation war speed and shit,none
1062,1370164425198555142t,"@ashkaur The technocrats are purposefully separating us, to train us to be more and more robot-like, in other words, this is an artificial lifestyle shift to push us into transhumanism! Transhuman 101: Moderna Declares COVID Vaccine To Be An ‘Operating System’ https://t.co/E1gyikogRx",conspiracy 
1063,1334609202703110147t,@TomFitton @realDonaldTrump No I saw on Laura Ingraham another doctor with his own opinion about the Covid vaccine and as usual he had nothing good to say about it. He basically said it would kill people if they took it. Keeping the people down https://t.co/3rvdJ5Ennh,unnecessary 
1064,1355122211271663618t,"@Mike_In_216 @clevelanddotcom Full disclosure - I had moved on from this discussion, but since you won't let it go, have a great weekend chastising people who don't want the vaccine! Still a hard pass for me!",none 
1065,1375462313021435905t,The primary side effect of being vaccinated is the need to tell everyone I'm vaccinated,side-effect 
1066,1289025920460656640t,"@DeplorableChoir @driverrj Once COVID-19 became a political pawn it’s been sensationalized along with fear, just to ruin POTUS. Sadly, politicians do NOT care to protect/represent citizens who voted them into office. They don’t want a Medication that’s proven effective: are waiting for Bill Gate’s vaccine",political 
1067,1290191107213729793t,"@greerplastics @dfreedman7 @StevenSalzberg1 Not the Moderna vaccine. mRNA. There has never been a vaccine using mRNA viral vectors commercially produced. The results thus far are very unsettling, as far as adverse events.",rushed side-effect 
1068,1263138444206764033t,@realDonaldTrump: BY CHOICE ONLY - DO NOT SAY MANDATORY!! Donald Trump Optimistic About ‘Staggeringly Good‘ Moderna Coronavirus Vaccine https://t.co/fLfixXN2Cf via @BreitbartNews,mandatory 
1069,1371795486688960514t,"I don’t understand this push for people to get the corona vaccine. Sure, those at a higher risk of dying should probably get it. However, for those of us in a low risk category, why should we be pushed to inject something into our bodies we don’t necessarily want or need?",unnecessary 
1070,1433513524756549635t,"Few people know this, but bodily autonomy is when you’re told you have to take a newly minted vaccination to participate in daily life Thanks @aclu for setting me straight- by chance, does my May-June Moderna shot prevent me from transmitting the disease to others if I have it?",ineffective 
1071,1397524966481047554t,"@ang__johnson I fully respect choice not to have an experimental vaccine, I haven’t had it for both experimental and uncertainty of effect after previous issues. Those who don’t wear a mask, respect social distancing, but walking round supermarkets no one seems to. protect yourself.",ineffective 
1072,1299360186482806784t,@MattHancock What safety standards? There arent any proper safety protocols and you cannot possibly know whether this vaccine is safe especially considering not one vaccine in the world today is completely safe. Not one. My choice and I say NO!,side-effect 
1073,1402965545679523840t,Coronavirus: Woman dies of blood clot after AstraZeneca vaccine https://t.co/5tDkJY2jeH,side-effect 
1074,1358580286435577866t,💯Open Letter to Government and Vaccine Regulators re possible Covid-19 vaccine-related deaths in the elderly and Care Homes @ukmfa1 -We are asking for an urgent audit and investigation into all deaths that have occurred in these cohorts since the Covid -19 vaccine rollout began.,side-effect 
1075,1334461619783561216t,REMEMBER Boris and his great reset mates want massive world depopulation ! The CEO OF PFIZER warned about the fact that the Pfizer mRNA VACCINE will not only change your DNA but is also design to STERELIZE YOUNGER WOMEN ! https://t.co/CE4pFKzzpE,conspiracy side-effect 
1076,1364549134053748738t,"@rickburbage @dwilliam9940 @SputnikInt In other words vaccine uptake is low after the gagging to be jabbed have had their fix, so they can now bring forward second doses which will then no doubt bring some new variants.",ineffective 
1077,1252774081436569600t,@northstarz @LotusOak2 another reason it would be a serious mistake to randomly give covid vaccines. not to mention covid causes a prion disease. wtf would give a vaccine with weakened prion disease. Gates is out of his mind.,side-effect 
1078,1438846921427361793t,"@HappyKaffer @BordersAgainst @Kirsty49943184 It's dated August 2021, the market has been consuming the Pfizer vaccine since last year. And yet five more years of safety testing has been requested because they aren't happy with the levels of heart issues",rushed side-effect 
1079,1300839607035138055t,@annikawu @NIHDirector @NIAIDNews @AstraZeneca Agree. Years ago I was required to take a flu shot bc of my job. I got so sick I thought death would feel better. My doctor told my employer it wld be dangerous for me to have another flu shot. I haven't had one since & stay pretty darn healthy!,unnecessary side-effect 
1080,1329077342858145793t,"99.7% survival rate... 😬😬 keep yur vaccine ""Pfizer and BioNTech say their vaccine is '95% effective' and has passed safety checks"" https://t.co/Pw4jdaVgwD",ineffective 
1081,1259942710355431424t,"@blazeofglory93 @kylej95 @SebastianEPayne The Oxford one is certainly interesting, but afaik it's coming from a SARS vaccine that didn't really work.",ineffective 
1082,1290660256876503046t,"#Moderna #COVID19 #vaccine caused systemic side effects in 80% of the people in phase 1 trial and 100% when administered a second time. According to @BillGates, in order to wipe out the virus, it will require “unbelievably big numbers” of doses of vaccinations. Who stands to win?",side-effect 
1083,1337738566366007296t,"@NeilDotObrien @Leic_hospital Yes it's good. I do have concerns about the efficacy of the AstraZeneca vaccine though, if it gets rolled out. The Pfizer vaccine seems to have high efficacy whereas the Oxford/AsrtaZeneca vaccine has a very wide range of confidence levels. Good article in the Telegraph today.",ineffective 
1084,1326193993898729480t,"@tedcruz @FuroridaNoMaya @tedcruz THERE WILL NEVER BE A CURE FOR COVID-19. A vaccine is not a cure. The US had nothing to do with Pfizer scientists inventing a vaccine. Pfizer funded it themselves. It’s not your intelligence that got you elected, that’s for sure!",pharma 
1085,1248975504922869760t,@Sami_Kamilah @morgzzf I already know I wouldn’t be able to go around uncle john....I wouldn’t say I’m anti-vaxx I’m just open minded about it and if someone chooses to vaccine or not that’s up to them...I just don’t know how I feel about this covid vaccine shit,none 
1086,1331929950081998862t,"@visseranton On the CDC website, 74,000 people over the age of 85 died ""of"" covid out of a pupulation size of 6,600,000. That leaves them with a 98.8% chance of being fine in this pandemic.   And keep in mind they are over 85 where the life expectancy is 78.  Where is the vaccine logic?",none
1087,1375118840670134273t,@pythonneil @Roydini25 No its not. The New Covid Vaccine Religion appears strong now. It's strength is illusory. It will crash and burn.,side-effect 
1088,1377818343420260353t,Immune response may be linked to AstraZeneca vaccine clot issue #CovidVaccine #OxfordVaccine #oxfordastrazeneca #Thrombocytopenia #BloodDisorders #hematology #vaccineSideEffects https://t.co/r8TlFAtDuc,side-effect 
1089,1427468770105303040t,@ReubenR80027912 @NateSilver538 The argument here is that the vaccines - Pfizer especially - doesn't work as effectively after 8 months. Especially when you consider the early round vaccinated were mostly elderly and immunocompromised.,ineffective 
1090,1438494679318794247t,"🚨🚨🚨BREAK Another Child dies hours after receiving the first dose of AstraZeneca covid-19 vaccine in Los Mochis, Sinaloa. 😭😭😭 But for the CDC it won't count as vaccine death because the child didn't wait 14 days to die 🤣🤣🤣 https://t.co/gPVIi7XfZJ",side-effect 
1091,1396469096397504512t,@Fullyfallible @sailorrooscout My understanding is Sinovac is one of the lower efficacy covid vaccines. Here is an article https://t.co/imRttntHY0,ineffective 
1092,1363966668733562888t,@POTUS @CDCDirector Why aren’t pharmaceutical companies liable for vaccine injury ? If the vaccines are truly safe then why are they protected by Ronald Reagan’s bill signed in the 8o’s. Could this bill be repealed to instill confidence in the vaccine ?,side-effect 
1093,1398000361789693957t,"""Coroners to investigate after BBC presenter’s family say she died of blood clot following AstraZeneca jab..."" https://t.co/gnoUFCmwLb",side-effect 
1094,1349408534946050055t,CDC and Pfizer are investigating death of 'very healthy' Miami obstetrician 16 days after he received the vaccine and suffered a brain hemorrhage via https://t.co/SoLYFq4fjs https://t.co/aIBtRWpJAB,side-effect 
1095,1002154874195324930t,@Artistlike I always feel like all newborns should be tested for Lyme; like they have a dormant Lyme disease that's triggered by a vaccine and causes autism-type symptoms. Many adults I know found their Lyme triggered by a flu vaccine.,side-effect 
1096,1339253368884228102t,@VinGuptaMD @EliotCTAandCCMD @TODAYshow You have no idea about medium to long term effects of this vaccine how dare you lie and say it's 100% safe when even pfizer doesn't want to be liable if things go wrong? You should have your license revoked,side-effect 
1097,1334863564117426176t,"@globalnews So when your 92yr old granny gets the #covid19 vaccine, then dies 18 days later from her heart  stopping from old age (as example), are you going to be happy then since it isn't a #Covid death?  Or do you think the vaccine will bring granny immortality?",side-effect 
1098,1435345677521932290t,"Three men - this casualty was the oldest at 49 - dead following Moderna jabs, contaminated batches withdrawn, yet both government and manufacturer steadfastly cling to their mantra that ""there's no proof"" https://t.co/qaeIjmgeXU",side-effect 
1099,1330190256898011137t,@MattHancock @MHRAgovuk @pfizer @BioNTech_Group A surgeon from Liverpool has said the government are telling people nurses etc that they are going to have the vaccine first but they are not it's just so the public then will have it it will kill people hancock you are a psychopath and you won't get away with this mass murder,side-effect 
1100,1372955334952808453t,yet more double standards. Like death post vaccine is a coincidence but death within 28 days of (every dodgy) PCR test is COVID. #EndTheLockdown #BorisJohnsonOut #SackSage,side-effect 
1101,1420770344957366273t,Anyone know if foster kids are being forced to have the vaccine? #covid #CovidVaccine #AstraZeneca #FauciEmails #annonymous #fostercare #freealei (@tellaCellaALL) https://t.co/bv7A2k5BGd,mandatory 
1102,1365026236414713862t,Imagine being fine for over a year and then erupting into celebration for getting an appointment to get an experimental vaccine that no one on earth knows what will happen because of said shot in the future.... #ThisIsFB,rushed 
1103,1286092089953050624t,@RichardGrenell @JoeBiden Future me: told ya the wuxi vac was as bad as the v1rus. Me now: just because R&D for Pfizer is on the BOD of both companies doesn't prove the vac will be worse than the v1rus. https://t.co/DPg4FM3wdU,pharma 
1104,1222178423294042113t,@DrDanielGih So the flu vaccine is supposed to LESSEN the symptoms of the flu? I don’t think that’s how vaccines work. FYI.,ineffective 
1105,1385524243232804864t,US woman hospitalised after J&J shot with similar symptoms as blood clot cases: A Texas woman who received Johnson & Johnson's Covid-19 vaccine has been hospitalised after showing symptoms similar to those of six people who recently suffered blood clots… https://t.co/wPNLzdmhQe https://t.co/8TWNRlehjp,side-effect 
1106,1337468194001391616t,this is after receiving a few texts today about how the Pfizer vaccine causes Bell’s palsy (which I’ve had all my life).,side-effect 
1107,1346384309318541313t,Another #lockdown How long will this crap continue?? Oh yeah until Boris gets told by Bill Gates that he can let us go back to normal...that will be next year then if Billy boy feels like he has killed off enough folks with the dodgy vax #Covidbollocks #Vaccineskill,unnecessary conspiracy 
1108,1340098981993431040t,"I legitimately think the COVID-19 vaccine is safe and effective but I don't care. Not taking it. You made me wear a mask for ""15 days"" also known as ""almost a year,"" I'm done.",ineffective 
1109,1325901888827645953t,"@nbrez Fully agree, did you hear RTE's covid vaccine ""expert"" George Lee on the news? (I'm paraphrasing slightly here but..) ""yes there is a vaccine but hopefully it won't work, you're all still fukked"" thanks George 👏",ineffective 
1110,1255691114700554243t,Youtrumpsters are all now the black africans vaccine experiment's. Worse bill gates depop plans https://t.co/XJrmb17ehB,conspiracy 
1111,1440543630742016002t,"17y♀️#Pfizer #Covidvaccine #Pediatrics #VAERS #VaccineDeaths ""Headache ... was very severe and she saw PCP for it twice ... lasted a week. It then resolved ... she got her second vaccine."" https://t.co/eFDOLeHgPv",side-effect 
1112,1351631114943811584t,"@JaneDryden4 Pfizer and the other vaccine manufacturers will never admit liability for deaths or damage due to their vaccine. All flu vaccines have a mortality rate of 1 death in 10,000, the Covid vaccine is 1 in 1,000. It may be an unacceptable loss.",side-effect 
1113,1327328516094914560t,How about we shoe Fauci just how independent Americans are? .Time for a Covid party. Let’s take all the vaccines and dump into the Boston Harbor and see how Fauci and Gates like that!,pharma political 
1114,1222908478253150208t,@AmberD1116 You know what would fix this? If a child dies by a preventable vaccination of that disease hold the parents accountable for child neglect and then murder.,unnecessary 
1115,1352761187688132609t,Years ago Pfizer refused to take necessary tests on kids who where vaccinated with a new vaccine. Test persons suffered from severe illnesses ant the tests were stopped. Pfizer is still refusing responsibility. How can any Health-minister do any deals with a firm like this?,political 
1116,1337541571424604162t,"Maybe you could start by providing some more clarity on the testing, interactions, the lack of clarity on infertility studies and reproductive toxicity, and the short and long term side effects of the vaccines as well as overall numbers of Canadian deaths daily vs COVID deaths",side-effect 
1117,1337700270214680577t,"Old woman on the bus yesterday was disgusted that I said I would not get the Covid vaccine until we knew the long term effects. She was like, in her 70's. Didn't like that I wasn't willing to risk the next 40 years + of my life living with a vaccine injury. 😂",side-effect 
1118,1329058025668304897t,"@Pfizer_UK TAKE this tweet down...... you have too much litigation to push our advertising , and NO I WILL NOT do you vaccine",pharma 
1119,1376891757875564547t,"@ZeldaAGabriel The vaccine protects you from symptomatic COVID. There is no research that says it stops you from spreading COVID. So you’re vaccinated you go live your life catch Covid, don’t get symptoms because you’re vaccinated but still pass it to others who may not be.",ineffective 
1120,1376279037337817088t,@chachat @gyourys @Christi46847375 but that's it! its ALL A SCAM! not just covid... its all been planned! ALL OF IT! so if covid is not real... the vaccine for covid... is essentially????,none 
1121,1303528946688913414t,Instapundit » VACCINES ARE DIFFICULT: AstraZeneca COVID-19 vaccine study halted after ‘potentially unexplained’ illness. https://t.co/HgqrpafOAM,side-effect 
1122,1373417173998264321t,"Two hospital staff members in Denmark got blood clots after taking the @AstraZeneca COVID-19 vaccine, with one ultimately dying. #COVID19 | #vaccine https://t.co/iDV4ocLEIk",side-effect 
1123,1336536639150071808t,"@kuku27 Pfizer and BioNTech are developing a new version of the covid-19 vaccine ,First version is not out, second is on way, something is not right",conspiracy ingredients 
1124,1408549071271329792t,More discovery of the risk of Pfizer Covid19 Vaccine https://t.co/YgsI0SxCeS,side-effect 
1125,1390650545581477910t,"Kamrynn Thomas: 16-year-old Wisconsin girl develops blood clots, dead 11 days after experimental Pfizer mRNA shot - The COVID Blog https://t.co/YcektxaqRK",side-effect 
1126,1291110659476918273t,"@KateShemirani @essentialsteez From my previous readings of this case: 1)The men already infected with C19 and vaccinated regardless. 2) US has many biolabs in Ukraine known for experimentation. 3) The vax was Moderna, and this experiment bodes ill for a severe reaction when vaxxing prople with previous C19.",side-effect 
1127,1305097959286112256t,And the drug manufacturers have immunity from prosecution??? Coronavirus: Oxford vaccine trial back on after pause for investigation over side effects https://t.co/UbNQnGx2HP https://t.co/Jnx5phtepB,side-effect 
1128,1357309337983569920t,@globaltimesnews China's vaccine is very dangerous it has been banned in many south American countries. Chinese vaccine is spreading more Corona virus in people who is taking Chinese vaccine. Please take care of your family. https://t.co/21l9QCOPWB,country 
1129,1339236973618204672t,@MarcLobliner Why is the vaccine considered to be the end all? It’s not. Pfizer stated you may still be able to get Covid...🤦🏽‍♂️,ineffective 
1130,1327388374836129793t,@JuddPDeere45 @PressSec @realDonaldTrump @WhiteHouse Pfizer is not part of that. Operation Warp Speed was to Rush unsafe Vaccines out by Election Day by bypassing Trials &safety Protocal. THAT NEVER HAPPENED. It's Over. TRUMP did Not create Vaccines or have anything to do w/the Reason why we're getting Vaccines eventually.,political rushed 
1131,1326167280837828610t,"It's great to be excited about a possible vaccine but please realize Pfizer is using preliminary data that has not been peer reviewed. Far more testing is needed to determine if the vaccine is actually effective and more importantly, safe. Most vaccines take up to 3 years.",rushed 
1132,1366151085518245888t,"@Veritas5476 @LTed5742 @liebersohn @ashishkjha @DFisman Sure, but just keep in mind that if you get the J&J vaccine you may not be as well protected as you would be with an mRNA vaccine, and if you are at-risk you need to continue to isolate.  If I get the J&J vaccine it won't really benefit my current situation much if at all.",unnecessary 
1133,1376922567177613323t,"@Nutellastaan @docschnabell Hosakta hae, but during trials also, there were reports from multiple countries of adverse neurological reactions related to the AstraZeneca vaccine.",side-effect 
1134,1343500851344789504t,"@THEMENZI @ntsikimazwai Resist, and mobilize people, conscientize people to the threat of global population control that is coming.  If u don't trust corona vaccine, refuse it and tell other to do so.",conspiracy 
1135,1364850923583930369t,"Still waiting for the vaccine, 😏@BorisJohnson it isn’t so great the vaccine rollout performance btw",none
1136,1265448346229059589t,"A possible #vaccine for #COVID19 is probably years away. We should of course hope for the best, but be realistic. There has never been a vaccine for any #coronavirus... #Moderna # https://www.statnews.com/2020/05/26/moderna-vaccine-candidate-trial-participant-severe-reaction/",rushed 
1137,1378722914799783941t,"Doctors for Covid Ethics 2nd letter to European Medicines Agency 'Misleading populations into accepting investigational agents... ""vaccines”, or coercing them through “vaccine passports”, constitutes clear and egregious violations of the Nuremberg Code. https://t.co/WJ99d4XT6B",mandatory 
1138,1297969696059404288t,@DavidSherwin10 @MissNachez @raumcom @cgrace29253014 @WhiteHouse @realDonaldTrump And a vaccine would do nothing for those people. It would only make things far worse,none
1139,1375197295948484611t,"@Lawson_PJL5 @PoliticsForAlI @TimesRadio Total joke. The young (18-40s) won't be getting the vaccine. They are already limiting it now, supply is getting shorter. I won't bother if I have to do this just to go to the pub. I would for holiday but nothing else!",none
1140,1340967752090017793t,"Nurse at #Tennessee hospital collapses after taking a dose of #Pfizer’s vaccine, striking another blow to promoting trust in the new jab MORE: https://t.co/Hu5tl9M21E https://t.co/7Plaso4aeg",side-effect 
1141,1377119532561571841t,"@VishnuNDTV Why is the Indian government so hell bent on authorising untested vaccines, when such vaccines create hesitation and reduce uptake rates whilst safe vaccine (covishield) is available but getting exported. Indian lives less important than PM's image?",rushed 
1142,1313095535923015680t,@MattHancock So you are hedging that the oxford vaccine will be viable in the spring as projected! So when it isn’t what then? Why is the action level for this virus 100/100000? But every other outbreak is 400/100000? #WhyAreTheyDoingThis,ineffective 
1143,1433830554349318154t,"Exclusive Interview: Mom Whose 14-Year-Old Son Developed Myocarditis After Pfizer Vaccine No Longer Trusts CDC, Public Health Officials • Children's Health Defense https://t.co/AhsHhZTyvG",side-effect 
1144,1333050059953467397t,@UKActionteam I saw some reports online but they are so worrying I feel sick at the thought of having an Mrna vaccine I want to have a choice to have the Oxford one instead,side-effect 
1145,1375222596480929805t,The Vaccine ONLY protects YOU against severe illness.. it DOES NOT stop you contracting #COVID19 and spreading it around the world... which makes Vaccine passports pointless doesn't it ???? #bbcqt #VaccinePassports,ineffective 
1146,1372179745731973129t,@JennyRW5 @moderna_tx So egocentric and selfish of you to involve a child that cannot consent to a jab that we don’t know the long term effects of. Also children are not the ones most affected by covid 19.,side-effect 
1147,1346487927614922752t,Some Moderna Vaccine Doses May Be Cut in Half to Accelerate Rollout: Official https://t.co/QexleZP5tp via @epochtimes WHY BOTHER TAKE IT ????,ineffective 
1148,1287720791531032578t,"@TODAYshow @tomcostellonbc It typically takes 5-10 years to create a new vaccine and these people are trying to develop one in 5-10 months?  I'm not an anti-vaxer, but I don't think I'll be getting this vaccine if they approve it.  I'd rather take my chances than be a guinea pig.",rushed 
1149,1350407066851094528t,I’ve been flat out declining Pfizer vaccine after seeing two peoples side effects. I was offered Oxford yesterday but declined it as I know of a lot of people who have had even worse side effects than Pfizer. Luckily my manager was cool with it and said it’s my choice.,side-effect 
1150,1400847569941532675t,"Does this in any way justify permission to vaccinate Indians with Pfizer BioNTech vaccine? Definitely, it doesn't justify indemnifying them from any legal claims. Serum Institute is justified in demanding similar legal protection, knowing its AZL vac can cause fatal blood clots. https://t.co/f7Irs4q4bn",side-effect 
1151,1366033745246113799t,@Reuters Goodluck to the 50% of those to be vaccinated. Vaccine won't work on them.,none 
1152,1381198650290884613t,"@EnricoCoiera @d_spiegel Well there are more things to worry about the AZ Oxford vaccine than just a dangerous, but rare side effects. Basing a regimen on a ""mistake"" in a small sub-group was never going to impress all of the people, all of the time. https://t.co/yQ9hyzjhYu",side-effect 
1153,1290164137314488320t,"I will NOT wear a mask I will NOT social distance I will NOT be vaccinated #Scamdemic #Agenda2030 #depopulation #DestroyWEF #DestroyUN #DestroyEU @BillGates @gatesfoundation @melindagates @gavi @moderna_tx @DrDawnHarper @guardian Truth Teller, Best Doctor EVER: @DrButtar",conspiracy 
1154,1385046351411654658t,@JNJNews Why would you not even address the blood clot situation on your vaccine? And how in the world did you not know about the horrific conditions at the vaccine manufacturing plant? What is going on w Johnson and Johnson?,side-effect 
1155,1334861111494123520t,@chicagotribune Who is clamoring for an untested Covid vaccine with unknown side effects causing long term damage?,rushed side-effect 
1156,1403210609672347649t,"Viden is not doing any favor to the world, he is just rescuing Pfizer from mounting loss from US tax payers money as their plan to mint money from vaccine sale around the globe especially India is kicked out by vaccine made in India and other nation like russia https://t.co/uOXi911YAF",pharma 
1157,1344284524021211138t,"Pfizer's CEO doesn't want to take his own Vaccine, and making excuses all day, truth rubbed in your face. They want to get rid of you, by killing you off or leave you disabled so you don't stand in the way of the rollout of the NWO.🤔👇 https://t.co/uTpnXFsGyS",conspiracy 
1158,1353495073208594433t,"@Pabc7p @BBCNews Gene editing, is where they take a piece of the sequence of the virus and edit it into our DNA this is the reason why they want you to take the vaccine. In order for your immune system to respond to it. But there's a problem with that. You freaking genius",conspiracy ingredients side-effect 
1159,1377246729771302913t,@RonPaul @AMERICANHODL3 Honestly there's no way to definitively say who has gotten a vaccine anyways-- a passport isn't possible. The reporting is all messed up and anyone can reproduce the paper card that claims you've gotten a vaccine.,mandatory 
1160,1301889588701528064t,"@Reuters LOLOLOL, because it gave people COVID. Who would trust a Russian vaccine?????",country 
1161,1375589470557331461t,@RosieBarton Someone tell @RosieBarton that Canada is a laughing stock when it comes to vaccinations and that Trudeau is responsible. Further will the CBC apologize to all those who will be infected and die because they weren’t vaccinated in a timely fashion? #cbcfail #TrudeauVaccineFailure,side-effect 
1162,1224142070425817089t,Oh Look At That A Vaccine Made To Counter Corona Virus More Bullshit For The Docile Unconscious Zombies https://t.co/fxa2Uy28qR,side-effect 
1163,1449816006478766085t,"Leaked Emails Show Baby Parts Used In Vaccine, Report Suggests...Shocking leaked internal emails from pharmaceutical giant Pfizer show how human fetal tissue is being used in laboratory tests for the COVID-19 vaccine. https://t.co/70RFibiY69",side-effect 
1164,1394905994484801538t,@mediaeasier @BreesAnna Many people here in India are getting Covid after vax. Two people I know died this week. One became ill right after his Covishield vaccination. Another was Covid+ despite vaccination. I include a big section about adverse reactions in this (massive) tome: https://t.co/1mLwc3s7Ao,side-effect 
1165,1269567730392293376t,@luma_tiatia I bet they told you how safe and effective they are..paid by Big pHarma of coarse. That is my biggest reason for leaving when they expected us to push vaccines on pregnant women that was it for me..now you lot have the Corona vaccine coming. #BillGates#WHO Agenda21/30,pharma 
1166,1374348400347463680t,@kateshilling69 @MinorDub2021 @Forbes Why are you so upset? I’m not trying to convince you about nothing . I will not be vaccinated with AstraZeneca for sure . Depends on you ..,mandatory 
1167,1319304276821250048t,"If azar succeeds in ousting Hahn, I will not be taking any Covid Vaccine ... and neither should anyone I care about.   https://t.co/8iqKbUK8eP",none
1168,1262935037172908034t,"It's less dangerous than many  communicable diseases but only problem is-As Corona is since millions years & chinese mutated,is changing strains rapidly @POTUS @realDonaldTrump @RoyalFamily @CanadianPM @Europarl_EN @PMOIndia @narendramodi No vaccine will be life long For Sure100%",unnecessary 
1169,1451575792895365127t,@Chastiv2 @SBSNews @ShubaSKrishnan @drvyom @DocB__ @markdreyfusQCMP @whereisdaz The useless #AstraZeneca vaccine 💉 is finished. Good riddance to it.,ineffective 
1170,1262850075631517699t,@BogochIsaac @HelenBranswell Does Moderna publish their results in scientific journals? After peer review? I can’t find much data on these „spectacular“ vaccines.,rushed 
1171,1376145799520907269t,@amorphous_soul @ArekkusuBasu @CryptoMessiah Idk. You said you don’t catch Covid if your vaccinated. But according to science you can still catch and spread it afterwards. So you’re incorrect.,ineffective 
1172,1411701975557623812t,Teen dies in sleep after receiving Pfizer COVID vaccine; CDC investigating - WKRC TV Cincinnati https://t.co/ZVLmiTefDh,side-effect 
1173,1311398015853355010t,@GuNesnaj @JulieBalfour9 @jonkirbysthlm Two studies show that flu vaccine recipients have increased susceptibility to other viruses including corona (latter DOD study). So...the elderly get an extra heavy duty dose? Does that make sense?,side-effect 
1174,1334451857012482048t,@AstraZeneca Please let the world know that your initial trial was ONLY done in https://t.co/bwDpADs5hF once again using blacks as guinea pigs. This is more about population control than the virus. #VanTam #CovidVaccine #Covid19UK @CMO_England @10DowningStreet @MattHancock @gatesfoundation,conspiracy 
1175,1251578373027004423t,@scottbraddock @mannyNYT The vaccine MAY not be that straight-foward.  Efforts on the SARS vaccine have been difficult & this one is highly related. Medication treatments may have to suffice for a MINUMUM of 18 months or longer. We CANNOT stay shut down much longer or Depression deaths will exceed COVID.,side-effect 
1176,1355140155913465859t,"@Cwitter86 @MarkPaulTimes It is not at all certain that vaccination will get us to 0-covid. Efficacy is ~90% in /healthy/ cohorts. Sterilizing immunity - on limited, preliminary data so far from Moderna - lower again.",side-effect ineffective 
1177,1337187637011083267t,"Sorry in advance for the expletives but this is f▪cking appalling & unforgivable. These Tik-Tok 'heroes"" have been doing sweet FA since March & suddenly they want us to believe that they're superheroes because they have the power to jab us with Pfizer's latest golden egg. WTF",none
1178,1326833897108353025t,"@hawkins_carole @reinstatecorbyn Not many people will take the option to have this vaccine, just shows they are not confident about it being safe - please #TakeCare #Covid_19 have a long hard think about being injected with something that still needs testing @BorisJohnson @Conservatives - #WearAMaskSaveALife",unnecessary 
1179,1327367328430886913t,Good thing Trump didn't have this presser before the election or he would have lost by a couple million MORE votes! #WarpSpeedVaccine #Pfizer #MedicalFreedom #InformedConsent #VaccineInjuries #VICP #VaxxedTheMovie,political 
1180,1343666028094611458t,@FakhuusHashim Has the CEO of Pfizer taken his vaccine shot yet? I heard he said he doesn't want to jump queue. When they chain him to a chair publicly and chook him the thing then we can consider.,pharma 
1181,1339470315584446466t,"@VacZineAnalytic @andrew_croxford I'm wondering how many 'experts' engaged, in a respectful, non-dismissive way with those expressing fears about vaccine side effects ... Telling people they're idiots because they're not 'following the science' doesn't necessarily qualify as far as I'm concerned.",side-effect 
1182,1306361420242735106t,"@jopath71 @niloc14061952 I hate to say it, but I have no confidence in our CDC or FDA. How is it that every year CDC puts out a vaccine for the wrong strain of flu?? By the way, how many people died of influenza from March to August 2020? We only hear about covid-19 and those numbers are bogus",side-effect 
1183,1399159524590825473t,@FlaShBloGLive Out date none sense - another media publication that lack facts and has no idea. Never surprised to read this type of negative media- to many vested interests in Biontech whose vaccine costs 3x raw material to make and is 7x higher in costs= Profiteering,pharma 
1184,1308723509657513984t,"🚨🚨🚨🚨🚨🚨🚨🚨🚨 Johnson and Johnson are in late stage 4 testing for Covid single shot vaccine!!! Aren't they the ones who allowed asbestos in their baby powder that caused cancer in many women? Yeah, sign me up for that shot! ☠️☠️☠️",side-effect 
1185,1282965724500295681t,"Bill Gates $4 billion Covid vaccine from the worlds best scientists? No thanks Globalists, it hasn't been tested enough!!!! Baba Zorka's Russian homeopathic tea mixed with petrol, urine and herbs grown on Bosnian Pyramid of the Sun? Yes, sign me up!!",ingredients 
1186,1325852600038776840t,"amazing aint it, the big announcement of the Vaccine today was known before last week and kept secret because of the American Elections.. These people behind the scenes of this global companies are pure scum... all part of the Agenda that's coming - #Pfizer #BioNTech #Trump",political 
1187,1328326577923502080t,"VACCINE KNOWLEDGE PROJECT SAYS In the case of the MenB vaccine, for example, it took nearly 20 years from the first idea to the vaccine being licensed for use. So not next month then.... your media tells lies #dailymail #vichy #CovidVaccine #SCAMDEMIC2020",rushed 
1188,1373806358475182081t,"Dolores Cahill, world renowned expert in immunology and vaccine. Chance of dying from covid 1 in 1,800,000; chance of dying from vaccine 1 in 50. Covid (SARS-COV-2) treatments work are readily available and much less dangerous than vaccine: https://t.co/YQucwqVV4U",unnecessary side-effect 
1189,1347874444996435968t,@TracyZille Africans now we pray for white Jesus to stop covid 19 we don't need any more vaccine.,unnecessary 
1190,1251045401769230336t,@Jonesys_mom @glhilder @LPerrins You don't have to live in America to have Bill gates team running the show. Bill and Melinda gates Foundation funds WHO and Imperial college Oxford so pay Neil Ferguson's wages. UK government funds GAVI. Vaccine alliance. They all have conflicts of interest,pharma political 
1191,1262677140061007872t,@VincentCrypt46 Both must be heavily invested in Moderna the more expensive “vaccine” not the hydroxychloroquine less expensive preventative method🤨 Such hysteria triggered my bullshit radar🤬,unnecessary pharma 
1192,1325855144660054016t,Eh hem ion give a fuh what Pfizer got.i ain't taking a vaccine for a virus that has a 99.8 percent survival rate Periot,unnecessary 
1193,1337245449628114945t,"@karmamydog @Flower10___ @wall3world @CBCNews An, there it is, using poor grandma and grandpa. I’m sure they will be thrilled about being the governments upcoming science experiment with the no long-term data Pfizer vaccine. https://t.co/1z8GzexR7y",political rushed 
1194,1307861534006276097t,"@NoFascistLies You can bet the farm the 1% that rule Western Nations Governments, won't be partaking of the Monkey Virus based AstraZeneca #Covid_19 Vaccine that has already 2 reported serious spinal cord side-effects.",side-effect 
1195,1254524452953604096t,@jamesgraham521 @YouTube What does that sound like to you? Vaccine programs inject half live viruses into a person. I think I’ll chance my luck with my immune system.,unnecessary 
1196,1348972594825981952t,"@Ishrxq_ Yeah obviously it is a dumb policy which is illegal, but they can't even get the numbers right on the Oxford vaccine. He repeatedly states it is 62% effective, which is true for the full dosing regime, which is not what the NHS are doing.",ineffective 
1197,1365326514921889797t,US Troops are resisting the COVID vaccine... 🤣🤣🤣 Good for them.,mandatory 
1198,1298270364946948099t,"@GOP GET A GRIP, FDA CHIEF! You LIED About The 35% Mortality Rate. The 35% Is The DIFFERENCE Between The HIGH Dosage & The LOW Dosage. And, There Were ZERO Placibos Involved. Trump's PUSHING The Convalescent Plasma Off On Us As Putin PUSHES His Vaccine Off On The Russian Citizens",political 
1199,1337484026119028737t,@SenSanders WH orders FDA chief to Authorize Pfizer's Vaccine today or Resign!!!                                               This why I WILL NOT get a vaccine until trump is gone!!!!!  https://t.co/PDqijweJZk,political 
1200,1374398597769228293t,"@RevNevLyth @richardosman #CampSticker ! (I didn't get a sticker, but can love without one, unlike the vaccine)",none 
1201,1374368504934191113t,No offense but if i end up getting the johnson and johnson vaccine that'll just be the last straw,political 
1202,1303962073026699264t,"Gates-Funded Vaccine Causes Polio Outbreak In Sudan & More Evidence Of Moderna's COVID Foreknowledge Welcome to The Daily Wrap Up, a concise show dedicated to bringing you the most relevant independent news, as we see it, from the last 24 hours. ***Due … https://t.co/1rGjA5gqS0",side-effect 
1203,1249492678204690434t,"THERE IS NO VACCINE PROVEN TO PREVENT CORONA VIRUS, THEIR MISSION IS TO REDUCE AFRICA POPULATIONS.",ineffective 
1204,1412615605597872138t,"17-year-old diagnosed with a heart condition after receiving Pfizer vax. Made to take it to attend school and play soccer. ""A week later, he came home and started telling me that his heart was hurting every time he had a heartbeat,” his father said. https://t.co/nKy3HBR8hV",side-effect 
1205,1433148588595597312t,"Otherwise healthy BBC host complained of headaches, scans later found haemorrhage on brain, inquest told There have been 417 cases of blood clotting after AstraZeneca vaccine out of nearly 50m doses administered.",side-effect 
1206,1353300155827712001t,@medusanewsfeed @SocialM85897394 @LozzaFox @BorisJohnson how many people have been duped into taking this trail vaccine? Do they know they are the guinea pigs?,rushed 
1207,1327238032496398337t,Take this vaccine. Not on your life! I love how when Madagascar spoke of a herbal remedy there was no interest in studying it further. But now Pfizer magicks a vaccine in record time - and it's roll out time. What a collusion! https://t.co/OSnm17jrxH,none
1208,1374505442626334725t,@krishgm Of course I’m not saying that investing in the vaccine wasn’t a good idea. It self evidently was. But to prioritise it as the principal solution without also investing in public health has led to a far far worse outcome.,unnecessary 
1209,1365069765694402560t,"@nickdebois Dude, I have no idea where you think you get your news from, but the Bild is a freaking bullshit paper like the Enquire! Mother put child through meat grinder, Bild got interview with the hamburger. Seriously? On the other hand, I wouldn't want Astra Zeneca vaccine either!",conspiracy ingredients 
1210,1316783072096989184t,#China plans to let victims sue #vaccine manufacturers for punitive damages after string of scandals. New laws will allow people to sue drug makers for cases of death or serious #VaccineInjury. Chinese vaccine victims could seek damages under new law https://t.co/IEgOb5Lv4m,side-effect 
1211,1344755745376636928t,@thehill Any vaccine like this will be suspicious! Where is the cancer vaccine? This at this moment is more lethal than cancer. But yet they found a vaccine? They made this distrust in pharmaceuticals because Americans have been raped for so long by the same companies you want us to trust,pharma 
1212,1284056416282607616t,"I do genuinely hope new Oxford Covid vaccine works and saves lives. But I do worry it will feed into narrative that ""Oxbridge clever solutions"" can save us from global disaster - which could have worrying implications for climate change where that approach is unlikely to work",ineffective 
1213,1335655641097121794t,@BeastRevealed @NULOOKREFINISH @HighImpactFlix @FaceLikeTheSun There's no known effects of of the virus or its vaccine... may as well load a single bullet and play russian roulette... It'll be years before we really know anything about this man made genocide virus,side-effect 
1214,1297717329300729856t,@jameshohmann I don't know about the #MAGAZombie crowd but there ain't no way in HELL I would risk taking a vaccine from the #RiggerInChief,none
1215,1325819465599234048t,"Isn’t it just remarkable that the Pfizer / Gates Foundation medical cabal has discovered a vaccine just days after a stolen Democrat election? I mean really, what are the odds.",political 
1216,1358117598970470404t,@MattHancock - Just asking if perhaps those Nurses injected the WHOLE content of the vaccine bottle instead of just the required dose? Norway urgently changes Covid vaccine guidance after 23 die in days following Pfizer jab https://t.co/RALxFvJEOX,side-effect 
1217,1254771065865158664t,@realDonaldTrump Just let ppl have their #ID2020 and mandatory CRISPR made mRNA vaccine. Many frontline #FakeNews journalists are going to burn themselves.,mandatory 
1218,1333897616766103552t,"Must just be a coincidence, the media and medical establishment are using these same psychological signs to keep us obedient and compliant during covid. #COVID19 #Covid_19 #CovidVaccine #danlied https://t.co/vGHLfdNcTI",none
1219,1334153236534726656t,@ericgarland The Pfizer vaccine has early side effects.. headaches and such.,side-effect 
1220,1382297953176543232t,"Oh, the Vaccine currently banned due to deaths? Inventor claims Brexit allowed scientists to develop Oxford jab https://t.co/hE6av8OIWU",side-effect 
1221,1336355836864684034t,"""Pfizer vaccines are made of messenger RNA (mRNA) and are required to be kept frozen at negative 70 degrees Celsius."" https://t.co/UwMpL6bBVu is this the temp that sperms and eggs are frozen? this is GENETIC MATERIAL to program cells",ingredients 
1222,1403412116799901696t,JUST IN: FDA reportedly tells Johnson & Johnson to toss 60M COVID-19 vaccine doses over contamination concerns https://t.co/3OfTnntECX https://t.co/Y7fo9QCN15,ingredients 
1223,1337401646607896576t,"@sue91282690 When 2 ppl had allergic reactions to Pfizer vaccine on 1ST DAY! it doesn't bode well. Now we also discover 10 people died in trials, they had to be fit & healthy to participate! Frightening! Now US has made it mandatory for all it's citizens to have vaccine. Population culling?",side-effect 
1224,1377281894547660803t,@ryancapperauld Not only that but there is literally no justification for it. If you’re vaccinated then you are protected against serious illness ( ie. illness that would hospitalise you) soo not exactly sure why the vaccinated are so concerned about the unvaccinated...,side-effect 
1225,1293562035456942080t,"Russia’s fast-track #coronavirus #vaccine draws outrage over safety. #RussianVaccine is the first approved for widespread use but could be dangerous because it hasn’t been tested in large trials, say researchers. https://t.co/Gngy0OE2Nc",rushed side-effect 
1226,1351207409071640578t,"After a video of his mother’s condition went viral, the son of a woman who was hospitalized after receiving Pfizer’s Covid jab told RT that, even though he was not an anti-vaxxer, he had serious doubts about the drug’s safety.",side-effect 
1227,1409764581220696069t,"@PfizerCareers "". that change patients lives.' Really ? Ok, then publish all your toxicological data about your #COVID19 #vaccine ‼ (including accumulation of mRNA-LNP in ovarian tissue).",side-effect 
1228,1339676396805890053t,@LisaKukla @DrNancyM_CDC @CDCgov Show me where it's safe. Astra Zeneca has aborted white Male 14 week old fetal lung tissue. Do the RESEARCH!!!,ingredients side-effect 
1229,1343015927474884611t,"@abcnews Maybe she's not crazy, maybe she's right about the Moderna 'Software for Life' vaccine that perhaps the army will enforce?? Only time will tell I guess. I certainly don't have a crystal ball.",conspiracy 
1230,1283455813017833478t,"💉 Everyone is praising Moderna's new antibody vaccine. But as I understand how it works, is that the antibodies in the vaccine only last several months before they lose their potency in the body against COVID. So more than one shot is necessary, More tests needed. 💉",ineffective 
1231,1383037193288085507t,Norwegian Institute of Public Health's recommendation about AstraZeneca vaccine - NIPH Higher risk associated with AstraZeneca vaccine than from COVID-19 disease in Norway https://t.co/2kPgmgz5BV,side-effect 
1232,1411959060774080514t,"Posted today: Delta evades RNA vax too 6 of 100 vaxxed attendees at open-air wedding got sick. In 2 with Covaxin, 1 (groom) died In 4 with RNA vax, 1 hospitalized All expected from measured 80% efficacy, yet PH officials say we don't need to worry. https://t.co/IhPUkWt8US",rushed side-effect 
1233,1411761863071776772t,ALSO ABOUT THE JOHNSON AND JOHNSON VACCINE! IT'S A FAUCI TWO-FER! https://t.co/wuNXKtG4QV,none 
1234,1374972891310256130t,@lovenature2021 I do think this is being mooted as a bit of a ruse by the government to encourage people to get the vaccine.,political 
1235,1335230012346298369t,"@Beachesguy2 @jeannetix Big winners are Fauci and Bill Gates. Fauci has a stake in Moderna through NIH, and Gates gave them 100 million dollars in 2016 for them to develop mRNA vaccines",pharma 
1236,1371121610057388037t,"Opinion: Vaccine side effects..- possible to have penicillin in it?? I've always thought it to be unfair to people, when president trump contracted covid and then bragged 3 days later that he was cured! Where is that special vaccine for the rest of population? hmmm..",side-effect 
1237,1255864714111967239t,Forced vaccination is a crime against humanity! And violation of: 1) Nuremberg Code 2) UNESCO Universal Declaration on Bioethics and Human Rights (art.6). 3) UN International Covenant on Civil and Political Rights (art. 7). 4) UN Universal Declaration of Human Rights (art. 3).,mandatory 
1238,1297444333721919492t,@cleveland19news I’ll rush right out to get a Russian vaccine. Not.,rushed 
1239,1260217108979466247t,@Kabamur_Taygeta How is he fighting for us if he pushing the Bill Gates death vaccine? Why is Hiliary not arrested? Why is he implementing all of Fauci’ Covid crap? Shutting down the country has destroyed the economy?,political 
1240,1326585761051910144t,"@PrometheusAM @ZubyMusic Well, sweetheart, let me tell you something: we won't comply, no matter the level of coercion. The sacrifice on our part won't last long anyway because this vaccine is bound to repeat the 1976 swine flu vaccine scandal. So, enjoy your vaccine and your continued covid anxiety.",conspiracy 
1241,1334083843809288203t,Its unlicensed....wake up people....UK approves Pfizer/BioNTech Covid vaccine for rollout next week https://t.co/b7mZhdLXh9,rushed 
1242,1252638154177347591t,"@MartinSLewis I just worry that we are getting lied to again, how can they have a vaccine when they don't have a clue about how many strains covid 19 has, I think they are trying to keep the public quiet and the tests will be a placebos and not real.",ingredients 
1243,1263163593064882182t,The irresponsible promotion of the #Moderna #Covid_19 #vaccine shows how inimical the private ownership of the #Pharmaceutical industry is to #publichealth. #capitalism undermines the international collaboration required to defeat the #pandemic. https://t.co/DvOGpYxKBO,pharma 
1244,1349177294489792513t,Healthy South Florida doctor dies from strange side effect 2 weeks after receiving Pfizer COVID-19 vaccine https://t.co/tL3UKGsaQh,side-effect 
1245,1343144015248707586t,"@ColinMHolmes @QueenBona4 @AlastairMcA30 @GillianMcKeith You are uninformed, manipulated, scared and weak. I know how id prefer to live my life. Does it not bother you that Pfizer are happy to kill people and pay compensation rather than actually be ethical in the first place?",none
1246,1283113553252225024t,"@TheLazyMerican @MicheleJeanne3 @TomiLahren @GavinNewsom No vaccine has 100 efficacy. Viruses often mutate. This is why there is a new flu vaccine “cocktail” every year. Many people that get an annual vaccine still get an influenza virus. We have learned to #livewithit, just as we will with #Covid. #openbusinessnow",ineffective 
1247,1283357921200545798t,@jimcramer is strongly defending his buddies over at @moderna_tx for their misleading vaccine results. How many times have we heard this story from @GileadSciences? Cramer has to keep his ‘charitable’ trust propped up. Wake up #cramerica,pharma 
1248,1439688993017303041t,Adolescent Boys at Higher Risk of Hospitalization From Pfizer Vaccine Than From COVID • Children's Health Defense https://t.co/h6MpMrE4j2,side-effect 
1249,1342924442599485440t,Fuck pfizer and those bullshit vaccines. And fuck anyone who takes it. IDIOTS,none 
1250,1341193114166431749t,https://t.co/Dhqd9Nwsj7 I am all for blacks going first to test sterilazarion theory associated with the Pfizer vaccine. I say let the racist go first. I will pass anyway.,side-effect 
1251,1398289222998581249t,A new @researchsquare study—not yet peer reviewed—suggests the cold viruses used to deliver vaccine material to the nucleus of cells may result in proteins that can trigger rare clotting events in recipients of the @AstraZeneca and @JNJNews vaccines. https://t.co/1K9mByJiFr,side-effect 
1252,1337813628918132736t,"FDA: Death, heart attacks, stroke, blood disorders all possible side effects of COVID vaccine | News | LifeSite https://t.co/AV9g1TFaik",side-effect 
1253,1263938467521867778t,@LookUp25297396 @uTobian MODERNA: Past attempts at developing COVID vaccines have always faltered at this stage as both humans and animals achieved robust antibody response then sickened and died when exposed to the wild virus. https://t.co/CCFlUhgQNg,side-effect ineffective 
1254,1233773600416595968t,"All this talk of a vaccine being g ready in the next few weeks is BS. Ready for TESTING maybe, but not distribution. But therapeutic assistance with already tested medications is a lot easier and a lot closer.",rushed 
1255,1355329956444831747t,From a medical standpoint this is just fucking ridiculous and exactly why I stand behind people refusing to get the vaccine.,none
1256,1306393848566800385t,@Mike_Pence Nope. The USA has failed with COVID-19. Now the Trump administration will probably killed their citizens with an hastily so-called vaccine without a proper trial run! You may be able to fool Americans but not the world!,political rushed 
1257,1328306513551777793t,"@MahaElias1 @cerumol ""Zaks spoke about mRNA vaccines, including those he produces at Moderna. Zaks’ description of Moderna’s mRNA products as, making permanent edits to human genes.” https://t.co/lZM59i0pwh",ingredients 
1258,1344782762155397129t,"@thehill I'm not taking the vaccine, but tainting the vaccine that others may take should be a severe federal offense. I propose Death Row.",side-effect 
1259,1370597876049580033t,"Just the way your palliative didn't reach me, neither covid-19 relief; let your vaccine not near me. Hold it to your families and friends not mine..🙏🙏🙏🙏 😎😎😎😎😎...MY GOD IS STILL IN CONTROL OF MY LIFE...",none 
1260,1343101821355778049t,"what is known, not known about COVIID19 vacciness: 4 Pfizer vaccinne trial recipients contracted Bell’s Palsy, the long term adverse reactions were only tracked for EIGHT WEEKS!! 8 weeks!! https://t.co/YxUKm7Zkt5",side-effect 
1261,1430599476327108619t,"Here come the insurance penalties against unvaccinated workers. Once the @US_FDA licensed the @pfizer #COVID19 #vaccine, the floodgates opened. If you still aren't vax'ed, it is going to cost you cash, maybe your job. https://t.co/v0TsS5CJAO",pharma 
1262,1319150095707746308t,"Bummer Cher! You are voting us right into A 2021 Socialist Nightmare, with an Immediate Nation Wide Mask & Vaccine Mandate. The ""Harris Administration w Joe Biden"" $80 BILLION Covid plan is the biggest Money Maker/Freedom Taker. It will never end for us, It makes them too much $$ https://t.co/UERxm78oSU",pharma political 
1263,1363907704822108163t,"@DCBMEP @BorisJohnson No, if the vaccine worked we would be able to come out of lockdown earlier now that the vulnerable have been given the experimental drug. Therefore the experimental drug is not very good?",rushed 
1264,1246889194099806208t,"@tomddumba True! Clinical trials are done everywhere. You know why Big Pharmas prefer Africa? They get away with everything. Pfizer was sued in Nigeria during the Meningitis outbreak, their trial led to the death of 11 kids. The HIV vacinne, all unethical & done without informed consent.",side-effect 
1265,1331440005240205312t,Haha Trump will make sure you don’t give us the one you and gates had planned 🥰🇺🇸🇨🇦❤️ And don’t forget Pfizer VP said we don’t need vaccines for your fake covid plan for agenda 2030,political 
1266,1341266793080516609t,"Title: Suspicions grow that nanoparticles in Pfizer vaccine trigger allergic reactions 💬: From the title I thought this was a ""nanoparticles are growing"" vaccine that allows us to have some ""nanny effects"" to control some kind of brain health disorder.",side-effect 
1267,1320756672932024320t,"If trump and Boris Johnson recovered from covid19, why do *we* need a vaccine?",unnecessary 
1268,1325812906731036672t,Fuck Fauci and his cronies. They waited too long to release Moderna results. Hell he had a vaccine long before they ever released this shit on us. #COVID19,pharma 
1269,1425769874446557188t,@EricBillyFR @Damkyan_Omega @JulienBacal 2/ Immunity is waning over time so Moderna recipients are also those who got most recently vaccinated.,unnecessary 
1270,1335062192744525826t,"@kuku27 The Hill @thehill ·5m If still you get vaccinated, you are straw headed Pfizer chairman: We're not sure if someone can transmit virus after vaccination https://t.co/0DXxU4ZNVJ",political 
1271,1369965179140665344t,The Danish Health Authority has suspended use of the Oxford-AstraZeneca Covid vaccine for 14 days as a precaution while an investigation into serious adverse events proceeds...1/n https://t.co/xXEXcLHPwB HT @iamPWK,side-effect 
1272,1329112532733325312t,@LotusOak2 @RobertKennedyJr Is @pfizer misleading the public with its 90% effective claim of its #Covid_19 #vaccines,ineffective 
1273,1364924908719927296t,@staronline brazil reports 50% efficacy on Sinovac.. 50%? ?? wtf is this garbage vaccine? https://t.co/mVqa5bG1sN,ineffective 
1274,1299189928279134210t,Trump did a great job with his speech at RNC. He promoted vaccine warp speed and 5G technology both which I wish he would not endorse. Anyone else like everything about him besides him pushing 5G n promoting vaccine warp speed for covid?,political 
1275,1398505016281899011t,"@OnlyNakedTruth I know. We don't know definitively, in which comorbidities, adverse effects can be fatal. A BBC radio journalist died after 2nd jab of AZL (our covishield). She was hale and hearty before vaccination.",side-effect 
1276,1305319977147342849t,"@Joel__Collinson @EricTopol @gregggonsalves No. I'm not an expert, but all the fantastic scientists out there are still scratching their heads as no one has yet discovered the etiology of the Covid 19 disease. Until they do all this vaccine stuff is just tits on a bull. G6PD deficiency might be a clue.",unnecessary rushed 
1277,1334681108416319490t,"@DarthCalculus @catturd2 If he mandated a vaccine for this man-made virus dubbed Covid-19, he would loose my support—I don’t think he will do that since that’s unAmerican!   I look for this to happen on his watch: a vaccine for this virus will be *optional* & it will *not* have fetal cells.",mandatory 
1278,1336622244437618690t,So there we have it first people (less than 24hrs after fanfare launch of #CovidVaccine) taken #allergic reaction #MHRA assured us #PfizerBioNTech vax was perfectly safe & no reactions 🤔DrJune Rayne advising not to take If u suffer allergies 🤧! @talkRADIO newsfeed.,side-effect 
1279,1367141954127990785t,• South Korean authorities investigating deaths of 2 people after media report said pair - both with pre-existing conditions - died within days of receiving AstraZeneca's COVID-19 vaccine https://t.co/wjiTrQdCW6,side-effect 
1280,1321373250430054400t,@llggeorgia @tabletmag Imperial College London casts doubt on herd immunity with their flawed study ( not peer reviewed but already discredited ). Together with the Sky News UK which promote anti-herd immunity strategies ... vaccine is the goal of the government even though they say it wont work,political 
1281,1300165185777401856t,"@Shayan86 Do you know whats in vaccines? Do you have any idea how damaging they are? Will you be vaccinated? Against a virus thats cyclical, and cell specific, in nature?",ingredients side-effect 
1282,1420414962544033801t,@TheInsiderPaper Get vaxxed with Pfizer with 39% efficacy or with J&J with even much lower efficacy so you can spread virus without testing. 🤦🏻‍♂️,ineffective 
1283,1428406900404727809t,"Singapore Teen Awarded $225,000 for Heart Attack Caused by Pfizer COVID-19 Shot while More than Half Million COVID Shot Injuries in U.S. Get NOTHING - Vaccine Impact https://t.co/cVrpWmuEGT",side-effect 
1284,1404462727670730755t,"For the record, I considered getting the Novavax vaccine since September because I had ZERO trust in the mRNA vaccines and I was 100% right about that. But if the safety profile is bad, I’m definitely not getting it. We need a thorough and honest read and discussion about this.",side-effect 
1285,1349121857857978370t,@RobDashwood @vonderleyen @AstraZeneca @EMA_News you mean from the group aged 18-55 which is pretty much at zero risk even without vaccine? that's useful...,unnecessary 
1286,1358368910521864193t,"What the Pharmaceutical Industry Doesn't Tell You https://t.co/Pd3OHIWQae New medication, new vaccine; 100 tests prove how good they are; 1,000 tests disappeared in a drawer in a filing cabinet. #Medication #MedicationSafety #VaccineNationalism #VaccineStrategy #VaccinesWork",pharma 
1287,1424682019959840768t,"@NothingButCog So, you're happier with viral genes rather than just a recipe? ""To create this vaccine, the Johnson & Johnson team took a harmless adenovirus – the viral vector – and replaced a small piece of its genetic instructions with coronavirus genes for the SARS-CoV-2 spike protein.""",conspiracy ingredients side-effect 
1288,1413186017956298756t,Death of 61-year-old West Australia woman last month likely linked to AstraZeneca vaccine - ABC News https://t.co/ngQcru1pcq,side-effect 
1289,1341292573382635520t,“polyethylene glycol (PEG)” or not people are allergic (don’t give it to kids) - Suspicions grow that nanoparticles in Pfizer’s COVID-19 vaccine trigger rare allergic reactions | Science | AAAS https://t.co/nkrITUrkT5,ingredients side-effect 
1290,1326012648815669251t,"Pfizer vaccine trial. Only 8 of the 96 actually received the vaccine, rest got the placebo. #vaccine #whatajoke #Pfizer #CovidVaccine",ineffective 
1291,1285666197003018240t,@FACT_Exeter @K3T3R @respect65 Back to my original point. This vaccine was rushed more than others done previously. 1 in 16000. Now imagine that if the same happened to the millions they intend to give the covid vaccine to. I'd rather be told it will take 5 years and be safe.,rushed 
1292,1333597732079095808t,"@benshapiro Cuomo is NOT a healthcare professional, nurse, or doctor. He has never worked a hospital floor. He has not worked with vent patients. Why are people listening to a evil, insane, tyrant, dictator?. Do not accept the Covid vaccine. According to the Bible, it's the mark of the beast",conspiracy 
1293,1329181951840882688t,"Media Hypes Moderna’s COVID Vaccine, Downplays Risks • Children's Health Defense Media mostly silent on safety concerns and lack of transparency surrounding Moderna’s experimental COVID vaccine, while stakeholders get richer. https://t.co/hGJZda3spm",rushed side-effect 
1294,1254322126208692224t,"Will vaccine be contaminated? Is is true that big pharma has no liability. Why does ‘philanthropist’ own research, manufacturing, distribution of vaccines. But he wants a 20% return & openly talks of population reduction. I read his father into eugenics (Nazi?). Smell here!",pharma conspiracy 
1295,1412433742187175938t,"Saying this for weeks. Is some of this because we’re short of suitable vaccines for the young? Did they put too many eggs in the AstraZeneca basket, then found unsuitable for under 40’s? Are they opening up now, for fear of exposing failures of their ‘brilliant’ vaccine roll out? https://t.co/2wWAtMu4sd",ineffective 
1296,1048372107049095169t,"@KimRossi1111 Mothers of autistic children are mocked & set-straight by too many ""experts"" out there. My sons predated vaccine overload. They suffered oxygen deficiency at birth. Brain damage that causes autism can come from many different factors. Research on vaccine injury must be demanded.",side-effect 
1297,1375834347819954182t,The so called vaccine has been proven to not be one but an even more dangerous synthetic pathogen acceleration science creation!,side-effect 
1298,1376129799350018053t,"“Another Covid19 vaccine casualty Illaria Pappa 31 school teacher from #Italy died from thromboembolism 10 days after receiving #AstraZeneca #vaccine"" https://t.co/6QQzoODaoD",side-effect 
1299,1369348590234185728t,This is a video of me after receiving the Pfizer COVID-19 vaccine this morning. I urge everyone considering the vaccine to PLEASE consider what they’re not telling you could be happening to you upon you getting the Pfizer vaccine for Covid 19. Thank you https://t.co/hKhoZz5xWx,none
1300,1353062213456523264t,"@Twiligh21059926 @lucyannebridge @queenoftheocean The Norwegian health authorities have looked into 13 of the deaths and believe vaccine side effects were at least partly to blame so are now cautioning the ""very frail"" and terminally ill against getting the vaccine. https://t.co/Ad2qkQ1cqd",side-effect 
1301,1377278500961390594t,"@jsolomonReports When it comes to my kids, and probably no different than other parents, there will never be enough of verification test that proves the safety of this vaccine.",rushed 
1302,1334625145877565441t,@RT3960 @Ljubica1 @darkfarces @sarahisitme It’s pretty obvious. Even Pfizer have admitted it could be up to 4 years before any side effects could become apparent.,side-effect 
1303,1337503128451751939t,@Redgrift0 @WirralCouncil No we get on with our normal lives (I have) apart from the amount of money I should of earned have you even looked into Pfizer who have been sued for millions the people wanting this fucking vaccine are walking mankind into its doom,pharma 
1304,1343360045325508609t,@JohnLoony @KarimPalant @jason_manc No it's not. It doesn't stop transmission (Pfizer) and they still wants masks and soc.distancing after it. The vaccine is nothing but a cash injection (ha! get it??) for vax co's.,pharma ineffective 
1305,1374511266316709888t,STOP THE CLICK BAIT. The vaccine does NOT protect you against getting Covid-19!!!! It just lowers your chances of dying from it!,ineffective 
1306,1321298383085195264t,"Bill Gates wants us all vaccinated and wearing masks , since the start of this plandemic i've seen many photos of him and partner not wearing a mask , I've seen video footage of them both ... again not wearing masks. Who is this worldwide joke on ?",pharma 
1307,1343539721339854849t,@disclosetv @BioNTech_Group Yeah it will stay so they can keep making billion's thats their new cash cow.,pharma 
1308,1280507071860027392t,"Is anyone stupid enough to have this injected into their own, or their children's body? What a weird species that thinks injecting poison will eliminate fear. #DORKS Operation Warp Speed Awards Novavax $1.6 Billion For COVID Vaccine | Zero Hedge https://t.co/UuQ54h0UwQ",conspiracy ingredients side-effect 
1309,1310882116050317313t,@simondolan My kids school is administering flu vaccine tomorrow. My boys won't be going in for that and there is no way they will be getting it anywhere else! Not going to give them more reason to violate them! I had COVID test before hospital procedure and it was absolutely brutal! Vile,none
1310,1428872947637407748t,"Waiting for my Government to fund the vaccine I need, not the vaccine it IMPOSES me, while not allowing me the use of Coronavac or Covaxin 🤷🏻‍♂️ IRONIC!!!!!!!!!!!!!!!!!!!!!!!!!!!!!!! https://t.co/dyEk87x8bV",mandatory 
1311,1285823141697204224t,"@ImagineSong1 @ChildrensHD Definitely no, no and no. 30% death rate in Ukraine Moderna trial. Naturally not picked up by MSM gatekeepers.",side-effect 
1312,1305952273927991298t,Respected researchers from several countries are questioning the authenticity of the data that their Russian colleagues presented in the @TheLancet journal at the beginning of September as evidence of the vaccine's effectiveness. It is about the suspicion of clumsy manipulation.,ineffective 
1313,1423721280046604292t,Sinopharm COVID vaccine available for children ages 3 to 17 in UAE https://t.co/IfnLXFoRnJ [Extensive trials? See 3rd paragraph. Sinopharm...notorious for causing outbreaks.] Feels like the whole world has gone crazy. #COVID19,side-effect 
1314,1365597688503427072t,"@histevedaly @RandomG4y @gerrard1212 @WiganGolfer @JuliaHB1 Yes, so it is better to take unlicensed, temporarily authorised, still in experimental phase vaccine 🤦‍♀️ With no full data on safety or efficacy, what is clearly written on gov of pfizer website.",rushed 
1315,1377125120041381892t,"Worried the pressure to get the vaccine out yesterday, may result in batch issues. The Melb factories are working 24 hours a day, 7 days a week and pressure is to go faster. History tells us when there is too much pressure to go too fast, bad things happen. #notantivaccine.",side-effect 
1316,1271109169894977536t,"also, reportedly the COVID-19 virus is/can mutate...a trump endorsed ""warp speed"" vaccine w/usual protocols pushed aside has red flags going up everywhere in my mind!!!!!! Moderna’s coronavirus vaccine to enter final trial stage in July - https://t.co/pLwSBCaP5x",rushed 
1317,1263063748501217281t,"@Bee42681881 @Majeh19 People that have had Covid, do not need a vaccine. Young people do not need a vaccine. So l hope it will be offered on a voluntary basis.",unnecessary 
1318,1391760263771303943t,@s8mb Not to say they are “coordinating to keep covid around”. But they do own calculators. Pfizer’s board member mouthpiece is on national tv advocating for vaccine passports. Which imo should be illegal to do.,mandatory 
1319,1353717395928588291t,"I’m sorry, what? The side effect profile for the second vaccine shot is FAR worse than the first - and now @moderna_tx is saying the vaccine isn’t properly protective against the new variant and pushing a THIRD shot? At the least regulators should demand large scale trials. https://t.co/oyAEafqa5z",side-effect ineffective 
1320,1343154217951895556t,To suggest that our most vulnerable citizens should be given the least effective vaccine is completely unacceptable. The Astra Zeneca Oxford vaccine is just 62% effective & should never be considered suitable for those with the highest chance of hospitalisation & death.,ineffective 
1321,1436008873039736834t,#AstraZeneca warning: EU list's nerve damage as a potential side effect of the #vaccine https://t.co/HTPPEt6YPZ https://t.co/ABSGx1kS5z,side-effect 
1322,1309323809502171136t,I will not get a covid vaccine idc if Donald trump says it’s the best thing in the world I will never wear a mask unless the business I attend won’t let me get in it’s called common sense try it sometime,political 
1323,1377031445873582080t,"@JJohnsonlesss ""Rare"" ... where is the additional information on reactions to a vaccine that has been in ""open public trial"" for ONLY a few months",side-effect 
1324,1376695739183599617t,"@Bigly4Trump Just remember, it’s an experimental vaccine, only approved experimentally by FDA No accountability by government or industry if things go wrong",rushed 
1325,1295441065323921410t,".BEWARE. Bill Gates is behind this vaccine, funding it. “Novavax starts Phase 1 coronavirus vaccine trial after $388M from Bill Gates-backed group” https://t.co/AZY6drKEzM #FoxBusiness",pharma 
1326,1343608498060488705t,@davidkurten @ShaunBaileyUK Page 132 of the doc. associated with the Pfizer vaccine definitely worth a look for those of an age where reproduction might be on the cards. Not an issue for the over 70’s but it does not seem wise to me for healthy young people to have their DNA messed with. No legal recourse.,unnecessary 
1327,1336523715220127745t,"The AstraZeneca/Oxford vaccine only has a 70.4% effective rate compared with two others that have an over 90% effective rate. I'd like to know if I'm getting the less effective vaccine, wouldn't you? https://t.co/DZ0QuzaYlV",ineffective 
1328,1297657927684292608t,I am not getting a vaccine until #JoeBiden is President. How in the hell can you trust that Crazy Person in the Whitehouse who is treating the United States like a TV Show and make believe. He practically put a gun to the #FDA heads to pull a scam. This is really HORRIBLE.,pharma 
1329,1413684263191515136t,"Biontech deem themselves on a trip to world domination as it nearly seems, do they really want to make half of the world population psychically and possibly physically dependent on their products? Any 6 months a new shot? Side effects adding up? https://t.co/fSloHxUhMr",side-effect 
1330,1366548616005967875t,"Well, there ya go. Out of all the reasons: ""Johnson & Johnson's newly-approved Covid vaccine met with pushback as Catholic diocese condemns it for ‘ties to abortion cells’"" https://t.co/aUYrdbd5S1",political 
1331,1290396857793949698t,"Remember the big ""game changer"" #fauci press conference over #remdesivir? That went silent fast, and should have. It was a drug looking for a disease and everyone got paid but it's truly ineffective. Up next, Fauci promotes Moderna's vaccine. The NIH and Gates own it. #fuckfauci",pharma 
1332,1446233902599786501t,"At this point, any pro-covid-vaccines normie should start questioning a bit, or at least hold off their plans to get vaccinated. If you don’t, then I’m sorry to say, you are objectively either dumb or reckless. #Moderna #CovidVaccine #Ontario https://t.co/1JYkwP1XSq",rushed 
1333,1449842474994868229t,"@tweettruth2me @easytravel2022 I'm not anti-vax either, but I'm anti 'this' ""investigational vaccine"" @US_FDA, currently being TRIALLED worldwide, hence as yet UNLICENSED (apart from @pfizer's Comirnaty) and which Big Pharma have ZERO LIABILITY FOR! #NoVaccineMandates too!👋",rushed 
1334,1329085171312730115t,"@AP So, Four things to note here; 1) Pfizer went from saying (Oct. 27th) they were no where near ready, to (nov. 7th) saying they had a vaccine. 2) A vaccine IS NOT a cure. 3) Dolly Parton is making a vaccine. Designer Vaccines now? 4) This is all about cooperation's and money.",pharma 
1335,1436289175523713026t,"The Vaccine Adverse Event Reporting System (VAERS) published a report by a 36-year old mother whose baby boy was hospitalized two weeks after she got the first Pfizer shot. He was treated with IV antibiotics for 2 weeks, was sent home and died shortly thereafter from blood clots- https://t.co/3vPcLuKDUt",side-effect 
1336,1370183450964135937t,"@gentleman_cali Since they’re so new, it’s why I won’t get the vaccine.  I don’t wanna hear a commercial in 5 years saying “if you or a loved one had the Moderna/Pfizer/J&J covid vaccine in 2021, you may be entitled to financial compensation!”",rushed 
1337,1354464914094632960t,"What investigation -- so you can say the vaccine didn't do it? Tim Zook, a resident of Orange who worked at an acute care medical center, had a reaction within hours of his second Pfizer-BioNTech shot. He spiraled downward and died four days later. https://t.co/JUKOCrKOTb https://t.co/EQoVPm8sgg",side-effect 
1338,1316635540154970118t,@CTVNews 3/3 'Surprise'... 12.10.2020 Johnson & Johnson Covid-19 vaccine study paused due to illness https://t.co/EjqEwch4KS,side-effect 
1339,1302955895547219972t,"@MichaelYeadon3 @MattHancock Its illegal under Nuremberg code 1947 to experiment on humans without their consent. A senior executive from AstraZeneca, was just granted protection from all legal action if the company's vaccine led to damaging side effects. https://t.co/muLDqEwnHN",pharma side-effect 
1340,1333544895978627074t,You #English will take all the poison #Vaccine all the way down into your body? Why? Because first of all you were such dumb people to vote for a psychopath like #BorisJohnson Second: Because You #British have no BALLS to fight for your freedom & rights! You love #authority,none
1341,1333575991743172610t,@BorisJohnson he is talking rubbish he got a little bit of power thinks he can be coercive telling people they can only go out when they have the vaccine funny people can go out now without having the vaccine though #vaccine #NadhimZahawi,mandatory 
1342,1332180684539125761t,"[The Oxford-AstraZeneca vaccine also seems to produce relatively high rates of adverse events. If you want to dig further into this vaccine’s story and issues, I’ve laid out a more detailed rundown of the Oxford-AstraZeneca trials and sources here.] https://t.co/youZFn8KUr",side-effect 
1343,1364894339189657600t,"@elainef50 @jasonleitch @BBCScotlandNews Yes, the vaccine is rubbish. Just like the flawed PCR test which in Jason’s words is a ‘bit rubbish’",none
1344,1301571062694645761t,So this Phase 3 trial #COVID19 trial conducted by the Michigan Medicine (Univ of Michigan) and AstraZeneca is going to take two years. WHY would I consider getting a vaccine bum-rush-approved next month? https://t.co/VjHddcQStJ via @detroitnews,rushed 
1345,1376967997651320832t,Allergic Reactions and Death By Pfizer-BioNTech Vaccine https://t.co/Gt2Eb9lIpL via @YouTube,side-effect 
1346,1334248049070256134t,"@ryanpber I cant heip but feel though that those that take the vaccine are going to be effectively lab rats, it takes years for true extent of side effects to be known, the high concerns over vaccine side effects outweigh the risks of covid for me",rushed side-effect 
1347,1453036630403584007t,"Sweden Indefinitely Suspends The Moderna Vaccine -- Following Finland, Iceland, Denmark & Norway Why is Canada NOT FOLLOWING ALARMING RATES OF MYOCARDITIS @CPHO_Canada @drkieranmoore #onpoli @fordnation @JohnTory #VaxToTheMax #VaxToSchool #GetVaxxed https://t.co/R66dXQyOOV",side-effect 
1348,1400895364912271366t,"Sent from an Android phone that David did not NEED, but which involved slave labor in getting raw materials & which was partially made in China funding Chinese forced abortions. He needs this phone less than a COVID vaccine & cooperates in evil more by using it.",none
1349,1328383138083516422t,"@TheSportsJD @andrewbostom He was one- Frieden was another who got a special visit from Pfizer. I wouldn't be surprised if they reached out to Deng-dong too. All of this BS is political. Vaccines were scheduled to be ready in the fall all along. ""Science"" created drama where there should have been none",political 
1350,1340939961877540864t,READ THIS THREAD! 👇🏼👇🏼👇🏼 Full of medical professionals who won’t be having the Pfizer vaccine! 👏🏼,none
1351,1372298724731461633t,@spectatorindex No covid case since last April in Tanzania.Then goes missing and dies after speaking out against the vaccine and covid....,none
1352,1288491152782561282t,@YukiRozuhime @blackmirror2020 @Dejaycool001 @stella_immanuel Is that why clinical trials are still being done & yet Pfizer has already committed to one by years end?? That’s crazy! This is In My area https://t.co/7RH2kiGMWG,rushed 
1353,1422308486067675144t,"CDC Study on 12- to 17-Year-Olds Who Got Pfizer Vaccine: 397 Reports of Heart Inflammation, 14 Deaths In a study published July 30, the Centers for Disease Control and Prevention (CDC) acknowledged nearly 400 reports of children between the ages of 12 a… https://t.co/yDDERwXQFu",side-effect 
1354,1336302078323548161t,@BBCDerby its suggested in the news the Pfizer jab is fully tested and yet UK Gov docs raise all manner of questions on pregnancy and fertility they cannot answer yet so fully tested is fake news !,rushed 
1355,1375526702022033408t,@FinEssentials @angrybklynmom Agreed. There is no way I'd send my kids to a college that forces vaccination. It's ludicrous!,mandatory 
1356,1288103683469656064t,Being reluctant to take a coronavirus vaccine doesn't make a person an anti-vaxxer. There are plenty of good reasons for reluctance and ultimately the decision is for the individual. @BorisJohnson can slander but if he attempts to force people to take it he's going to get bitten.,mandatory 
1357,1382540996890697731t,"#Denmark banned the use of Oxford-AstraZeneca #coronavirus vaccine, becoming the first European nation to take such action over rare but serious suspected health risks. Mohammed Saleh brings you the story https://t.co/jH9iZaQh0l",side-effect 
1358,1335545865935589381t,@SookyBlessingtn Yeadon & Dr W. Wodarg sent letter 2 European Medicines Agency 2 halt clinical trials of Pfizer’s COVID-19 vaccine in EU. Wodarg & Yeadon stated vaccine blocks a protein key to formation of placenta in mammals & claimed it’s possible women getting vaccine could become infertile.,side-effect 
1359,1347014098794340353t,@YouAreLobbyLud @MelissaLDavey The Pfizer vaccine may well not get us there either - we only know of its protection vs disease not infection. Herd immunity may not be the endpoint - a population that is mostly protected vs severe Covid-19 and where transmissibility is significantly cut may be more likely.,unnecessary 
1360,1374039476868157443t,Who thought this was a good idea? Get vaccinated from Covid. Die of metabolic disorder.,side-effect 
1361,1354059869167431681t,"@Embecmom2 @JimiSwype @BorisJohnson Irrespective, a vaccine tries to mimic the bodies naturally acquired response to fight the virus. It aims to replicate not better. Even if 100% effective (which it isn't) it would only be equal to naturally acquired immunity and thus pointless in those having recently recovered.",ineffective 
1362,1327369743171547136t,"@GovRonDeSantis The COVID-19 vaccine should be VOLUNTARY, and no one including health care workers should be forced to take it. Will you protect our right to personal autonomy?",mandatory 
1363,1327804799467786247t,@truthstreamnews Lets Spread the truth about the Origin of Covid 19 and the Pending MANDATORY VACCINES TOGETHER!  https://t.co/cIoYrwvW2o  https://t.co/otgft0iX3l,mandatory 
1364,1436373935373836289t,"Read, think for yourself, and understand. Pfizer Demands Governments Gamble With State Assets To Secure Vaccine Deal https://t.co/wVPWwvlykz",pharma 
1365,1342558753741271045t,Moderna vaccine causes swelling for anyone with lip fillers https://t.co/aRbtEJMJbS via @MailOnline,side-effect 
1366,1374991096825188352t,Someone sack Dr Shillary from GMTV 😡😡 who is he to want to take peoples choice away and try to cause a divide and label people as lepers if they dont have covid vaccine,mandatory 
1367,1349646955698397186t,"@randomscouser85 @ianrobo1 @Cadoret @Mancman10 Of course but this is to be expected now especially with the vaccines on the scene (forces Covid to mutate much more than before) odd the 3 biggest mutations (UK, Brazil and SA) have all come in the countries that have trialed the oxford vaccine.",rushed 
1368,1365796784753238017t,"I feel the need to say my husband, who is three years off 60, and is a policeman, has not yet had the vaccine and we are very chilled about this fact. It comes when it comes. #patience",none
1369,1326608639629660161t,@NatGeo Have you seen Pfizer's charge sheet? The laws they have broken and the lifes they have ruined resulted in massive fines running into billions. And you want their magical never before gained 90% RNA altering drug in your veins? In 80 years of vaccines none better than 50%.,pharma 
1370,1246576842003406850t,@Inevitable_ET They arent sticking a needle in me! And I doubt our president would allow it to get that far. I believe the vaccine could have covid-19 in it,political 
1371,1364311399585832960t,@maricopacounty Do not get vaccinated!!!!! Do your research! It is not been proven safe...go look for yourselves on the vaccine website...the media does not have your best interest...do not listen to them!!!!,side-effect 
1372,1361406683541602306t,"#Panarama If you are <40, healthy & fit, with no conditions or situations that may put you at extra risk, do you really need a vaccine for #covid19. 0% risk from infection. High asymptomatic %. Once/If you've had covid, you have immunity. 'Vaccinate' very old /very fat /very ill.",unnecessary 
1373,1312049117477171202t,People like Fauchi make money on the vaccine. They want to sell vaccines not HCQ and zinc. They cant make money on HCQ. They have a vested interest in the vaccine. Gates owns the patent on Covid. Why do you Democrats not get covid?,pharma 
1374,1296179318238982144t,"@AlexDevantier @AlphWilliams ""Oxford"" vaccine has much more pisazz about it. Easy to manipulate the masses. Mention an Australian research firm and the public would go to sleep. The Marketeer in full flow. What a sucker country we are.",pharma 
1375,1317133353821204486t,"Biden came out and said he wants this untested, experimental covid vaccine to be “mandatory” and he’s expecting our Governors to force it on us.  THIS is the freedom-less future the Left has in store. Vote like your lives depend on it...because they do.   https://t.co/m26mEbk3tK",mandatory 
1376,1318608399416938499t,"@TLAVagabond Eugenicist's Covid vaccine will definitely work for them. It will be a yearly ritual of vaccination until everyone is hit by its side effects (or as i'd like to call it, its intended effects).",side-effect 
1377,1349344267165167618t,"DALEK IS SHOCKED, SHOCKED, THAT SINOVAC WOULD LIE ABOUT THE EFFECTIVENESS OF ITS COVID VACCINE. WELL... NOT THAT SHOCKED. https://t.co/KNUCiAvsPp",ineffective 
1378,1320824128300027906t,"COVID was the cure for Influenza all along   When people tell you to get a flu vaccine, tell them no thanks, COVID has arrived.   Coming soon 11/4/20: Influenza on the rise and COVID deaths are down.",unnecessary side-effect 
1379,1365830089154437124t,@james_jordan_ks They’ve even come out and said that the vaccine will not prevent you from contracting covid.,ineffective 
1380,1329097028845105155t,@nbc4i Please everyone research Pfizer’s history of corrupt business practices before you make a decision to put something in your body from this organization. https://t.co/EyhIFqSCRJ They are currently under investigation for even more FCPA violations. https://t.co/FeKkQBCrdv,pharma 
1381,1364978482048983040t,@YahooFinance @oni_blackstock I’m going to be the last man on Earth besides a few hundred deformed nocturnal people! #OmegaMan #vaccine #danger https://t.co/o1fBDYDkkV,side-effect 
1382,1318298750499102722t,"@NAChristakis @SaadOmer3 @InciYildirim11 @thehowie @JAMA_current I don’t understand at all how COVID herd immunity is even a thing. And a vaccine, for that matter. We’re seeing multiple cases of reinfection. How can we create immunity to anything when you can be reinfected?",unnecessary ineffective 
1383,1392966482456457218t,"Johnson & Johnson vaccine linked to 28 cases of blood clots, CDC reports https://t.co/una8tA6sQD",side-effect 
1384,1414535825363189761t,"30-year-old says she suffered chest pain, shortness of breath following 1st Pfizer shot https://t.co/5JgP6OMdgD",side-effect 
1385,1293167391166406656t,@kaitlancollins If you look for corruption check moderna nvax and the funds received by big pharma . Those companies took many billions from your pocket creating suboptimal vaccines. Big pharma already paid billions in penalties . Investigate that,pharma 
1386,1253228122612404224t,@Hotairmail1 @trevor_stables @nicholaswatt Agree. I can’t see how a vaccine can be rushed through. Time is the test any experiment needs.,rushed 
1387,1334135960783634433t,@JuddLegum @deejay90192 @pfizer I will not take the @pfizer vaccine. I do not trust it for sure after seeing this. FU Pfizer!,pharma 
1388,1300485051981930497t,"@JustinTrudeau We know that the CDC, WHO, Bill Gates, George Soros and Fauci is all criminals! This fake covid is all about taking Donald Trump down and you are involved! All you elite criminals we will NEVER take your made up vaccine! NEVER!",political 
1389,1255660499389349889t,This is funny!! I don't give a shit who comes in first. Cold day in hell before I take it! Dr. Marty Makary: US is 'neck-and-neck' with China in race for coronavirus vaccine https://t.co/X6o8UW4cIM,none
1390,1376777246237679618t,@juliairzyk @Blani_ @harrylitman When has it ever been used in a drug available to public? FYI Moderna has never made or sold a product on the market prior to this new vaccine. Never not one product ever. Look it up.,pharma 
1391,1371209597491503108t,******COVID-19 VACCINE SUSPENDED FOR CAUSING BLOOD CLOTS****** COVID-19: Ireland suspends AstraZeneca vaccine https://t.co/wgBww94Lnh via @YouTube,side-effect 
1392,1348860208987000837t,@latimes There is no approved vaccine for Covid at this time. There is only an investigational product intended for transfection of foreign genetic material.are you saying that children must participate in this study in order to get education paid for by their parents taxes?,conspiracy ingredients 
1393,1360232113551867908t,@Shipmuse You’re playing Russian roulette with a vaccine that hasn’t been fully tested,rushed 
1394,1384941659570458627t,Glasgow woman's legs erupt in blood-filled blisters 'after getting AstraZeneca Covid vaccine' | Daily Mail Online https://t.co/MK8IaTiww9,side-effect 
1395,1319934221314592768t,@caulmick @germooney66 @DenisNaughten Pfizer want to include children in their toxic vaccine trials today for Gods sake!! History repeating itself! Big Pharma are exempt from liability for all vaccine injury and death. What are you and the Irish Govt doing about that? Nothing!!!!,pharma side-effect 
1396,1364507525706633216t,"Those who wish to protect themselves w/vaccine can. Once they have done so, they have nothing to fear from those that choose not to. Therefore no rationale exists for the idea and it is nothing more than a coercive assault on civil liberties!",mandatory 
1397,1423671266943201281t,@LaStampa @kuku27 Ema: Johnson & Jonshon vaccine can cause blood clotting disorders,side-effect 
1398,1376421393026457600t,@fact_covid The problem here is that we were told we were sacrificing our lives to protect the health service and that once vulnerable people had received their vaccine we could “cry freedom.” It’s now about facial recognition technology. Supposed to be grateful for what we’re getting today?,none
1399,1321815909435084801t,THIS WEEK IN THE GUINEA PIG CHRONICLES ...(the wake yo' numb dumb @$$ up edition) GO TO 'MERCOLA HOW COVID-19 VACCINE TRAILS ARE RIGGED' ...twitters scary @$$ blocked the link https://t.co/IkLrgAHfIF,rushed 
1400,1340438221919019011t,@RockOnLiberals They are intentionally delaying and buying time so the Moderna vaccine can sell more.,pharma 
1401,1330786301604466689t,@skkboz Pfizer's CEO is selling his vaccine as if it were a Marvel movie come true and 'his' company the sole runner in this race. That's a fact https://t.co/B0NQT8A6zT,pharma 
1402,1294932765100695552t,@BillGates Stop with the murder campaign #vaccineskill #BillGatesmurderer #BillGatesEvil #BillGatesBioTerrorist #BillGatesIsNotADoctor,political 
1403,1373987142234378246t,@cnnbrk @kerryfjacob So do you always believe what the company who is making the vaccine claims ? Funny how independent tests havent come anywhere near those results . 🤷🏽‍♂️🤔,pharma 
1404,1338893151877165057t,@LPodengo @PjusAjax @BBCNews Up to them and many of those have been used long term. I'm not anti vaccine as have had many of those mentioned. But wouldn't want this one - the main reason is that covid isn't significant enough for the risk. I'd much prefer covid.,unnecessary 
1405,1338206894528323584t,"Must read megathread on limitations of and reasons to be cautious about covid vaccines that you won't find by a Google search, by the indefatiguable Michelle Malkin.",ingredients 
1406,1288129964236328965t,"@NeilClark66 Govts globally (Sweden apart) have gone for vaccine or bust. I’ve nothing against vaccine in principle, but I do wish ours would stop pretending it’s the only way through this. A virus demonstrably not lethal or disabling to the general population simply doesn’t warrant all this.",conspiracy 
1407,1355090345676201985t,@CarnellAnita @annaberu Yes who are being culled through virus and vaccine.,none 
1408,1349945164521848832t,via @PerilofAfrica Norway Links 13 Deaths to Pfizer Vaccine's Side Effects https://t.co/RTLsXOPLNS,side-effect 
1409,1338491823296311304t,"@MarissaNovetsky “If your family member died from the Covid vaccine, you may be entitled to compensation. Not from the vax maker though we agreed not to hold them liable”",side-effect 
1410,1343169530382741504t,"@AnnoyedScienti2 @The_RealTruth18 @Birdybabe07 @Telegraph People have died during the Pfizer trials, passed out during the roll out and had horrible reactions. A rushed out vaccine we don't need https://t.co/a1k18VHJoQ",rushed side-effect 
1411,1444576226040066051t,Deal will see Britain become a Pfizer Covid vaccine production hub https://t.co/qVauIPn9mA via @MailOnline No wonder our out of control government have been pushing the vaccine so hard. Corruption anyone?,political 
1412,1301999845767512064t,"@Yale Manipulating Intention to Get a Covid-19 Vaccine: 'More honest observers know that the real blame for the economic carnage of the past six months must fall squarely on the shoulders of the local, state and federal politicians and health officials' https://t.co/6BZQDEas7i",political 
1413,1331145645521039362t,@BodineWaterfire It’s a kill shot . Covid vax will wipe out half the nation over 2 year period. MRC-5 tissues from aborted foetal tissues. Any pro life supporter should avoid this vaccine at all costs. It’s evil,ingredients 
1414,1417468018360209416t,@marc_v27 @Erik04529489 @blackjack_hawk @nypost JHJ vaccine does NOT work better than the others! Pfitzer - 95% efficacy Moderna - 94.1% efficacy JHJ - 86% efficacy https://t.co/lXn23A5E5f,ineffective 
1415,1330904062322225152t,"@Brad_Neal_07 @KBaxter20 @UniofOxford @AstraZeneca @trishgreenhalgh What many if not all fail to mention, is the long list of side effects, including death, that come with even the flu vaccines. Many don't even read the disclaimers as they sign their names at the clinics. And unlike you garden variety flu, covid kills.",side-effect 
1416,1330401890794827776t,"@terkey76 @SkyNewsAust @realDonaldTrump Just as u are Ed lol 😂 in your state of stockholm syndrome mind. Why don't you go volunteer for the DNA altering killer covid vaccine, let's see how long you last...???",side-effect 
1417,1417574570941427713t,"we are witnessing horrific adverse #vaccine effects which are kept very quiet ? Ask Why ? Unfortunately ,Only enough time passing.. will give us these answers ... Johnson did not lock down when he seen data that mainly only over 80's were dying of #covid19...We learn now..",side-effect 
1418,1335618820355010562t,@HausOfRae @Independent How do you know that in case of pfizer vaccine medium to long term risk of side effect is small? Smaller than potential risk from the varus itself? The answer is: you do not know. And there is no way you are able to know. Unless you have time machine which I doubt,side-effect 
1419,1365157639911432196t,Bombing Syria before he gets us vaccinated 😠  https://t.co/jzXonp2GSi,none 
1420,1328774406584168448t,Mongoose: COVID Assuredly 5G and Multi-Vector in Nature — And Likely Criminal Activity by Vaccine Makers — We Are Entering Full Genocide – Other Atrocity Mode – Public Intelligence Blog https://t.co/6r4DsHpHOK,conspiracy 
1421,1325803296767045634t,@nuckles13 @Amy_Siskind @Mike_Pence @realDonaldTrump @pfizer I’m not taking this vaccine especially not the first go round so....,none
1422,1339032022946177026t,@AHRabbitGuy @TommyCallahanJ4 @calgarysun I have been searching. I can. It find one. I see a reputable doctor warning of the dangers of covid in March. Then JR and Dave Chappell taking about a vaccine in nov. and some shit with Alex Jones and his anti vax bullshit in nov. I see nothing reputable about vaccines,none
1423,1375480451972890627t,"@EricTopol @AstraZeneca @ScienceMagazine @sciencecohen @PeterHotez @ewencallaway @SmritiMallapaty @NatureNews Reputation is not that easy to save :( My friends in Europe say they will not get AZ vaccine as they do not trust it anymore, but that is what mostly offered there. Sadly, their sloppiness may cost lives.",unnecessary pharma 
1424,1244298203840864258t,"@DonaldJTrumpJr If this is a plan to Mass vaccinate, It is a bad plan. When and if a vaccine is made, I wouldn't touch it with a ten ft pole. The current meds being used to treat this cover for many could kill them, especially for those allergic to sulfa drugs.",side-effect 
1425,1217543932420206595t,@TeamInsane72 @alisonpalk @PeterHotez Again the arrogance. (Amazing) More reason for the vaccine law to be overturned. Wow!,none
1426,1329550059751477249t,The shocking reason why Pfizer’s coronavirus vaccine requires storage at -70C … because it contains experimental nanotech components that have NEVER been used in vaccines before https://t.co/Mew9SctuHh,rushed 
1427,1327054286304530432t,They’re gonna make it mandatory for doctors and nurses in the hospital to take the COVID vaccine first and I’m just happy I got outta hell when I had the chance.,mandatory 
1428,1304851086029848576t,"In the Netherlands in 1972 kidney cells were harvested from an aborted baby girl for ""medical research"". She was given the dehumanizing label HEK-293. One of the cell lines from this baby are being exploited in the production of the COVID-19 vaccine at Oxford University.",conspiracy ingredients 
1429,1364135862456496130t,"@smile28554950 @Roydini25 Sadly, me too.  A nation of scientifically illiterate, bedwetters, happy to accept fudged figures & draconian restrictions on our freedoms for a virus with +99% recovery rate, desperate to swap a natural immunity for a corporate ""vaccine"" product in return for 'normal'. $$$",pharma 
1430,1246510995251638273t,"YOU DO KNOW AMERICA THAT THERE IS A CURE FOR THIS BILL GATES, CHINA VIRUS CALLED COVID-19?  YOU DON'T NEED THAT DISEASED RIDDLED VACCINE.",side-effect 
1431,1263507366517055496t,🚨 YOU CANNOT FAST TRACK A VACC. THIS IS DANGEROUS! Vaccine experts say Moderna's Covid-19 data leave big questions https://t.co/e4sGiBBLJk,rushed side-effect 
1432,1286961746557702145t,@simondolan I fear #MandatoryMasks are simply a distraction from what is coming - #MandatoryVaccines. We must stop being distracted by what is essentially a stepping stone (that isn't even being enforced) and start to gather some meaningful opposition against the latter,mandatory 
1433,1298677698303320065t,"@anon_a_mooseCAD @BeardTormund @LisaBBack2009 @globalnews @CHEXNewswatch Jeebus Balls! You’re picking up on the shit not the shovel. I wouldn’t care if it was a 1% mortality rate or 6% or whatever. If you are vaccinated, you will never get the virus from me. Get it? So you go get vaccinated, and I’ll take the risk. Fair?",unnecessary 
1434,1342263373736472576t,China/Russia used vaccines whilst still in Phase 2 Trials when safety & efficacy still not validated. Guy on video has despicable ethics void of adab ikhtilaf. Fact check he either lied or just ignorant of ACIP (not FDA as alleged) data and Pfizer trading https://t.co/UYoLMzsSfg,rushed 
1435,1327167522399989763t,I wonder where our camp will be located. Gates Foundation pours another $70mn into pushing Covid-19 vaccines on 3rd world countries as safety & efficacy questions remain https://t.co/C2YWg2Mkvw,ineffective 
1436,1417131033791713287t,"But again, back to the vaccine, and the still claiming that it works for variants. It does not, it can not. The Moderna mRNA was created from a spike protein of one particular strain of covid - that's it. That in itself is still not an open and shut cure. We all knew going in",ineffective 
1437,1361756975319646212t,@MichaelH4039 @DarrenPlymouth @BorisJohnson Nope. In the past it required years to throughly test a vaccine before it got approval and then big pharma after all its R&D had every right to profit. But NOW with the new covid vaccine and its little or no testing or the previous costs it's straight away into the big bucks.,pharma rushed 
1438,1366171386880876552t,@Forbes My honest opinion is that vaccine is the cause of more disease and suffering than anything I could name... Dr. Henry R. Bybee,mandatory 
1439,1417661084715032578t,Search Results from the #VAERS Database 31y♂️#Nevada #Moderna #Covidvaccine #heartAttack #cardiology Administered by #military https://t.co/wIKJfQRJGf,side-effect 
1440,1371490816934383619t,Maybe #BigTechCensorship is done because #BigTech made investments in #AstraZeneca Covid vaccine & want to hide the truth. America must investigate if @Twitter @Facebook @amazon etc are making money from these vaccines. @WarHorizon @JackPosobiec @narendramodi @PMOIndia,pharma 
1441,1255720086242856962t,That is odd since there is no vaccine for SARS so all of a sudden we have one for covid oh no #drkillgates did it,side-effect 
1442,1375119344733147146t,@c_eid86 @lookychin6680 @StonkyGoBurr @APompliano You just changed my mind I am now a conservative that won't wear a mask or get a vaccine. Thanks for playing,political 
1443,1397236020534521860t,What an evil piece of filth you are. You should be locked up for encouraging child abuse. There is absolutely no need for children to be vaccinated with an experimental gene therapy. The CEO of Pfizer admits that it can make you infertile. You are scum. https://t.co/o26OUaeQEB,conspiracy side-effect 
1444,1333209276559491072t,"Andrew Yang is presuming the 'mRNA' vaccine from Pfizer is safe. I am pro-vaccination, I get a flu shot every year, I am not getting this one till I am certain it won't create an auto-immune response in some persons. YMMV https://t.co/9kAqnKF5CM via @businessinsider",side-effect 
1445,1325860905234681856t,"@LearnThinkVote @WeTheP3pe @wagefreedom @realDonaldTrump Pfizer waited to after the election to announce their vaccine, pretty political move and should serve as a warning about their intentions. Here's a hint: Pfizer isn't working for your best interest.",political 
1446,1365431534568759303t,"@IdeRetz @CBCNews Efficacy at preventing death or serious illness is one thing, but if a vaccine is less than 75% effective vs TRANSMISSION, then herd immunity is unachievable. And moreover, EVERY SINGLE PERSON vaccinated with such an ineffective vaccine is a liability from getting herd immunity.",side-effect ineffective 
1447,1415220419242577925t,USFDA warns against JnJ COVID vaccine for neurological disorder #johnsonandjohnson #johnsonandjohnsonnews #coronavirusvaccine #covid-19 #coronavirus #guillain-barrésyndrome https://t.co/2Pw4Q5lo6L,side-effect 
1448,1236223154248445953t,"the pro-#vaccine propagandists don't know anybody with #autism, they think they're experts on my condition just because they watch TV and movies. #StopVaccines #vaccineInjured #VaccinesCanKill #ActuallyAutistic #StopDiminishingAutism #StopAbleism #VaccinesCauseCustomers  https://t.co/131kKRGMpm",side-effect 
1449,1388176976809103360t,@DRNAVNEET83 Watch this video on the basics of Covid immune evasion mechanisms and how it relates to vaccines. All the claims related to Covaxin don't add up. Watch it and we can debate. Killed vaccines are the worst sort of vaccine for a virus like SARS beta coronaviruses.,side-effect 
1450,1372247160662679558t,"Let's take a moment to honor the unsung Moderna vaccine trial volunteer who died of COVID-19 ?? Yeah... let's all ""honor"" some moron. Any real #Pandemic wouldn't need a moronic marketing campaign like the one we've been subjected to for over a year now. https://t.co/aQjflj1gU4",pharma 
1451,1389564729748869120t,Jack Last: 27-year-old British engineer dead 21 days after experimental AstraZeneca viral vector shot - The COVID Blog https://t.co/bACTkj4duM,side-effect 
1452,1405931063151628296t,"Germany has wasted €300M on an ineffective vaccine which failed trials, and lost their legal case against AstraZeneca, all in the same day. Well done ze Krauts....🤣",ineffective 
1453,1374786826167275522t,@OezguerYalcin Completely nuts if you ask me :) If you're going to the trouble of an antibody test and you have detectable levels no need to have even one dose of Sputnik or any other vaccine.,unnecessary 
1454,1314143432739356672t,"If you read just one article this week, make it this one. Pass it along to a friend. #vaccinations #vaccines #VaccineDamage #Covid_19 #COVID19 #ChinaVirus #ChinaFlu #Chinese #ChineseVirus What Could They Put in the Covid Vaccine? https://t.co/tExo0fsSFy",none
1455,1431627285384204292t,"FDA “full authorization” of Pfizer covid vaccine BROKE THE LAW in numerous ways, agency now complicit in CRIMES AGAINST HUMANITY https://t.co/vjhP8CUmqR",pharma 
1456,1353363411128750084t,"@johnculotta @va_shiva @JoeBiden Fauci IS the problem. Anyone who applies critical thinking can reason this out. Unfortunately, most let the Hate Trump mainstream media guide their thinking. Fauci is guiding us to the Bill Gates depopulation vaccine along with the media. Critical thinking is not your forte.",political 
1457,1305274352611590145t,@CNNnewsroom The only way to actually test a Covid-19 vaccine is to give half the test subjects Covid-19 after you've given them the vaccine. Anything else is just a guesstimation! #CNN #TrumpVirus  https://t.co/IWjL3GTuj2,rushed 
1458,1312014421036802048t,"Positive COVID test for the President and his wife is an EXCELLENT OPPORTUNITY for the world to see that HYDROXYCHLOROQUINE (HCQ) + ZINC PROTECTS against CV-19 ILLNESS! DR FAUCI, RELEASE HCQ for CV-19 use and STOP THE NEEDLESS ILLNESSES & DEATHS FROM CV-19. VACCINES NOT NEEDED!",none
1459,1260243900838469634t,"@zeynep @drskyskull Gates is putting the top 7 contenders into mass production before phase 3 is done, so that when we have a good one, we have some already made and in production. Human corona virus vaccines have a nasty history (two made things worse, none have ever been approved), be careful!",rushed 
1460,1357091674627923968t,@DoubleEph I don't see how this is a desirable vaccine choice for Nigeria. Certainly the Russians can mass produce Sputnik V to the 16m level in a short time frame. Covax hasn't proved to be any good compared to the 91%+ levels we are seeing from Western and Russian vaccines,country 
1461,1444752199263965194t,"https://t.co/FlJgyfPSyL J&J Vaccine Possibly Linked to Two More Serious Health Conditions, EU Regulator Finds from The Epoch Times: The European Union’s drug regulator on Oct. 1 recommended updating the label for Johnson & Johnson’s COVID-19 vaccine with warnings for two mor...",side-effect 
1462,1437309456472162306t,Anyone that thinks @US_FDA gonna slamdunk the RNA Corona Virus Vaccines for under 12 is Nuts no matter what the @pfizer data says because FDA gonna consider danger of Virus vs Vaccine and you look closely...Vaccine may be more dangerous for kids. Be ready for that outcome! https://t.co/Q138swLRJm https://t.co/3f532T1mD9,rushed side-effect 
1463,1248107336394321923t,"Just here to remind you that, when you line up for the fast-tracked, Covid-19 vaccine, you legally cannot sue its makers (Merck, with Gates, Johnson & Johnson) nor any medical professionals, for injuries nor death.",pharma side-effect 
1464,1382812453633941507t,"A Mississippi man remains in critical condition, can’t walk, talk and is paralyzed on one side of his body after suffering a stroke hours after being vaccinated with Johnson & Johnson’s COVID vaccine. Family believes “without a doubt” the vaccine caused the stroke.",side-effect 
1465,1375304282908491776t,"Unless I get the shot I want, they have to come take me down. You don't know which it will be, or maybe even a Placebo.  Californians 16 and older eligible for COVID-19 vaccine on April 15, 50 and older on April 1  https://t.co/rvYHCVM5iE",none 
1466,1353503697951715328t,"@Pabc7p @BBCNews Forget everything that I said, Tell me why the vaccine is effective in killing the virus. What are the benefits ?? And what's the harm",unnecessary side-effect 
1467,1303697131425988611t,"@JasonSamfield @domremaro @DougPow55893295 @BNODesk Your logic might hold if this was the only vaccine, but with all of the other candidates the Oxford one being scrapped doesn’t set us back more than a few months. Why would you take 1/30000 when you could easily have 0? Also predicted death rate is closer to .5%.",rushed 
1468,1370518951688503296t,"Who was Kassidi Kurill? Utah mom, 39, tragically dies 4 days after second dose of Moderna Covid-19 vaccine – MEAWW https://t.co/VZp6axjPHs",side-effect 
1469,1433324330415529987t,"Black-pink particle from the vial of Moderna COVID-10 vaccine in Japan, vaccination stopped https://t.co/c5mki8i2dz",ineffective 
1470,1350351823438303233t,"COVAXIN takers must sign a consent form saying I know phase 3 trials are underway and efficacy has not been established. So in effect, ""COVID warriors"" are now nothing more than experimental subjects",rushed 
1471,1344522202713006080t,And then the COVID vaccine comes in two parts ?! Oh hell no.,none 
1472,1331714303276277762t,@NateSilver538 This whole thing is nuts with the Oxford vaccine. Possibly the worst variable (un)control I have ever seen. I would be very surprised to see this one get approval.,rushed 
1473,1340507409903616000t,"@JeffereyJaxen The #Petition To STOP Forced Experimental Vaccines. FYI, important petition by America's Front Line Doctors is getting many sigs. Be part of the voice to stop forced medical mandates. https://t.co/2fWt2nhANp STOP #ExperimentalVaccines #CovidVaccine #CovidVaccine #Covid_19",mandatory 
1474,1343075820848353280t,"@normanswan @MicheleASheldo1 yeah stick the pfizer thanks, I'll pass on the only drug with side recorded side effects for any of the others tah.",side-effect 
1475,1354810621586403328t,I’m not gettin that shit til most mfs got it tho LMAOO not catching me on the first wave of a vaccine that was created in 6 months 🤣🤣,rushed 
1476,1373943365167845376t,@Wazza1234561 @9NewsAUS Russian vaccine kills more then it saves. Better to drink the vodka.,side-effect 
1477,1398513794687459328t,"We know that the two Ad-vector based vaccines, #AstraZeneca & #JNJ lead to clot-related complications like cerebral venous sinus thrombosis. We also know these events are referred to as ‘Vaccine induced Thrombotic Thrombocytopenia’ (VITT). But what lead to these complications? 1/",side-effect 
1478,1354181679506710528t,"@EUinCanada you want to keep all the vaccine to yourselves?...tell your European pharmaceutical companies like Pfizer, that we'll remember....we have a choice here in Canada as to what drugs we get prescribed. #boycotteudrugcompanies",pharma 
1479,1332326666677465090t,"Different age groups may get different Covid vaccines, experts say- NOT without a rigorous trial. This is simply not good enough and hugely disappointing. #OxfordVaccine https://t.co/va2Yk4qgZa",rushed 
1480,1366957601410408448t,@TheJayUNF @DanThor9 @G_T_Teacher @CaptShtTlkr Woman's severe reaction to Pfizer Covid-19 vaccine. https://t.co/4B7ZltoqQe Doctor dies after vaccine shot. He dies from bleeding in his brain. https://t.co/PRmn5C951W,side-effect 
1481,1320982092315041792t,Antibodies 'fall rapidly after infection' not much point having the vaccine then An illness that you don’t even know you’ve got will kill less than .5% and a vaccine that is ineffective & we are destroying the economy for ⁦@BorisJohnson⁩ #COVID19 https://t.co/a7JwR7HYTE,ineffective 
1482,1431839376594685953t,"@Chartman26 @RogerPo89561819 @rlmades @Laurenbackup88 Yes, have your choice always, but if the narrative becomes mandated that all must be vaxxed, then all must be post vax tested as well. Pfizer wants no part of post vax testing.",mandatory 
1483,1364041867885768706t,"@LynnFynn3 @Daoyu15 Sanger sequencing of PCR products of ""covid positive patients"" would have ended this farce. FDA did not even agree to ask vaccine companies perform such sequencing, before granting the EUA, to validate their magical 95% efficacy based on 170 ppl in (Pfizer's) clinical trial.",rushed 
1484,1296029389889519616t,"@ellymelly More concerned about the premise behind it.  There has never been a successful, effective, vaccine for Corona type virii, but we're throwing money at anyone who claims they'll have one 'soon'.  Isn't that just encouraging them to be overly optimistic about their chances?",ineffective 
1485,1370443087370158080t,"@DDurwent All you who are against people not having the vaccine, can I ask why you've had the vaccine? As far as I'm aware you can still catch covid and still pass it on even if you've been vaccinated. Covid passports have fuck all to do with covid.",ineffective 
1486,1428559864805040134t,Man double vaccinated with Pfizer is now riddled with medical issues: “I can barely function.” He urges the unvaccinated to stand their ground & NOT get the jab. https://t.co/cUv5FfiGUg,side-effect 
1487,1376888369603575808t,And now there are threats of adverse reactions in one vaccine. The one much of Canada is being offered.,side-effect 
1488,1250204826782158849t,"@DrMartyFox @Anon111119 @realDonaldTrump You forgot: Gates owns a patent on Corona virus Gates had the mock pandemic conference using Corona virus months before the actual breakout of the virus Gates has been involved in the research and development of nano ""vaccine chips"" for the last couple of years. https://t.co/aGzQcSMtLd",conspiracy ingredients 
1489,1376789791988191233t,"DONT GET JAB! MUST READ testimony by Dr Vanessa Schmidt Krueger The mRNA Biontech 'vaccine' is NOT a vaccine, it's a engineered drug, meant to alter DNA. In fact she calls it a ""genetic experiment"". Says it is ""Criminal"" ""Severe malpractice"" ""Shocking"" https://t.co/JVgElvg52U",side-effect 
1490,961785391530610688t,Just read such compelling research about the flu vaccine bringing on Guillain-Barre Syndrome in (known and unknown) immunocompromised people and now I’m scared to death. Yikes. #fluseason #vaccines,side-effect 
1491,1297928735547629568t,"Many believe they have long planned a second wave, perhaps hitting the kids this time, in order to scare the sh!t out of the rest of the sheeple into submission of ""voluntary"" vaccination. Hence, no reason to do anything, like thinking of an exit strategy https://t.co/MP2iEpryWG",mandatory 
1492,1378811024439132164t,Contamination spoils 15 million Johnson & Johnson vaccine doses https://t.co/O6yjDIEY85 https://t.co/AYMHIe0mBn,ingredients 
1493,1300535038778527744t,"Ok folks, govt is holding consultation on #Vaccination so if you're dead against being used as a lab rat on untested vaccine, follow the link & have your say. And I'll take it after Boris & the makers of it.",rushed 
1494,1322144712262881280t,"@Ruth_HHopkins Be careful, it usually takes at least three years for a vaccine to be approved. Nobody knows about the long-term consequences of such a short approval. 🤔",rushed 
1495,1340329073621516292t,"@lukemcgee Hello, I am Scientific Researcher and Singer-song-writer. Once you get the Covid-19's vaccine (Pfizer vaccine) you can infect other. In addition that Pfizer vaccine makes your health goes to bad, it does not prevent people from getting Covid-19's infection. I hope you",unnecessary ineffective 
1496,1339921414363615233t,The FAA is telling pilots not to fly for 48 hours after receiving Pfizer's COVID-19 vaccine https://t.co/mGMTn4rJCN #CoronavirusVaccine #FAA #NoVaccineForMe,none
1497,1261332825791438853t,@mitchellreports @GeoffRBennett Are we seriously going to trust the ultimate snake oil salesman and carnival barker to bring us a safe and effective vaccine? No thanks. I'll wait for the Oxford vaccine.,ineffective 
1498,1328498836634017792t,"@Blackstonecomms Star Link. Once it's fully operational the true 2nd wave to come and why operation warp speed is in affect to distribute this vaccine. All Virus's dating back to the Spanish Flu, the Godfather of the Corona Family. Are due to Radio/Micro-Waves. Prior their were only plagues.",none
1499,1371080965477568515t,And still people will rock up here to get the same jibjab to set them free🤣. Ireland suspends AstraZeneca Covid vaccine over blood clot concerns https://t.co/dNdzb56X8T,side-effect 
1500,1371723545319854082t,@WalterDixon2 Australian citizens are not at risk from #Covid_19 - unless travellers are allowed to enter without quarantine only HQ workers and hospital staff should get vaccinated. #AstraZeneca roll-out should be halted because we don't need the vax as their is no #Covid19 disease here!!!,unnecessary 
1501,1347564108175077376t,"@MHRAgovuk @moderna_tx so many people have already given their brain away and had the Astra Zenaca aborted foetus covid vaccine, wish we'd known this one was coming to the uk , just a vitamin boost apparently",ingredients side-effect 
1502,1322152943596916738t,"@BusyDrT Looks like you have a 50/50 chance of dying taking the drug or getting the virus! I’ll take my chances with the virus before the vaccine!! And my elderly parents as well, will not get the vaccines!",side-effect 
1503,1331882067647471616t,@clearchats @Booker4KY That's why we shouldn't have a covid vaccine. The people who already died deserve better.,side-effect 
1504,1337242838900281344t,"@Ayjchan @a_shrubbery More trial time = more data. Anyway, there is no need for this vaccine since Pfizer itself can’t guarantee it will prevent virus transmission post-vaccination: Pfizer chairman Albert Bourla👉“not certain"" 🧐🧐🧐🧐",unnecessary 
1505,1354172582438830081t,"@SaraJane101 @talkRADIO @iancollinsuk So what’s the point in the vaccine? It might lessen symptoms but then again it might not. You still might die, so what’s the point?",side-effect 
1506,1297765722404212736t,"#qt - don't talk to me about vaccine unless you are willing to release the Letter of Intent. No transparency, no interest.",rushed 
1507,1362957293692874752t,What the hell...DAMN YOU COVID ☠️☠️ #COVIDVaccine Whistleblower: 8 of 31 Residents Dead in German Nursing Home After Being Forcibly Injected with Pfizer COVID Shots Against Their Will https://t.co/0QMibErxZg via @legitgov,side-effect 
1508,1419818538685149196t,"🔴GREECE - ""My son had himself vaccinated PFIZER to open a cybercafe and he is dead."" A father is devastated after he forced his 35-year-old son to take the injection. https://t.co/R7fB0J8e7B",side-effect 
1509,1347397448600268805t,"Ignorant and Brainwashing statements.  ""Overall, the benefits of the vaccine outweigh the potential risks, she said."" ""anaphylaxis — a potentially life-threatening allergic reaction"" Those 11 might have been better off not getting it.  COVID-19 vaccines  https://t.co/KVMlgBIJeR",side-effect 
1510,1376773662771056642t,"@kelloggsboss @GladiatorOffice Moderna has never brought a product successfully to market before, insiders have been selling stock like crazy since last fall. JnJ is a modified cold virus. Anecdotally I was in a car for 6hrs with 2 Covid positive people and didn’t test positive, being tested daily for 14 days",side-effect 
1511,1333523218578063360t,@realDonaldTrump @seanhannity @LLinWood @RudyGiuliani @SidneyPowell1 @TomFitton @marklevinshow @JudgeJeanine @RealRLimbaugh @newtgingrich Why push Moderna? Gates vaccine co? No one trusts Moderna/Gates! Not Trumpsters or anyone in Africa! Moderna new co no vaccine ever!,political 
1512,1245052978395938818t,"I’m sayin rn I ain’t taking no vaccine , bitch I’ll use constitution 2 on that ass",none 
1513,1313647421373640711t,"@Jamahri13 It's where the president goes for medical care. And he didn't get a vaccine yet, there isn't one to get yet, you'd be crazy to take one before it finished trials, our track record with corona vaccines is they make you worse.",rushed 
1514,1326170125008064513t,2/ Those are SCIENTISTS. Not sciencyists. What if Pfizer HADN'T run a clinical trial on the vaccine but just insisted that the vaccine worked because of studies on rats and ferrets? What if the government then mandated we all take the vaccine? People would be in the streets...,mandatory 
1515,1245043517552046080t,@SkyNews CURE? There is and never will be a 'cure' a virus or the flu just dies! a flu vaccine is not a 'cure' someone with authority needs to stand in front of the British people and STOP the hysteria. A virus will either kill you or make you ?,side-effect 
1516,1287535686514544640t,"@NeilClark66 The leading company Moderna has never produced any approved drug ""EVER"" your bodies cells will be changed forever, think about that! If you have a weak immune system will you produce antibodies? Will you have a hyper inflammatory response? serious questions about this vaccine",side-effect 
1517,1336284546522865664t,"@Laeeth I am far more concerned about the severe neurological side effects noted in at least 3 cases in the AstraZeneca chAdV vectored candidate. Mechanism might be infection of nerve tissue by the vector, or perhaps sensitization of T cells against a pre-existing AdV infection there.",side-effect 
1518,1406823357899624449t,"@MaTaliano The Swine flu vaccine was [allegedly ]withdrawn ""after doctors noticed a sharp rise in narcolepsy among those receiving it"". https://t.co/gRcvvsBqSI 47 fatalities are implied here from Pandemrix: (and also 12 cases of facial palsy, as in Pfizer ?) https://t.co/L5TgLcvx2V",side-effect 
1519,1333236123762634752t,Pfizer's COVID-19 Vaccine Arrives at Chicago's O'Hare Airport: Source. We're NOT taking it!!! 😡😡 https://t.co/OVtjxNHKo0,none 
1520,1445391591791898641t,"34 Year Old Denver Police Officer Forced To Get The Vaccine Or Lose His Job, Took The 1 Shot Of Pfizer And Now Can’t Walk - ...",mandatory 
1521,1326371522391519233t,"Now about this Pfizer ""vaccine"". Who is the government tryna give this to again. By my calculations, the people who would want it are the folks who never got Covid19. Be careful of folks giving you a vaccine that will ""protect"" you from a virus for which you already had it. https://t.co/zdJqKENupA",unnecessary 
1522,1291755448291536898t,"@MasterIdrees @Paula36169898 I orginally thought the Oxford Vaccine now being tested was the only one too, but have since found out that all vaccines under development for Covid-19 contains version of the living virus that has either been weakened or killed.",side-effect 
1523,1265243420131577858t,Novavax Begins COVID-19 Vaccine Trials After $388 Million Funding From Bill Gates-Backed Organization https://t.co/o3tE9zgp8F via @epochtimes--This entire covix -19 is a MASSIVE fraud created by Gates-Dems- Media-CHina-Soros and others to Create a new way to control humans !!!!,conspiracy 
1524,1341319988171448322t,@ledredman @devisridhar @matthaig1 Also Sunak has shares in the Moderna vaccine in which they are looking into vaccinating secondary school aged children. In which there is not enough research on its safety in children. #FollowTheMoney,rushed 
1525,1339392376561827840t,▪ VACCINE CONCERNS GROW Healthcare worker in Alaska show allergic reaction after Pfizer's vaccine #US #Pfizer #allergy https://t.co/rvdqy9fyIX,side-effect 
1526,1389277950755975173t,well the russian vaccine is bad. the dsa has failed me for the last time https://t.co/2JvHCQVZOe,ineffective 
1527,1247319810779664384t,"The company fro the money trail is Moderna Therapeutics with Bill Gates and Dr.Fauci deeply involved. They are pushing another virus stopper and Beverly Jarrett and Maxine Waters are telling us to ""trust"" Dr. Fauci Those endorsements are to get in the money. https://t.co/3K25W65MyE",pharma 
1528,1253541275296358400t,@MeetThePress Of course you only want the vaccine. You WANT the remedy to fail.,ineffective 
1529,1298025587953537024t,@JackPosobiec Pelosy and its radical socialism with compulsory MGO vaccination is the ennemy of mankind.,mandatory 
1530,1228836762421735424t,"I wouldn't take Bill Gates word on anything. This is the same man that just paralyzed 47,500 children with vaccines in his polio eradication drive in India. #CDCWHISTLEBLOWER From Discover on Google https://t.co/CBGNWOEFT6",side-effect 
1531,1357415868091822086t,"@KathyConWom @JamesDelingpole Nevertheless, Captain Tom was 100% a good guy, it’s a shame if they killed him with a Covid vaccine. Was he given the vaccine? Can we have an answer please Boris?",none
1532,1397712375327989760t,@eileeniorio @noorchashm @DrWoodcockFDA @SenRonJohnson @TuckerCarlson Completely agree make decisions based on your risk profile. No one else will care of you are injured by a vaccine so they don't get to have an opinion on what I put into my body. I expect everyone else to do the same. I'm not responsible for others health.,side-effect 
1533,1374930325818667009t,E tu Janice? You’re actually drinking the vaccine koolaid? Sad....it’s not necessary let alone safe!,none
1534,1337108347779047424t,"Question: If Pfizer in their human trials of just over 4,000 and half only receive the Covid vaccine, the other half a placebo with exclusion of all those with allergic reactions in the past to vaccines, medications, foods; then does it mean the masses vaccinated in future may",rushed side-effect 
1535,1375367531062562818t,@talkRADIO @JuliaHB1 @DesmondSwayne Easy to say when you’ve had the vaccine not so easy when you haven’t as someone who hasn’t and would like to see what happens to the lab rats before doing so or more importantly simply doesn’t need it or want it the fear of vaccine passports for normal life is very real,mandatory 
1536,1406914646456557568t,"Facial paralysis has been reported as an adverse reaction to the AstraZeneca vaccine 239 times, whilst Bell’s palsy has been reported 414 times. https://t.co/yQZsvOhulD https://t.co/kY8v9vNfWq",side-effect 
1537,1363916097171427340t,"@paulrey99 Same here. Originally, I was concerned about Pharma immunity from prosecution for a mass stage 4 trial. I have an autoimmune condition, so wary of all vaccine side-effects. Now, I've had Covid twice, don't need the vaccine. Apparently I deserve a life of solitary confinement.",side-effect 
1538,1425474100479381513t,"I won't get a booster - particularly not of over-priced Pfizer. As a microbiologist, I know its *totally pointless*, & my immune system is already primed & will adapt to new variants. We need *more supplies now* for people who aren't fully vaccinated https://t.co/h6tlFLJVFg",unnecessary 
1539,1354069897232449539t,@Embecmom2 @JimiSwype @BorisJohnson Would you like me to research how many people have become infected following receipt of your precious vaccine? After all that was the crux of your argument...Spoiler: its a LOT more than have been re-infected having naturally acquired immunity😉,unnecessary 
1540,1276894581494145031t,"@CTVNationalNews Since all the test monkeys died when given the SARS-1 vaccine, it will be interesting to see how many humans die from the rushed to market and greatly hyped , COVID-19 vaccine. Any estimates?",rushed side-effect 
1541,1318386257345548290t,@lifeforce369 @digwarrior4kids Wait until they try to push the gene altering v@cc1n3 from ModeRNA. The truth is right there in the name. I am a bit perturbed that the president is fast tracking this thing.,conspiracy side-effect 
1542,1345672340462559232t,Parents should ignore Johnson and keep their children at home. Clinicians should ignore Johnson and refuse to mix vaccines The nation should ignore Johnson he is not fit for purpose he cannot string a sentence together let alone do joined up thinking.. Time people stood together,none
1543,1422446899684995074t,@DrEricDing Given most Chinese are sticking to their 50% or so crappy vaccine it’s not all that surprising. Their vaccine is as bad a flu vaccine. Not like our vaccines.,unnecessary 
1544,1372918594711998465t,"Do you need a Covid-19 vaccine if you’ve already had coronavirus? https://t.co/ui4H9wNYhJ This article explains: YES, YOU NEED COVID VACCINE EVERY 6 MTHS YES, VAX PRICE WILL GO UP BIG WAY YES, PFIZER AND THE REST ARE SET TO MAKE $BILLIONS - BUT NO- - IT IS ALL A DELUSION",pharma 
1545,1375647173744812034t,Italy opens manslaughter case after teacher dies hours after getting AstraZeneca vaccine https://t.co/tXsG8QmU5F via @nypost,side-effect 
1546,1440897803358773250t,"@ItsShubhangi Covaxin is a poor vaccine, with inadequate data. More hubris than fact. You don’t need to be vaccinated to travel to the UNGA.",unnecessary 
1547,1338878499822645248t,@DrMarcSiegel said today that those who’ve had COVID-19 should go to end of the line of those who would receive the new vaccines. We should have herd immunity by then so why get the vaccine at all? No science to support need for a vaccine by those who’ve had it. Also not kids!,unnecessary 
1548,1376242324913721346t,@myhollycat @Votedoesntcount @biffrbear @NighyNikki @vanliferules @rumpalstilskin1 95% of those who are vulnerable from covid have been vaccinated so why do the fit and healthy need the jab. This is what the experts have been saying from the start.,unnecessary 
1549,1334071866026323968t,"@ProfBrianCox @louiemartin12 Oh, yes we can trust Pfizer's ( https://t.co/sQEAqc0ceD) rushed jab. It's so safe that, for the first time in British history, those who do not get it will have their civil liberties reduced. Nothing to see here! 😏",rushed 
1550,1335536228469444608t,"@RylandMedia @YellowCube7 @o_rips O yeah. 2 many still depend on #MSM & it's designed 2 deliberately lead ppl in2 the trap, using misinformation 2 maintain ignorance 2 elevate hysteria. Ppl not knowing any diff out of fear comply. How many r going 2 accept the #CovidVaccine w/o knowing its REAL purpose?",pharma conspiracy 
1551,1444747510489272320t,"Well, not my problem, eh?! ""Pfizer booster shot: The third shot side effect that makes daily activities 'impossible'"" https://t.co/m97Bjnjy13",side-effect 
1552,1378234092236513280t,@DailyMailUK But what will happen when the COVID Vaccine wears off. Apparently Pfizer COVID Vaccine only provides 6 months of immunity.,ineffective 
1553,1375789334939451395t,"@VirusesImmunity Well, they say the messengerRNA of the vaccine doesn't get into the DNA. Why don't they say ectopic pregnancy doesn't happen either? https://t.co/gQqPC6phQl",side-effect 
1554,1342000302128553986t,@moderna_tx Look at all the sheep here. Go on ask the Moderna reps if they can cure HIV’s RNA spike protein mutations. F’cks sake... https://t.co/wMafsq4Y7P,conspiracy ingredients 
1555,1333528430210555904t,I’m not getting this vaccine. The only time I get sick is when I get a vaccine. Flue shots gave me the flu several times so I stopped taking them and haven’t got the flu for over a decade and a half. Coincidence? I think not.,ineffective 
1556,1293356251229949955t,@BobQuarantine @CNN You can hope. I've read they skipped some of the animal trials they usually do. You know if that's true? I'm not a fan of the Moderna vaccine.,rushed 
1557,1344308016300978179t,"@markjholloway @ReutersUK @Reuters Do your research. The vaccine doesn't give you immunity - it only lessens severity of symptoms. When they say 95% effective, that's effective at lessening symptoms, not preventing covid.",ineffective 
1558,1326532896367104000t,@piersmorgan I'm not having a vaccine from Pfizer ever in my life mate,none 
1559,1287727976331784193t,Not good - This cannot solve with a Vaccine. the backstage of #COVID19,none
1560,1342509132637753344t,"Moderna vaccine causes swelling for anyone with lip fillers, it is warned https://t.co/7Y3srycuDL",side-effect 
1561,1414269193743216641t,@Amber84280581 @paulsautereau @ThatRyanChap It is. I've spoken to someone who worked on the Moderna vaccine and she says natural immunity is stronger,ineffective 
1562,1255918339890638849t,"@SaraCarterDC @GaetaSusan I will *not* be taking any vaccine!   If I ever get the Wuhan Coronavirus, I will request Hydroxychloroquine!",ingredients 
1563,1293420853322043399t,@UROCKlive1 I'm not taking any of the US bullshit vaccines. Moderna looks like a flop already.,none 
1564,1270071757903400962t,"@fawk_n This is it. Not until they have the misfortune to glibly give a vaccine and watch their child go into convulsions, become permanently damaged or die will they regret not having done the research instead of supercilious self righteous mockery. Vaccines are Russian roulette.",side-effect 
1565,1420768046604505089t,@tjwmurphy @BorisJohnson No the perception was that the vaccine would protect you. It was only until last week that ITV and BBC have come clean and now people are very concerned. last 6 months was that @BorisJohnson destroyed the vaccine effort by the @nhssuk and now all the vaccines are useless.,ineffective 
1566,1352684348038733824t,@Pumphrey6K A flu shot isn’t 100% effective against the flu the flu and we don’t wear masks. The COVID vaccine is what 95% if you get both doses they say? But have to wear a mask still 🤦‍♂️. Ain’t getting me to get it,ineffective 
1567,1377182517455810571t,Of course banning it could/will save lives also. European suspension of AstraZeneca vaccine WILL cause Covid deaths https://t.co/au3Emx5qaN,side-effect 
1568,1340970899957194752t,@CornAllergy911 How can we make sure this covid vaccine is truly latex-free? The manufacturer hasn’t said anything about potential cross contamination etc.. Those of us with a severe allergy to latex are terrified of a possible anaphylactic reaction 😞,ingredients side-effect 
1569,1264681345898479618t,@ShepardAmbellas I am interested in the vax that used to be ChAdCx1 nCoV-19 but now is AZD1222. Developed by Oxford licensed thru British Astra Zeneca. 400 million does for US then 1 billion. Starts in Sept. Company admits it will cause more deaths than actual CoV.19. Why change name/no trials?,pharma side-effect 
1570,1325784797512261633t,@thedailybeast Amazing. But is Pfizer willing to be held liable if it's ineffective or causes serious harm or worse to people?,side-effect ineffective 
1571,1364858912382595073t,"If the vulnerable have had a #covid19 'vaccine' (2doses), they are 'protected' from a virus with a +99% survival rate. It's 0.00005% risk to children and 0.1% risk to a healthy 65y.o. To insist healthy 'unvaccinated' people should face restrictions is abhorrent. #NoVaxports",unnecessary 
1572,1311420233442226176t,@adarpoonawalla @MoHFW_INDIA @PMOIndia LOL. We spent 50000 crores in elections. Vaccine does not guarantee votes. so NO !,political 
1573,1300199422282825733t,@CNN @Jessica_loner__ This is going to end in tears I tell you. Vaccines are no good. No vaccine for me thanks! 👋🏽,none 
1574,1321334951527112704t,"@BFMradio @julietbfm @dashranyohan @SueAnt61 I honestly didn't know there was such a thing as a flu vaccine until I visited the US and saw flu shots being advertised everywhere. I was told that there is no cure for flu, and that you'd have to fight it off yourself. Take medications where necessary to help (for fever, etc).",unnecessary 
1575,1288413511303872512t,@MrMarkstephens1 Why so quick to discredit hydroxychloroquine thats been around 60+ years.. But fast to push needles in people for an unproven vaccine. #bbcnews Fake news,rushed 
1576,1374115350455980034t,For those thinking they could go on holiday once they were vaccinated....well I've got news for you! Wake the f*** up! Foreign holidays will be illegal from Monday https://t.co/FfkWl1E4yr via https://t.co/PjIRYgXtP3,mandatory 
1577,1398305138650005504t,"@NewtonClarkeUK According to a report seen by the BBC, Newcastle’s senior coroner, Karen Dilks, has issued an interim fact-of-death certificate which lists “a complication of AstraZeneca Covid-19 virus vaccination” as a consideration.",side-effect 
1578,1375427157187510280t,"@challreporter @Dave_Boucher1 @freep After we accepted 8000 expired doses it feels like playing Russian Roulette signing up, much less showing up for your vaccine",none
1579,1343014295538380801t,"🚨🚨 A VIDEO EVERY American should see! MANY WILL HAVE TO LEARN THE HARD WAY!! NOW she knows, but it's too late. Damage DONE.😭😭 Pfizer's CEO Albert Bourla hasn't gotten his 💉 vaccine yet. He KNOWS.😏 DO YOU???😱",side-effect 
1580,1344016333533409281t,@JoeBiden A considerable number of people have had serious adverse reactions after using Pfizer's COVID-19 vaccine.,side-effect 
1581,1334773658028486656t,"If I take the vaccine, I may not be able to see loved ones. If I take the vaccine, and it has serious side effects, I won’t see loved ones and I won’t have any legal recourse against the company. Why would I want to take this vaccine? #vaccine #Pfizer #mRNA #COVID19",side-effect 
1582,1325863837854294016t,@Nigel_Farage Stay away from this poison ! Make public the pfizer patent si we can take a look at what’s in it,pharma 
1583,1364636164804792324t,Johnson and Johnson I will be waiting to see who in your company CEO'S will be taking selfies taking your vaccine. How many celebrities will be the first in line. I and the color base community will be watching where they will send your vaccine. I pray I am wrong 🙏,pharma 
1584,1368332887465091077t,"@NICOLEDASILVAO1 @jonchapman85 @fjordanhope @vonderleyen Oh give it a rest bloody drama queen, I personally know more people who have committed suicide in the past year than the amount that have died from covid, by all means take the vaccine but at least respect the opinions of people who don't want it.",side-effect 
1585,1374730923640520712t,"Even Putin doesn't want to take Russian COVID vaccine, but they will keep pretending they don't wanna choose their favorite child (Russian vaccine). https://t.co/601EqkzYiv",country 
1586,1288939163589345281t,Happy thought: How much money will they lose if we all refuse the vaccine....,pharma 
1587,1436092058855514112t,"By the way, a little birdie told me the Pfizer vaccine to not “technically” FDA approved. 🤨 Too much to tweet but some shenanigans went on behind the scenes.",none
1588,1388614233747824640t,Death After Moderna Jab in OC: So Cal Freeways are Far More Dangerous But Guts Are Flipping https://t.co/kdSv15K4Qt #COVID-19 #Death #Moderna #Orange #County https://t.co/yNVIZO854x,side-effect 
1589,1253390545143189505t,@MrStache9 CV is close to cold/malaria not the flu. Vaccines can work for smallpox or flu but not CV which is why there is no cure or vaccine for the cold. Not sure why people are suckered into Gates agenda of promoting his vaccine in 12-18 mos with a good possibility of being ineffective,ineffective 
1590,1368741095421714434t,@dbdevils985 @clevelanddotcom How is the vaccine stopping the spread if you can still get Covid after you've been vaccinated? No way in hell I'm getting injected with a vaccine that only took three months to develop. I'm sorry you've been so brainwashed.,ineffective 
1591,1398548191285448706t,"""Lisa developed severe headaches after receiving her AstraZeneca vaccine and fell ill a few days later. She was treated by the intensive care team for blood clots in her head. Tragically she passed away, surrounded by her family, on Friday afternoon."" https://t.co/FjdzZt0SZt",side-effect 
1592,1355152778511994886t,"@andrew_croxford 4. When talking about the “efficacy” of a vaccine, you know better than I do that there are nuances. 5. For example, this vaccine is materially less effective against the SA VoC, which is already circulating in the UK.",ineffective 
1593,1306379969065627648t,"All the talk of a vaccine - I heard this and it rang true in my soul. ""If a flu vaccine is tainted and they are, why would we believe a Covid vax wouldn't be?"" IF, BIG IF, I ever HAD to take a covid vax I would only take one originating from Israel. Holy land, Jesus' birthplace.",conspiracy ingredients 
1594,1334516549562949632t,@SputnikInt Would think their wives and children should also take the vaccine innoculations live for the entire nation to view. Then they should all be monitored to see what side effects take place within each of them.,side-effect 
1595,1401444113459916800t,@BorisJohnson @MattHancock @nadhimzahawi @Keir_Starmer can you tell Tony Blair his vaccine pass idea it is not on the people who have not had the vaccine fault the virus is spreading its not right not everyone can have the vaccine also people die from az this is not Nazi Germany,political 
1596,1334949709161648131t,"Has anyone else realised that ""95% efficacy"" of 8 people is 7.6 people? None of whom was under 16 or over 70 or on other medication or had co-morbidities. Yet it is being rolled out to millions. #Pfizer #vaccine #NotAProperTrial",ineffective 
1597,1334590087875747840t,"@tylergpuckett @newsobserver Capitalism at its finest. Businesses can require proof of vaccines, I can shop elsewhere. I know what stock I’d buy Heart disease and obesity kill more people annually than Covid has, maybe we should get those under control first. >99.5% survival rate 1/2 don’t know they have it",none
1598,1337034884435546113t,@simondolan The transverse myelitis with the AstraZeneca one suggests that these vaxes are causing nerve issues?,side-effect 
1599,1219025801343111169t,"@onevaxxednurse @ICCS1 @gabourylady @tanulewicz Yes, many do conclude that vaccination is the answer. However, one can read the information presented and come to a different conclusion than the author. Free thought is an amazing thing. We don't have to agree with anyone simply because they assert their opinion.",none
1600,1377047855471321088t,@theweeknd's recent plastic surgery echoes how he sings he cannot feel his face. Is that why he went under the knife? New World Order looks painful & I have polymyalgia rheumatica w/facial nerve pain where half of my face goes numb so I am going to skip the vaccine passport.,side-effect 
1601,1322593301531414528t,"There are over 30 different strains of coronavirus, it is a mutating virus, uncontrollable, a vaccine for it will never be realistically found, its fantasy stuff, lockdowns aren’t the answer, just living with the virus is #Lockdown2 #lockdownUK",none
1602,1302630031424983042t,"@almighty_red People don’t realize these court battles take time! Even after a judge rules in your favor, it could be months before a settlement is reached. But the clock is ticking on this one. Moderna is going to be forced to pay out if they want to sell their vaccine.",mandatory 
1603,1376227957803376644t,"A passport that proves vaccination with an unproven vaccine is the same as a forged and fraudulent passport. Did the Chinese vaccine make it through Phase 3? In the case of China, more than anything else, you need a third-party certification that the vaccine is not saline.",mandatory 
1604,1378966928996327424t,Please remember that @BorisJohnson Got the 1st 6 month extension for his Covid-19 powers (more to come) so he can continue to Vax the UK. The vaccine is only released under his emergency powers so stop them and the jab has to stop until fully tested & 2023 is the earliest 🤡💉,rushed 
1605,1355807576752009217t,Many want to groove but don't want the vaccine. Dilemma! How many people actually really want this vaccine? We need 67% of the pop to get it so we get Hers immunity. But does 67% of the pop want it,unnecessary 
1606,1336263110253047809t,"@NHSEngland Everyone does realise the Pfizer Vaccine trials were due to continue until 2023 ,so effectively these people taking the Vaccine are still technically Lab Guinea Pigs.",rushed 
1607,1376942466960650246t,Anyone got a PDF fillable of a Covid Vaccination card? I'd like to print off a bunch for the neighborhood because we aren't taking the vaccine. Have no problem at all passing off fake ones.,none
1608,1334593561707376650t,"NO WAY! If true this is utterly outrageous. #Pfizer has an unbelievable criminal track record why would they get ""indemnity"" in case they sell yet another flawed medicine? People need to wake up and soon!!! #COVIDー19 #vaccination https://t.co/AkD1EcDYty",pharma 
1609,1262468757894705158t,@FiatLuxGenesis I refuse vaccines for more deadly than the Corona yearly. I don't see them forcing the issue. Children's parents refuse to give their children vaccinations. Trump will never try to force them on us. He says he want to give everyone that wants one a vaccination.,mandatory 
1610,1382269833891311617t,Sky News: https://t.co/GlT6iQYH1p⚠️The VACCINES don't work!!.... Don't take my word for it.....Boris Johnson said they aren't working yesterday & he only tells us what SAGE.... NERVTAG & SPY-B have told him to say!!🏴󠁧󠁢󠁥󠁮󠁧󠁿🇬🇧,ineffective 
1611,1301793300479979521t,I really hope absolutely no one takes that COVID vaccine when it drops in November.,none
1612,1344376885585858564t,@mark199 @toryboypierce @AstraZeneca Not sure on what part of the vaccine doesn't stop you catching/infecting/dying from the virus that you're not quite grasping.,ineffective 
1613,1288068926270832641t,Honestly this administration caused so much sickness and death I will not trust a vaccine.  #LyingTrump #TrumpIsACrybaby #TrumpVirusCatastrophe #TrumpOwnsEveryDeath,political 
1614,1355859549752881155t,"@pdfleet @FreeDiscourse_ @rejectthegreat1 @KathyConWom Peter, it sounds like you are the perfect candidate for the vaccine. Please do the world a favour and take yours. Have mine too. Take a free Darwin award on your way. 😂😂😂",political 
1615,1440969454565789697t,"Greg Hunt catching up with #Israel ? They are well into 3rd #Pfizer ""Booster"" jab and planning the 4th. 41,797 new cases and 127 deaths this week = #Breakthrough = Vaccine Failure #QandA",side-effect 
1616,1364574998397132805t,"@hannah62687 @mgtalbott @DrTomFrieden For many, getting severe COVID was already a strong statistical improbability though. Such as younger people and those who are healthy individuals. Very very low risk. So if they can still spread it to others even with vaccine, why get vaccinated. Doesn't really give a cause to",ineffective 
1617,1264319609110507520t,"@Mimi__ZA @Lungah__ @Politicsweb They infected us with HIV, they sold us pills that doesn't cure it. They brought Corona, they are planning to sell us vaccine.",pharma 
1618,1329030833668231169t,"@JoeDyson99 @SkyNewsBreak exactly... Moderna's is apparently at 94%. I would say, 'do they think we are stupid'.... unfortunately, they have reason to",none
1619,1329163265025449991t,"@Peston @NYT @pfizer This is a new tech mRNA vaccine, the stuff that reacts with our DNA and protein production that makes life. Tinkering with RNA/DNA is ""safe"". Sure!",ingredients 
1620,1365275664136491015t,"Children are low risk from SARS-CoV-2 & yet psychopath @billgates has created an app to make them scared for their lives, while likening and normalising masks and vaccine passports for school, to a trip to Disneyland. This man is a danger to the world & has to be stopped #Heinous https://t.co/hClALVYeSQ",mandatory 
1621,1337098123127234560t,@LegendaryEnergy THE MOST UNCOMFORTABLE STRAINED INTERVIEW @BillGates EVER DID! KNOWING THE TRUTH! THAT THE COVID VACCINE IS A RUSSIAN ROULETTE CRAP SHOOT!,none 
1622,1263663355228717067t,"@Thomas1774Paine I am NOT getting a COVID vaccine unless they prove they did large double-blind placebo based studies, can prove it contains no heavy metals, no whole or partial human dna, no nanofilaments or nano devices, no neurotoxins, no animal retroviruses, and no sterility suppressors",ingredients 
1623,1260258769524662276t,the lady who gives the animals vaccines didn’t even know that Aluminum AND Formaldehyde which are HARMFUL ingredients are in all vaccines kinda sounded confused.. exactly they don’t teach facts about vaccines in school they’re poison and can cause illnesses! #vaccinesArePoison,ingredients side-effect 
1624,1319188821859311616t,That's it then no point in a Vaccine so why don't we treat this Virus that KILLS less people than many others out there like all of them and live with it instead of cowering from it ?  https://t.co/tzUN2PffIC,none
1625,1355476562158694402t,"@NoLifeShaq No , anyone take a Vaccine is an idiot i mean there is so many side effects",side-effect 
1626,1346795824018296833t,"@JamesDelingpole I'm 22 years old with no medical conditions, I'm not taking the vaccine at all because it's possible side effects far outweigh anything Covid could do to me, it's the only reasonable idea, people at risk should wait until the effects are better known, also.",side-effect 
1627,1344226977092423681t,"@MattHancock @UniofOxford @AstraZeneca @MHRAgovuk How is this going to affect the people who don’t want or trust the “vaccine” . Why are you hellbent on putting this untried, untested, unproven “vaccine” into people for a virus that killed 377 people in the last year. Something very wrong.",rushed side-effect 
1628,1288241141079576578t,@insidernews @businessinsider where are the peer review article on Moderna? Why no one discussed the side effect profile? Moderna had 100% side effects on the second dose of vaccine? This selective presentation of some fragmented data is not journalism. Compare each company against each other to see the truth,side-effect 
1629,1072895118762369025t,"@katelyngaitlyn @Rachel00917 @KathleenLights1 answers that people need. They admit there's a problem and in fact pay out millions to those injured (the vaccine makers pay, not CDC), yet they aren't fixing the problem or trying to find it. That should concern everyone. Esp. if it could be your kid who is affected. Do you see?",side-effect 
1630,1341000980138250241t,"@TimRunsHisMouth @catturd2 Bro, the Moderna vaccine could have taken years to make. If it was being shipped on Dec 21, 2024, then that is when we'll get 'mutation' news. lol nobody is falling for this crap. Live your life people.",conspiracy 
1631,1353883876872093697t,Now if these guys try to force you to take the #vaccine.... RUN!!! #DoctorWho https://t.co/LRxhme116O,mandatory 
1632,1266251138023616512t,How many babies died today ☆@St. Judes by PHD LILITH @Pfizer ☆Patented K'cancer? https://t.co/d04sTiusNu,side-effect 
1633,1346595838466912261t,@punkstrupet @BBCNews @UKCLPARTY It's the Pfizer bio tech covid vaccine. Why would I lie. Compare the ingredients. 100% of old and sick are on some meds. No combined testing. Guinea pigs.,ingredients 
1634,1305684746022932482t,#VaccinesWork They cause all sorts of #ChronicDiseases oh I’m sorry isn’t that what they were designed to do? 🤤 #Vaccines https://t.co/1dBJaxFywZ,none 
1635,1329513856364851200t,"""Pfizer’s history of being fined billions for illegal marketing and for bribing government officials to help them cover up an illegal drug trial that killed eleven children (among other crimes) has gone unmentioned by most mass media outlets""",pharma side-effect 
1636,1344004119657390097t,@doctor_oxford @0Calamity And how do we decipher the genuine people from the paid government shills who claim to be at the front end of everything but are merely spreading government propaganda. For all anyone knows you or your partner may have heavily invested in big pharma vaccines.,pharma political 
1637,1417131038380335109t,"from the outset. That so many fully vaxxed humans are still getting both Covid and the variants, and some are still dying from them, is very telling and revealing - and it is an odd thing to watch Pfizer and CDC continue to try and explain away why so many fully vaxxed people are",side-effect 
1638,1268269451763486721t,"now set on Haydon’s television career. He is no longer useful to the Pharmedia narratives that all vaccines are always safe for all people, that Moderna’s business partners, Tony Fauci and Bill Gates, were justified in skipping animal studies and that Moderna’s vaccine will soon",pharma 
1639,1366779228839108609t,Why aren't stats on side effects from the Covid vaccines as widely published as the case data? #COVID19 #COVID19Vaccine #COVID19Vaccination #Covaxin #COVID,side-effect 
1640,1338857141847740417t,@CAgovernor Covid negative take the vaccine.. if complication or death occurs due to the vaccine... will that be counted as Covid death or post covid vaccine death?,side-effect 
1641,1322835971994517506t,@secccutor @piersmorgan A vaccine will take years to distribute and even then it won't eradicate covid. This will go on for another two years or so I suspect. Thiugh if you're first in the queue to take a new vaccine then you need your head checking.,unnecessary ineffective 
1642,1330963335387418625t,"@jeremy_hume @BBCNews Ferguson, Vallance & Whitty have just made billions today, their £5m investment in the AstraZeneca vaccine has paid dividends.",pharma 
1643,1338553618912272385t,"@RichardGrenell Even if we didn’t have a vaccine, the US economy should be fully opened NOW!!!   Covid-19, which originated in Wuhan, has a “99.7%” survival rate!   It’s apparent this is part of the “Great Reset” in the direction of Communism! 😷🦠  Open up the US Economy NOW!!!",unnecessary 
1644,1345473981516800000t,"Pfizer vaccine: a worrying level of adverse effects, Professor Caumes says https://t.co/YzKAgdHMeC",side-effect 
1645,1403047133742260224t,Woman claims reaction to Oxford vaccine left her unable to talk} https://t.co/I8XGkGv33S via @,side-effect 
1646,1352730823720640514t,"@StevenWillcox2 @KenGardner11 The idea of *forcing* someone to do something, especially something like a vaccine under the penalty of not getting something from the Gov, is unconstitutional at best.",mandatory 
1647,1334636291280039942t,@Kershaw5Ian @GMB @DrHilaryJones Why legal protection to Pfizer if it is so safe...don't get this?  https://t.co/Qz5ytej41e,side-effect 
1648,1288781221191983106t,This vaccine is: -being framed as a huge nationalist victory on par with Sputnik -being promoted in the absence of literally any published data on safety and efficacy -being approved before phase 3 studies have even started,rushed 
1649,1339231559736442884t,"The Bell's Palsy rate is about 1 in 700 for people who get the Covid vaccine. That would be 114 million people if everyone in the world got it. And that is simply ONE of the side effects we are aware of. Don't know if things like infertility, etc., are in play.",side-effect 
1650,1329814813380374528t,"My Take 101 - Pfizer Covid-19 Vaccine We don't know if Pfizer's vaccine is safe to use? If it is granted approval, along with its aggressive & lucrative administration schedule, what happens if the vaccine is found to be unsafe to the public? And just what are the side effects??",side-effect 
1651,1431915814505099267t,Two men died after each was administered a dose of Moderna Inc.'s COVID-19 vaccine that was among lots later suspended from use following the discovery of contaminants. https://t.co/WT2yHbrqnT,side-effect 
1652,1355153326011256832t,One shot news. My question is if you get the Johnson & Johnson vaccine and are in the 34% for whom it doesn’t work? https://t.co/gbkOi41tkr,ineffective 
1653,1330980322230595592t,"@Tom_Fowdy Why do we need a vaccine for a virus that has a 99% rate of survivability? Viruses mutate as well so we’ll need a jab each year? Influenza vaccines, developed over 5-10 years, are only 40-60% effective. Pfizer’s et al developed in 8 months is 95% effective? I’ll pass on this vax.",ineffective 
1654,1288888421902032897t,FWIW typically efficacy has to be established at a minimum of 85%. Nice to see the FDA looking to force through a vaccine to claim success before the election #AreYouBetterOff,none
1655,1365211090221727746t,"Discuss. If you are <50, healthy & fit, with no conditions or situations that may put you at extra risk, you do not NEED a vaccine for #covid19. 0% risk from infection. High asymptomatic %. Once/If you've had covid, you have immunity. 'Vaccinate' x2 , very old /very fat /very ill",unnecessary 
1656,1304751766811140097t,"Drug company AstraZeneca's suspension of its Covid-19 vaccine clinical trials is a sign that any vaccine, rushed to approval, may prove dangerous to healthy individuals. Here’s what we know: https://t.co/pxwBys2zce",rushed side-effect 
1657,1286261286171336705t,@BeachMilk Reason for the Pfizer 500 million covid vax order. 30k idiots volunteering for phase 3. In two weeks mass dispersal. We don't even know the total truth what Covid is. But you can bet your ass it's long term terminal. No one expected this not even Chinese. Pandora baby,rushed 
1658,1293570228023066626t,"@ArlletteBrown Well, therein lies the problem. If Countries are going to rush out the Vaccine not fully tested and we get problems don't be surprised if those that would happily take it start to think again. Faith in Oxford and Imperial. Science of the very highest standards anywhere. RU, no.",rushed 
1659,1337710451237523456t,"OOPS!!!....@guardian CDC monitors for Bell’s palsy among Pfizer vaccine recipients, sees no causal relationship  https://t.co/OrwPvBzgY9",side-effect 
1660,1350065228919275521t,"""A greater degree of transparency prior to the start of the #vaccination programme is essential. This is especially true for #Covaxin, for which phase-3 safety and efficacy data are not yet available,"" a group of scientists said. https://t.co/XHZLNr4p7V",rushed 
1661,1293185697575133191t,I woudnt take a Russian vaccine even if I am dying of #COVID19 $ino $Mrna $nvax $regn,side-effect 
1662,1334778422250311681t,@SteveBakerHW Who on earth would take a vaccine that's not been completely trialed? Stage 3 of this so called rigorously safe vaccine isn't expected to be complete for another 24mths Dec 2023 put this in your search engine & read it for yourself 👇 pfizer 123 vaccine trial protocol,rushed 
1663,1262493476119166976t,@SimonHarrisTD Will you make sure vaccine is Corona free? Was it grown in dog tissue? You could create virus storm if kids contract covid. Happened US military last year. 'Science' reported on it. Don't Do This.,conspiracy 
1664,1312483213248356352t,"@sanofi @mithackmed You have got to be kidding me. A little too little, too late. Zantac, your drug, killed my Mom in June via pancreatic cancer. Thousands have died of cancer-related to your drug. You knew it was potentially cancerous. How ironic is this post?",side-effect 
1665,1288401278054412289t,"@GeLeHesjesNL Bill Gates Confronted About Widespread Vaccine Side Effects Vaccine oligarch Bill expressed apathy in a CBS interview about the fact that his Moderna Covid vaccine, which NIH has a financial stake in, is testing horribly in vaccine trials. https://t.co/7ObcWkklT2",side-effect 
1666,1311705717578006530t,"@suecresswell01 Why? The Flu is killing more people than covid19 is, and we have Flu vaccines, so just what is the point of the mask wearing and the strict rules. We still can't control the Flu virus, so how can we control Covid-19 with a vaccine.",unnecessary 
1667,1335378468780052480t,@hbryant42 The dangerous part of this issue is to be played out as the vaccine is distributed. CEO of Pfizer could not answer questions about whether or not the vax will alter fertility. Reminds us of the Gardasil sterility issue for many girls.,side-effect 
1668,1360567083394809856t,"@jeanerichardson @fact_covid If they aren't aiming for Zero-Covid then explain why they're trialing the Oxford vaccine on children who're at virtually no risk from serious illness or mortality from the virus? Surely once everyone 50+ is vaccinated the ""Pandemic"" so to speak will over !",rushed side-effect 
1669,1365452492012675075t,Big Pharma Whistleblower Reveals Dangers of Mrna Vaccine https://t.co/0TsPdjSPoS,side-effect 
1670,1284884329978527744t,"@zerohedge @o_rips It seems to go together with the transgenic agenda, use DNA human cell ( Innovio ) or reprogrammes RNAm ( moderna ) both this new generation of vaccin aimes ar genetically create irreversible change in the han body under the excuse to save mankind from Covid. Happening now today",conspiracy side-effect 
1671,1288296147698630657t,@adamfeuerstein @florian_krammer @matthewherper Moderna is the Nikola of Vaccines. A one trick pony that has perfected the art of strategic news leaks. @Nikola_Truth @InsiderNikola @nikolamotor @nikolatrevor,pharma 
1672,1361025982925320194t,"@MissClaire_75 @brewzer91 @TheBarrBoy @piersmorgan @MissClaire_75 it’s not the same thing, every country has Covid, me and my family all had Covid. Your obviously not aware that Pfizer stated the Vaccine will not stop you getting Covid or Spreading it!",none
1673,1371259442268938241t,"Johnson & Johnson's newly-approved Covid vaccine met with pushback as Catholic diocese condemns it for ‘ties to abortion cells’ https://t.co/voMpJsn8D2 Published March 1, 2021@6:00pm #us-economy",political 
1674,1376511085998669828t,"@impressionist81 ➡️ RNA reprogramming of ignorant elite, mediated by Pfizer / Biontech vaccine messenger RNA..",conspiracy 
1675,1326294857061642242t,National mask mandate..then lockdown..then vaccine to get out and “testing tracking and tracing like our buddies CCP”. That was the plan then the vaccine announcement from Pfizer...kinda threw that plan off a little ...,mandatory 
1676,1375762280697143297t,@JamesSi41932301 @MegaEdinburgh @Reddimart1 @thedaily_expose @plainsight68 Overheard two guys while waiting for my sushi take out tonight talking about their vaccines like they were discussing new Nike shoes. I couldn’t fathom their mentality. Fully masked up on an almost empty street - chatting about getting their vaccine like it’s on trend. Strange.,none
1677,1436395776528171008t,"you also have to say there's an equally likely chance that the J&J vaccine is as low as 31% effective vs Pfizer's 85%. So yes, you can pick ends of a 95% CI interval to say there's a small likelihood of actual no difference, but you're most likely to be wrong.",ineffective 
1678,1375009670411255815t,"Insisting on a 'vaccine' that many people do not NEED will make much more PROFIT than a treatment for the 1% of people who might need one or a preventative supplement. Create a pandemic, sell the 'cure'. +99% of people will recover & build natural immunity. #Vaccine #Ivermectin",unnecessary pharma 
1679,1374086487449423875t,@TilersinLeeds @glenn_coin @VonSplashback @BorisJohnson The vaccine doesn't stop transmission,ineffective 
1680,1354272561157337088t,23 Die in Norway After Receiving Pfizer CCP Virus Vaccine https://t.co/Hk7irDLkSC via @epochtimes,side-effect 
1681,1368937897378910209t,"And now they have a Covid vaccine. Can they be trusted? Lawsuits, payouts, opioids crisis: what happened to Johnson & Johnson? https://t.co/hMKAGFRFU8",pharma 
1682,1367316448243195905t,"As officials and health experts race to get Americans vaccinated against Covid-19, some Catholic bishops have weighed in to discourage Church members from getting the latest, single-shot vaccine from Johnson & Johnson when alternatives are available. https://t.co/4596lV83oI",none
1683,1398423740673822723t,"""A publicly-available FDA “fact sheet” document reveals that 86% of children who participated in a Pfizer covid vaccine trial reported adverse reactions ranging from “mild” to “serious"".” ""What happened to the 30 ... didn’t show up for the second dose?"" https://t.co/8OSj4ngWBj",side-effect 
1684,1366714956704538635t,"The Catholic Archdiocese of New Orleans is asking Catholics to avoid the recently-approved Johnson & Johnson COVID-19 vaccine, which it says is “morally compromised” by its “extensive use of abortion-derived cell lines.” ALL vaccines being used, use these cells.",ingredients 
1685,1234591883558412288t,"@realDonaldTrump So, when you meet with big pharma to ask them to expedite the COVID-19 vaccine; my worry is what you and they (both unscrupulous), are going to cook up to make your admin look good. I have no doubt.",pharma 
1686,1294151136564264963t,"@laineyjb @RohanCT and a vaccine is a long way off, with a solid chance it'll never happen (after all, there has NEVER been an effective vaccine for a corona type virus).",ineffective 
1687,1301223538700046336t,"RFK, Jr. and CHD Take Action on Safety Concerns over Moderna’s COVID Vaccine • Children's Health Defense https://t.co/tN7s3hQc2H",none
1688,1336642934653906944t,"""UK regulator warns that people with significant allergies should not receive Pfizer/BioNTech vaccine"" Hay fever, pollen, cat, dog, peanut, dust, asthma, etc. It apparently OVER-stimulates the immune system. How was this not noticed in the Phase III trials? Only if covered up.",side-effect 
1689,1321693729980370944t,"@StarrsRising No you've bought into the CON LOOK UP THE #'S ON WORLD O METER, SWEDEN/NYC ON SAME DEATH CURVE=FLAT,NYC MET HERD IMMUNITY AS HONEST DR,S SAID, dr? fauci, gottlieb BOTH ON PFIZER'S BOARDS, FOR MANY YEARS GET $PAID$ % FOR SALES HE'S BEEN PUSHING VACCINES AS TV ALL KNOWING DR FOR=$",pharma 
1690,1334807975819669507t,@sailorrooscout So here in the UK we will be using Pfizer's vaccine. I'm not anti-vax by all means but whag does worry me is the UK has given Pfizer fully legal protection from lawsuits. Why would Pfizer need full legal protection if their vaccine works. https://t.co/Gwp4vDfLhU,pharma 
1691,1346704248000532482t,Physician in Mexico admitted to intensive care unit after receiving Pfizer vaccine - https://t.co/GAtzParUsj https://t.co/dbtmjE06Fr,side-effect 
1692,1365783482585280515t,"@darcybbc I know, but even a third of U.S soldiers don’t want this vaccine along with so healthcare workers. Don’t know the situation here mind.",none
1693,1254812267755057153t,"@guardian Ask your paymaster Bill Gates why all trust is lost via the lockdown. May be it's to do with the intended plan of forced vaccination, forced ID microchips and further surveillance of our lives-all to further the depopulation agenda.",mandatory conspiracy 
1694,1252734206213591048t,911 was a planned attack and an inside job. We can see all their signaling years prior. Covid 19 is exactly the same thing. They plan these ridiculous distractions! It’s a Trojan horse meant to steal freedom and push A vaccine! WE DO NOT CONSENT,none
1695,1334436160836341760t,"@tesssummers98 Equally: if it’s so safe, why isn’t this in all the papers? “The UK government has granted pharmaceutical giant Pfizer a legal indemnity protecting it from being sued, enabling its ... vaccine to be rolled out across the country as early as next week” Hmm https://t.co/XncmxyQXHg",pharma 
1696,1255501126918705155t,@KTHopkins UK Government CLEARLY massaging Covid19 death figures. NO one is dying from old age. WHAT A FARCE! #endthelockdown GET BACK TO WORK. @BorisJohnson @DominicRaab @MattHancock We are not waiting for your VACCINE or your big brother APP. NOT ACCEPTING EITHER. THIS IS NOT CHINA.,side-effect 
1697,1246508962154979331t,"#YOU DO KNOW AMERICA THAT THERE IS A CURE FOR THIS BILL GATES, CHINA, VIRUS CALLED COVID-19?  YOU DON'T NEED THAT DISEASED RIDDLED VACCINE.",side-effect 
1698,1376757542982926336t,Geraldo Rivera can go to hell with his vaccine passports,mandatory 
1699,1337296963377762304t,@GutuObert Challenge is copying other nations without looking at our statistics with Covid 19. African recovery rate is plus 80 % so what's the logic of making a vaccine with possible more fatalities than the virus ?. all 4 who tried the new Pfizer vaccine have side effects of face stroke,side-effect 
1700,1382993443224485890t,The medical community is racing to understand why six people developed blood clots in their brains after receiving the Johnson & Johnson vaccine.​ https://t.co/ISqn3Quj2h,side-effect 
1701,1339321308954447878t,"THIS is alarming. An anaphylactic reaction to substances is not the norm. Moderna's vaccine also uses mRNA technology, but with a different 'fat' material : https://t.co/0KvHVfhGQM",ingredients side-effect 
1702,1340887630666293248t,@Pink_About_it @Val02570274 Hopefully she will end up with the worst side effects from her vaccine. Just like Thousands Negatively Affected After Getting COVID-19 Vaccine https://t.co/9uOdwBV1Rq Download our app to read more at https://t.co/zMWDqmPcHB,side-effect 
1703,1327399622327734272t,"@agargmd I think they're both right. Money was from Warp Speed, but didn't get up front money. Still, getting a pre-order for $2 billion makes Pfizer able to do their work. Plus they got less oversight at start, meaning less safety? A pox on all their houses, which vaccine won't prevent.",pharma 
1704,1410992310825934853t,"@Sander_Lab @FrankRHofmann Well, my home country of birth banned AZN vaccine and for very good reason Pfizer the Myocarditis vaccine and it is a reality- its killed 500 people so far. Now the proposal of mixing 2 vaccines that cause the highest mortality rate of the vaccines are going to be mixed together.",side-effect 
1705,1288057353452040194t,"People getting called anti-Vaxxers and treated like leper’s coz they don’t wanna take a vaccine that’s being rushed thru the back door, the length of time to test and safety has been comprimised. Who in there right mind would play Russian roulette with https://t.co/3hyjuKYc9G",rushed 
1706,1321735285424750598t,@piersmorgan @BorisJohnson Perhaps a lot of us can't lockdown as we dont have money like you were told immunity dont work vaccine won't be good so the only alternative is get on with life and see who comes out the other side remember 99.9% survive covid,pharma 
1707,1346029104550785024t,@AFCLDN12 @peejay960 @bellasorella122 @niklitwinenko @piersmorgan @BorisJohnson Not denying covid but if infections soar every time we come out of lock down we have to find another way. Was told a vaccine was the answer. We've got 2 and we're in a worst position now.,none
1708,1313961859532361728t,"@BarryHearn Better treatment is the way forward, not a vaccine. More is learnt every day. Can't shield the vulnerable completely forever, and it's barbaric and inhumane to lead them to the slaughter, because healthy people are fed up. Enough people do die or suffer long covid fyi.",unnecessary 
1709,1333828835071156224t,"Man listen, Pfizer can roll this vaccine out and all the way up to my front door and i still ain’t taking it",none
1710,1270459316093349889t,"@urbanx_f @StopMedTyranny Why shouldn't people be allowed to gain natural immunity over covid? Those who are afraid can get the vaccine. If it works, problem solved. If it only works when every single human being needs to get it, how did people survive before vaccines? Vaccines are another HOAX",unnecessary 
1711,1364409449117540358t,"@EWoodhouse7 He would do that, but it would force him to admit that having been vaccinated makes you any different than those that haven’t been vaccinated.",mandatory 
1712,1324480719628980229t,@BorisJohnson @MattHancock @piersmorgan I'm not a Covid denier. I know what could happen to the NHS. What is the plan to get us out of this hell? A vaccine is NOT a plan.,pharma 
1713,1293257250065260544t,What are your thoughts about the Russian vaccine ? Expedited approval without Phase 3 studies !! Efficacy vs. safety !! Political pressure to have a vaccine !! https://t.co/aueWvraUKq,rushed 
1714,1354127624453369856t,@BorisJohnson_MP Trust me this will NEVER be over vaccine or no vaccine.,pharma 
1715,1354827717976449024t,Employer called an asked was I gettin the Covid Vaccine. Be a big hell no for me,none 
1716,1255908583709032448t,"@LoveFromLondonn @RobynJ85 @DoctorChristian @AstraZeneca They assault the immune system. A suppressed or weakened immune system and one that is already compromised may suffer further harm, damage or adverse reaction. Vaccines can cause auto immune conditions. Vaccinating is risky at the best of times but to these people it's increased",side-effect 
1717,1333506180035928065t,@AyannaPressley Then you might want to skip #BillGates #Moderna #vaccine because he’s got his fingers in everything including #DominionVotingSystems #Smartmatic,pharma 
1718,1382676988272508929t,"@EdMorrissey ""Oxford: Blood-clot risk roughly same between all vaccines"" I said protectionism 2 months ago. And I still stand by this.",side-effect 
1719,1377043177002139653t,"03/30/21 Canada Does About Face on AstraZeneca Vaccine, Citing Blood Clot Concerns • Children's Health Defense https://t.co/FqKdLXeX2o Read this... https://t.co/edPzEIAgfA",side-effect 
1720,1297804116257898497t,A Covid vaccine is NOT the silver bullet it's being made out to be This virus IS under control NOW and I am fed up with Whitty keeping his importance to the fore  https://t.co/2fOlmc934O via @MailOnline,none
1721,1381260161520648194t,"@Tudortweet @peterandann 1st thing Johnson & Johnson did when their vaccine (only licensed anywhere for 4wks) was tied to 4 of those rare brain blood clots was to state publically *every vaccine currently in use has them*. Strange I hadn't heard anyone else say that, though I forecast it would be so",side-effect 
1722,1377364601889718274t,🤬WHAT IS THE PRIMARY GOAL OF DEMONIC-RATS~ 1~FINANCIAL GAIN~POWER GRAB 2~ADVANCE THE PANDEMIC 3~FORCED VACCINATION~DELIBERATELY INJECT ~COVID-19 INSTEAD OF VACCINE TO STOP IT 4~ESCALATE THE DEATH OF AMERICA'S ECONOMY 5~PROMOTE POPULATION REDUCTION 6~CELEBRATE CHINA~THE NWO🤬,mandatory political 
1723,1415496763016814592t,⁦@narendramodi⁩ Moderna COVID-19 shot linked to new auto-immune condition in Europe European Medicines Agency (EMA) noted that there were reports of nine cases of immune thrombocytopenia which “were considered possibly related to the vaccine.” https://t.co/GRcMaXdxeL,side-effect 
1724,1263760397976428555t,"Foolish, corrupt, or both?! #CorruptPharmaKills #CorruptCDCKills US Secures 300 Million Doses of Potential AstraZeneca COVID-19 Vaccine https://t.co/SsvdpiTXvi",pharma 
1725,1355669877969870848t,"@Sewn_apart Same piece said 25% remain at risk of death because of the efficiency rate and % of people who will get the vaccine. Which is true, I guess but following that logic everyone is at risk of dying in a car crash or getting cancer.",ineffective 
1726,1351976294993563651t,Not wanting to take the covid vaccine doesn’t necessarily make u an antivaxxer...I’m not anti vaccine I’m anti THIS vaccine that was crapped out in 7mnths with a 2 month trial. No I will not be the pharmaceutical companies test subject. I’ll continue staying my ass at home THX,rushed 
1727,1347228071909355528t,"@johngounaris @ACommonDescent @Tom27398793 @devisridhar Absolutely, Ioannis. It will not happen until there is a sterilising vaccine. apparently the Novamax vaccine might be so, but who knows anything at this stage. Zero covid is a seductive strategy but misguided. A Tory government would never go down that route anyway.",political side-effect 
1728,1337903435903987713t,"@disclosetv @US_FDA That is total bullshit. The FDA was forced to approve this Frankenstein vaccine, and it won’t end COVID.",rushed 
1729,1289576627215560704t,"#COVIDー19 #Pandemic No pandemic in China! 4634 death. #USA #Corona 156,000 death. Still no war?🇺🇸 Why must the whole world be vaccinated when the virus source has that few deaths? #vaccine https://t.co/VaDQoPgIG6",side-effect 
1730,1299245998615736322t,"@Reuters How we gonna crush it with a rushed, untested vaccine? Already polls show very few willing to actually take it.",rushed 
1731,1365948385350590464t,"@Fletchey2 @jengleruk There still using it all around Europe , and the reasoning why we can’t fly abroad all based on inflated cases, now they’ve turned down the cycle the cases are coming down which they will say it was the vaccine , these governments need locking up .",unnecessary 
1732,1376364991381610500t,#Denmark paused the use of the @AstraZeneca vaccine as a precautionary measure on March 11 after reports that a 60-year-old woman died with blood clots in several parts of her body a week after she received the #vaccine. https://t.co/XdGmVk8Rbi,side-effect 
1733,1376647905080147970t,@MMFlint Hey buddy....don’t you mean Trumps vaccine??? Maybe liberals shouldn’t be allowed to have the vaccine...JS,political 
1734,1319611401351155713t,"@SkyNews @fact_covid It means perpetual lockdown and dystopian rules for something that may never have an effective vaccine. It’s unhinged, tyrannical bollocks.",ineffective 
1735,1322832559580073987t,"Fear factor, these deaths happen every year for Seasonal Flu, which we have a vaccine.......Pray tell us how there are no seasonal Flu cases this year only Covid-19 and a panic struck government",political side-effect 
1736,1376629496036655110t,"Repeat after me: vaccine passports violate all State, Federal and International laws. ""Do not entertain their thoughts""",mandatory 
1737,1299444820080037888t,If you take a covid 19 vaccines you are on your own if there is any side effects from the vaccines. Big pharma will not be liable. This is not about vaccines or covid this is about population control. It's all about the population and climate change. #SeeVaccinesInIndia,side-effect 
1738,1331933711483461637t,"@Pfizer_UK Phase 3 trial due to end 27 July 2022 stated on their own website. Good luck to the lab rats taking the vaccine as you are still in the trial. Disgusting, you should be ashamed of yourselves.",rushed 
1739,1294000641052901378t,"Argentina and Mexico are producing the Oxford vaccine. All good, but I won´t be lining up to get injected until all Bill Gates children do.",pharma 
1740,1401714861307006983t,"Columbia University is requiring an Indian student who was vaccinated with two doses of Covaxin, to revaccinate with a different vaccine How can this be for real? https://t.co/8WSTTwZ6aq",mandatory 
1741,1431602555717566471t,"#Denmark, #Norway and #Iceland suspend use of #AstraZeneca #Covid 'vaccine' over reports of #bloodclots | MAR 11, 2021 - The AstraZeneca-University of Oxford vaccine is being relied upon heavily in the U.K.’s and European Union’s immunization rollouts. https://t.co/4RLmk5f14x",side-effect 
1742,1421162814605955072t,@FoxNews She’s absolutely right—vaccines business is booming with democrats donors like Pfizer Forecasting $33.5 Billion in Covid-19 Vaccine Sales - WSJ https://t.co/afQW48skFU,pharma political 
1743,1339358931911659520t,"@ari_russian We don't want him to take the vaccine, if the prick dies we are stuck with Kamal",country 
1744,1326893827064393728t,"@Anarchohoodism @AjaSF Lol - top contender for Covid cure is a Russian made beta prototype vaccine. People already lining up, pre-ordering this ""cure"" like it's the new iPhone or Xbox. Wondering if PostMates delivers this?",rushed 
1745,1326711530876936192t,"@tedfrank @FrankBednarz @politicalmath Then why did Pfizer put together an accelerated protocol and repeatedly state that they'd be able to announce something on efficacy in late October, until crumbling at the last moment? My guess is their uncertainty was whether the vaccine was merely a hit or a homer.",ineffective 
1746,1305170869182959618t,"Covid vaccine rush could make pandemic worse, say scientists #COVID19 #HumanRights #HumanRightsViolations #HumanatarianCrisis #HealthandSafety https://t.co/GX8DtzFswT",rushed 
1747,1414713706513158147t,The U.S. Food and Drug Administration on Monday added a warning to the fact sheet for Johnson & Johnson's (JNJ.N) COVID-19 vaccine saying that data suggests there is an increased risk of a rare neurological disorder in the six weeks after inoculation. https://t.co/4cDTmufZYA,side-effect 
1748,1335222839201460224t,If you must take the vaccine don’t take the Moderna one! Bill Gates is evil!,pharma 
1749,1376579392323878916t,"@nmlinguaphile I took Pfizer vaccine 17 days ago. 2 days later, I developed facial twitching and dizziness which hasn't gone away. It's a side effect for an average of 15% people - so I'm never supposed to travel again unless I receive a second shot??? Passports r ridiculous",side-effect 
1750,1352696786914336770t,@BorisJohnson 5.4 million people had a vaccine that doesn't make them immune to anything. Think about that. Unbelievable. 🤔😄,unnecessary 
1751,1219725279888920576t,"Aside from immediately contracting Alzheimer’s, look what happened to my niece’s face after they vaccinated her. She was such a beautiful girl. https://t.co/IWsjJfwq6Q",side-effect 
1752,1303468936495869955t,"AstraZeneca's COVID-19 shot trials on hold after suspected reaction https://t.co/jwjfrWCPr3 via @MailOnline Can’t see many people of song mind having this , loads of older people I know ain’t going to have the flu jab either this year .... Loads have already started taking zinc",side-effect 
1753,1338469086141956098t,Breaking: CHD Responds to News of Life-Threatening Reaction to Pfizer COVID Vaccine. Will Regulators Take Action? • Children's Health Defense https://t.co/oSZD2fLWZI,side-effect 
1754,1347780774129356800t,So the COVID vax was NOT fda approved but approved via Emergency Use Authorization(EUA) which has far fewer testing procedures which means anyone getting it are the test subjects aka. ginuea pigs aka lab rats. (They care about your health) #Moderna #vaccine #CovidVaccine,rushed 
1755,1320324854755872770t,"@RichieAllenShow If the NHS give their staff their wonder flu vaccine, they may soon face staff shortages. Dozens have died in South Korea after recent flu shots.",side-effect 
1756,1418373664135860227t,"THERE IS ALSO THE MATTER OF THE 13 MILLION OR SO AMERICANS WHO WERE DUPED INTO TAKING THE JOHNSON AND JOHNSON VACCINE, WHICH APPEARS LARGELY INEFFECTIVE AGAINST DELTA, AND WHO ARE NOT CURRENTLY CLEARED TO GET MRNA BOOSTERS. https://t.co/ey4yAfMCSe",ineffective 
1757,1347855117442293762t,"If we were in a real Pandemic why would GP's need to be paid £12.50 per vaccination to apply? https://t.co/ARrzJIZY8k In Wales nurse who took Pfizer Vaccine got ""Covid"" and infected all her family 3 weeks after taken the Vaccine👇",unnecessary 
1758,1333690274263027712t,"See they're bringing out a vaccine passport, where if you don't have the vaccine your not allowed out to certain places!... really is Track and Trace in name and nature! #COVID19 #CovidVaccine @BorisJohnson #Government",mandatory 
1759,1362871048828563458t,@MarkAlanMarks1 @thedaily_expose 𝗪𝗲 𝗱𝗶𝗱𝗻'𝘁 𝘁𝗵𝗶𝗻𝗸 𝗶𝘁 𝗰𝗼𝘂𝗹𝗱 𝗴𝗲𝘁 𝗮𝗻𝘆 𝘄𝗼𝗿𝘀𝗲! - We were wrong! Do you think the Pfizer jab is safe? UK Gov. release 3rd report of adverse reactions to the Covid 'jabs'. https://t.co/Axtb89lbXH,side-effect 
1760,1385549673214132230t,"@NicoleThibault8 @oc52130 @US_FDA @pfizer ‘People’ ,not kids! Surely you protect your kids from things that might harm them? No data to suggest Covid does. The vaccine isn’t even approved for them yet & potential long term side effects are not known Kids are not getting sick or dying from Covid!",rushed side-effect 
1761,1288191416863281153t,@realDonaldTrump Because I’d imagine their are enough generic companies that would go for immediate profits than the trillion dollar end game of the vaccination agendas!,pharma 
1762,1341780382589575173t,Question. If the vaccine is such a no brainer then why is everyone that is taking it seem like they are sitting down to play Russian roulette.,none 
1763,1337108013174435840t,"The FDA required a lower bound of 30% efficacy for a COVID vaccine. Pfizer's lower bound is 90.3%. Um, yeah, I guess that counts",ineffective 
1764,1374704622389039105t,"They spent so many years making sure that society would ridicule people that question vaccines, that when it came to Really count for a vaccine that Didn’t go through the tests, the questioners were Again ridiculed by the Pavlovian reaction of the mob. Zero thinking involved. 🌍",side-effect 
1765,1338875071620734978t,"@Lori_IslandGirl @CDCgov the ""#covid"" is a lie. There is no pandemic. Only the ""flu""-""vaccine"" causes the ""flu"". Eat broccoli every month, one whole crown, and you will never get sick. Bronchitis is only possible for lack of fresh raw green vegetables, and being exposed to insects and dirt.",side-effect 
1766,1329257865131876355t,"@RebekahsRight @pfizer Scary ! Don't have the Virus, but die from the Vaccine. Not sure about rushed Vaccines, they usually take years to get right. https://t.co/j9sQ11p7AN",rushed side-effect 
1767,1322183984013471750t,And that's the situation the world is facing with the Sputnik V Vaccine and all the Westen vaccines. There is nothing inherently inferior with Soviet science. Their vaccine has the same problem our vaccines do. They were just faster to the failure than we were.,ineffective 
1768,1289223630539255808t,"Under Trump: ruined economy, joblessness, house arrest of ppl, failure to fire & initiate arrest of #BillGates & #Fauci for crimes against humanity. Trump gave taxpayer money to #BillGates GAVI & initiated a warp spd. vaccine. Both parties are working to establish the NWO.",political 
1769,1374479639771447299t,@jan_pierce Agreed. My mom won’t get the vaccine and I suspect most of our neighbors won’t. Our kids will.,none 
1770,1449446255881424897t,@franks_lawyer @feeonline my data into Oxford’s covid calculator my probability of not needing hospitalisation is 99.92%: there are many more things that will put me in hospital b4 covid; so my individual decision 2 not take a new vaccine rolled out under emergency that is still in its long term trial 2/n,unnecessary rushed 
1771,1408868482045861888t,A 48-year-old rock musician died of cerebral hemorrhage two weeks after receiving the AstraZeneca vaccine. https://t.co/e9ilNeCiXS,side-effect 
1772,1261754447232974848t,"@Kappy94 @mstrong180 @nypost Being as there has never been an effective Corona virus vaccine, wouldn’t place my money on that one. Going to be a long slog in isolation...",ineffective 
1773,1365007450970198016t,I’m seeing young ppl get the vaccine what’s going on??? I literally can’t keep up I thought it was only for the old and decrepit. Nurse twitter wya. I’m bout to get mad.,none 
1774,1395877901531238402t,"@Z09752769 Pfizer is trying to appease its shareholders. Vaccination after prior infection drastically enhances the quality of immunity, which is highly variable after infection: https://t.co/ZXZRsGiZV5",ineffective 
1775,1364274060042129411t,"@NikkiClarkejb @Daniel11849438 @nrthrnsoul He’s talking about a vaccine side effect not a Covid mutation. Because you people want to force others to inject something into their bodies it would be funny if the vaccine ended up seriously effecting your mortality, karma for trying to dictate others.",side-effect 
1776,1340238409160384513t,"@Cleavon_MD @ForU2CSandy Trump has no money in pfizer, so he is blocking it so the company he has money in has the vaccine to ship, in order to make a lot of extra money out of covid",pharma political 
1777,1364308679772766209t,"@wef This is some evil shit, we don't want your vaccine, just let us live in peace",none 
1778,1270317186092064768t,@ChildrensHD There is no more pretense that safety or efficacy matter. The Oxford vaccine is a failure. Nevertheless let's go ahead and test it out on the usual countries that we manage to threaten or bribe into playing along. https://t.co/QzmMFJN1zX,pharma 
1779,1329101573964918790t,"@Peston @NYT @pfizer And how exactly do you know there won't be any serious side effects, when it takes YEARS to test a vaccine for that sort of thing?? You will not see those side effects that soon, people better wake up.",side-effect 
1780,1232298490274951169t,"@pfizer And since we’re asking questions, here’s one: exactly how much 💰 have you paid our government officials to push through these mandates??? Stay TF away from my kids, you’ll never get to them or me! #parentsoverpharma #believemothers #stopbiggovt",mandatory 
1781,1312058279237947396t,@I_AmSoulless @SpeakRyanSpeak @NoLifeShaq There isn't a cure yet. Finding a vaccine could be another 2 years anyways. COVID is so freaking stupid. I wish they would just declare it a type of flu and lift the mask rule,ineffective 
1782,1308302885524889601t,People shouldn’t fall prey by rushing for untested vaccines. These are the exact concerns raised about the vaccines approved without sufficient testing. #COVID19vaccine #covid #China #RussianVaccine #vaccine,rushed 
1783,1326511540573507585t,"If Pfizer made a car, at least then they’d have, you know, responsibility for a shoddy product- but since they make vaccines, they’re protected by from liability for them by the US government. #1986theAct 🤯🤯",pharma political 
1784,1337525722605350923t,"@EpochTimes Is it designed to sterilize those vaccinated with it? Is this their ""unknown"" alibi in the waiting? #Depopulation #Pfizer-#BioNTech #COVID19 #Vaccine #EUA https://t.co/yKgjKjBm9z",conspiracy side-effect 
1785,1321903760629731328t,"Of Course ,Your Right .Until The Third Phase Of The Human Vaccine Test Is Not Complete. It Cannot Be Injected Into People In A Hurry. The Most Likely Thing That Can Happen In a Hurry Is That The Vaccine Cannot Provide Lasting & Effective Immunity. As A Result, It Is Clear=Tragedy",rushed ineffective 
1786,1344194862787276800t,"@MattHancock @UniofOxford @AstraZeneca @MHRAgovuk You mean Casedemic, stop this mass hysteria, stop testing healthy people, stop lying, stop fake crying, stop pretending your important.",side-effect 
1787,1411492007948652547t,"Clot risk to 18-39s from AstraZeneca vaccine is twice as high as Covid death risk, Euro study finds https://t.co/7Jtk6i4Y74",side-effect 
1788,1326624982978473988t,@GovtdontlieNOT Check out the shite that's in moderna's vaccine... Modified RNA Nanotechnology Luciferease,ingredients 
1789,1324680913142374400t,"My gp has just asked me if I want to be a volunteer for a covid vaccine. The fecking cheek of them, so ill and they do everything they can to block my hospital Drs getting tests for me. Refusing my 24hr blood pressure test now. 🤬 https://t.co/pltM5qh22f",side-effect 
1790,1295785026907516945t,@stumpingMAGAts @emmanue00857463 @jss1138 @lost_grrl @knight2472000 @Fight2bFree11 @MonaSalama_ Have you looked into the phase 2 trials? Moderna's vaccine doesn't look good to me. Here is the chart of adverse reactions from their trial. Note these were healthy adult participants. I can't imagine what this would look like in children my thinking is worse. https://t.co/NX9koe3DP2,side-effect 
1791,1373985150250409985t,. Fuck your masks. Fuck your lockdowns. Fuck your vaccines. Fuck your vaccine ID/Passports. Fuck you. I will not comply. #ChineseVirus .,mandatory 
1792,1339987502174748672t,"@PClement_ @jjmib @glesgaweegie @piersmorgan The experimental vaccine - 21,500 control group who did not take the vaccine 99.63% did not develop Covid, 0.37% did. The vaccine group 99.07% did not develop Covid 0.023% did. Testing takes circa 2 years - public are being used to test this novel vaccine. It is reckless.",rushed 
1793,1255839471112728576t,"They are planning to use Nigerians as lab rat. Why force a vaccine that hasn't been tested on us, vaccine we don't know it effect. Why make a law. Has the vaccine been tested in the country of its origin? #StoptheNCDCBill",rushed 
1794,1334579426911203330t,@LBC @NickFerrariLBC Please consider this- Why is the UK the first nation to 'try' the Pfizer vaccine even though it's being made in Belgium jointly by American & German companies? Ever considered that we are being used as lab-rats while the rest of the world sit back and watch.. #CovidVaccine,none
1795,1361574040041848833t,@LBC @NickFerrariLBC @rachaelvenables my brother is a casualty of the Oxford vaccine. Rushed to hospital suspected stroke. Found to be Bell’s Palsy. Right side of face paralysis. He’s been told to log his symptoms. Was fit & healthy now he looks terrible. At hospital 3 times,side-effect 
1796,1328855983083442176t,I just watched this dynamite Friday 13th interview with Maine's Cristiane Northrup M.D. about women's health and COVID lockdowns and treatments. She speaks truth about the efficacy and risks of masks & vaccines (& says what I have been saying for months).,ineffective 
1797,1373433084566253573t,"@brave3564445 @SapperK @AmericanPolack @TTasticDesigns @SteveE4BEA Just remember the people who died AFTER their doses.   & now you don’t get to say the vaccine didn’t cause their deaths after saying that covid deaths are often caused by other variables. So, even tho other factors may have contributed, it’s still the vaccine.  Consistency 😁",side-effect 
1798,1262491676569829376t,"@Itshere36647596 @SimonHarrisTD They will be if there is Corona in vaccine, grown in infected animal tissue. When they meet Covid, 19 or mutation, they'll get very Ill. Virus Storm. Happened US military 2019. @",side-effect 
1799,1334383722515271680t,If “no corners have been cut” why given protection to #pfizer ⁦@MattHancock⁩ #COVIDvaccines . ⁦@Pfizer_UK⁩ what are you scared of? #VaccineSideEffects #Pfizer given protection from legal action by UK government - The Independent https://t.co/RcXtx0mPGM,pharma political 
1800,1350752469769478144t,@jongaunt @SputnikInt Propaganda. People are dying from taking the vaccine in Norway and the US. How are people not dying here from the vaccine? They probably are and the government is covering it up. Myself and everyone I know who had covid walked it off. The vaccine is far too risky,side-effect 
1801,1427700953130672137t,"@WCVB ROFL as the vaccinated spread the virus. Because I can't get the vaccine, my daughter got Pfizer to protect me. Pfizer is 42% effective against Delta. Do I feel safe? You bet I don't. Let me know when there is a vaccine that prevents transmission to others. A REAL VACCINE.",ineffective 
1802,1299695523192926210t,@naughtmai @blasphemybunny @ellymelly I'm not a doctor I just saying that the vaccine industry is corrupt to the core along with WHO there covering up alot of shit,pharma 
1803,1347884495723229185t,"Covid receding? On it's own? No vaccine? Can't be, surely not....  https://t.co/oilfAiReui",none 
1804,1377575448620773377t,Man’s skin ‘peeled off’ in rare reaction to Johnson & Johnson COVID vaccine https://t.co/GLm2jlFUD9,side-effect 
1805,1443326944725114889t,"🇨🇦🔥🚨 Shocking must see! Alert ! Dr. Carrie Madej: First U.S. lab examines ""vaccine"" vials Horrific findings revealed ""Self aware Organism with tentacles"" 🚨 Found in Moderna Vaccine #onpoli #canpoli #VaxToTheMax #VaxToSchool #TeamToronto #TeamCanada https://t.co/1RWuy9d21Y",ingredients 
1806,1339204989990830082t,"@MattHancock It appears that the experimental vaccine (the one the Nuremberg Code prohibits you from using on the public without their express consent as it's an experiment) does not prevent transmission even the Pfizer CEO doesn't know wtf will happen, and it's pretty well-known life--->",ineffective 
1807,1409604356354166792t,"Mother-Of-Three, 47, Dies After AstraZeneca Covid Jab Caused Blood Clots On Her Brain Which Led To A Stroke - https://t.co/Xf1N8fz8ta",side-effect 
1808,1329075666633932801t,Isn't Moderna the GATES' vaccine?  I wouldn't take that one for all the money in the world!,pharma 
1809,1364726396321296384t,@ausgov but wht a if it are give my son a autism again??? no t in this house. we dont need a vaccine when we havwe juses !!! amen...,none
1810,1332976857654837248t,@MitaliLive I would rather take my chance with COVID-19 than with this vaccine - till the international news media starts reporting improved efficacy of the Oxford vaccine. I guess it will take a few months after that for the improved formulation to be available for the public in India.,ineffective 
1811,1389601454399234048t,"16y♂️#Pfizer #VAERS #adolescent #Covidvaccinesideeffects ""The patient was found to have significantly elevated Troponins and elevated CKMB. ... EKG changes noted were diffuse ST segment elevations, which persisted throughout his entire hospital stay."" https://t.co/ZuvFeUAESO",side-effect 
1812,1363915002298695684t,"@BigBrotherWatch So ask yourself !! 96% of deaths were over 70 years old and most with underline health issues, still sad . Why do you think they want EVERYONE to get the vaccine ????",side-effect 
1813,1327607997770690563t,@GaryNorwood2 Ah give over🙄🤦‍♀️ its corruption! Too many conflicts of interest. UK Scientific Advisor Patrick Vallance is ex President of corrupt GSK with shares. His buddy Andrew Witty ex CEO of GSK is now head of vaccine development at WHO! Oh & GSK took over Pfizer in 2019 w majority 68% 💰 https://t.co/mLwQ2TPks1,pharma political 
1814,1331103390676381699t,So Pfizer come out and say they’ve got a vaccine and within the week two other companies say “oh we’ve got a vaccine” 🙋🏼‍♀️ “we’ve got a vaccine”🙋🏼‍♀️. Big coincidence all these vaccine’s are ready within a week of each other?!,rushed 
1815,1297940712437231616t,Seeing as it is now proven that you can get Covid 19 more than once as immunity is short lived. What use is a Vaccine if it means you need a shot every few months.,unnecessary 
1816,1252804790020526080t,"Robert F. Kennedy Jr. Merck, Pfizer, Sanofi-Pasteur & GSK all convicted felons. Medical intervention should be done with informed consent, never by coercive consumption. It's a basic right. No study favourably compares vaxxed with unvaxxed. https://t.co/m9OyxS5Z1x via @YouTube",mandatory 
1817,1336653578698518531t,Warning as two NHS workers have allergic reactions to Pfizer Covid jab Here we go. Untested. Required. Disaster. That’s my COVID haiku for the period. https://t.co/JKYAN4R48t,rushed side-effect 
1818,1377228574793551875t,"@zerohedge Covid is a manufactured crisis, the aim of which is mass injection of the global population. These Pfizer bastards are the enemy and are now attacking your children. Are you going to sit back and take it?",conspiracy 
1819,1335055653774241792t,@RealCandaceO Please clarify your statement or your point better. I thought about getting that vaccine instead of Pfizer’s vaccine. Now I feel suspicious knowing Gates is involved.,pharma side-effect 
1820,1258870894614548480t,"This an ABC Dem poll: more like 2 in 5 would reject. This poll says vaccine from (Dem state) government. Republican red states would leave it to MDs & informed consent. ""1 in 4 Americans Would Refuse COVID-19 Vaccine from Government"" https://t.co/9QJg2kHuUR via @gatewaypundit",political 
1821,1336949057797959680t,"@HoeyberghsJeff They don’t give a damn about us, they tolerated us until now. We are getting in reports from around the world that people are getting sick from the vaccine. Pfizer has issued a warning now itself. https://t.co/DsOroRPEDp",side-effect 
1822,1336275269540319232t,@Tombstone1954 Politicians their media and Pfizer employees should take the vaccines first,political 
1823,1374947623468212227t,BREAKING! Boorish Johnson and Vaccine by Coercion: This is Where You Draw the Line Brits! @hare_brain @fitz_xoxo @andrewsduncan1 #UK #UnitedKingdom #No2VaccineCrow - https://t.co/cObuy6IRp0 https://t.co/yZ7R13XkJO,mandatory 
1824,1348973394440708098t,@MrStache9 Well i believe there won't be an election until Trudick get enough covid vaccine into enough people to claim he did something right. So probably not until the fall. We all know minoritie governments don't usually last long.,political 
1825,1370821047298187275t,@sky_dvr The Johnson & Johnson COVID Vaccine does not include PEG. Once again. The vaccines like all vaccines & medicines include non-medical ingredients. There needs to be more transparency & alternatives for those with hypersensitivity to the non-medical ingredients.,ingredients 
1826,1322252528650772483t,"@Yamiche He also said a few times in the past week that it was coming ""momentarily""! I was waiting for someone to walk up in the stage & jab him with it! LOL And no, you won't get a vaccine into me, until a few years of trials, etc. But I'm sure covid will mutate a few more x by then.",rushed 
1827,1338791894801854465t,@Eyecatcher_Pro I think they're concerned about the vaccine uptake. They'll keep the scare tactics going until they're pretty sure most of the vulnerable have been jabbed. They do have real problems with the Oxford vaccine though. It just doesn't provide enough immunity.,ineffective 
1828,1377397745036587010t,@Stevenbradleyb @rpoconnor @RyanGrieveAB Zero deaths globally for vaccinated people?   Where are you getting that from?   Because this European data says otherwise    https://t.co/Evg1OwSJdF,side-effect 
1829,1413303639473496067t,Moderna #Vaccine Caused This Woman Severe Neurological Damage. @moderna_tx #COVID19Vaccines https://t.co/G9qfjAmN47 via @BitChute,side-effect 
1830,1341985240978485248t,"@3PIDEMIOLOGY @purviparwani @pfizer @US_FDA @PhRMA Pfizer should not make any numbers public!Basically, it is a scam to write 95% efficacy if sufficient tests have not proven successful. Everybody knows the vaccine could not have been tested properly! Blatant whitewashing seems effective if repeated often enough. Blind trust!",rushed ineffective 
1831,1293237246179586048t,I don’t trust Russian technology and hence would be reluctant to be among the first to receive a dose of their COVID-19 vaccine.,country 
1832,1339935844979912707t,"I didnt see any full informed consent given,nor the full list of adverse reactions.(link to insert below) I dont care who gets it, i will not. I DO NOT CONSENT Pfizer mRNA COVID-19 Vaccine Insert is up on the https://t.co/94cHYSUEX5 https://t.co/EguQsxdqPk",side-effect 
1833,1333417395071889408t,This is it folks: if this is how it's going to be then they can stick their needles where the sun doesn't shine If you disagree with this assault on our basic freedoms then YOU MUST REFUSE to be vaccinated,mandatory 
1834,1338185960412987392t,@Suav58 @adam_tooze @colbyLsmith Pzifer has found 8% of people have PEG allergic reactions that can lead to death. PEG (polyethylene glycol) is the delivery system for mRNA Covid vaccines through cells. Know you PEG status before taking mRNA vaccines. Otherwise it's Russian roulette. https://t.co/exBdemU3JG,side-effect 
1835,1335780134964563969t,"@futurepundit I wouldn't go so far as AstraZeneca, mainly because of the problems of vectored vaccines (wouldn't necessarily give you immunity b/c you can't project which proteins your immune system would glom onto). But a lot of those others, yeah, esp. mRNA.",unnecessary 
1836,1377947420626198531t,"@NormanTShenley @wordwhisperer Swiss Policy Research: ""Little is still known about the long-term safety profile of covid vaccines. Back in 2009/2010, it took one year for the public to learn about neurological damages caused by swine flu vaccine adjuvants.""",side-effect 
1837,1365215206696247297t,"@PerpetualValue A population of scientifically illiterate, bedwetters, happy to accept fudged figures & draconian restrictions on our freedoms for a virus with +99% recovery rate, desperate to swap natural immunity for a corporate ""vaccine"" in return for a 'normal', forcibly removed.",pharma 
1838,1333461099199541257t,Our tax payer dollars pissed up a wall for an unnecessary vaccine,pharma 
1839,1363945292480012291t,@BorisJohnson Why you all complaint sure all the fucked up sheep will have to cure vaccine. Let the rest of us get in with life,none
1840,1350007418084753408t,"@NG20194 ""theorised"" is the operative word. Chinas, whole virus vaccine has only 50% Efficacy. Covaxin uses a novel adjuvant which does solve some of the problems but we still need to see the data.",rushed 
1841,1395500036444807175t,"@ajpollard1 @OxfordVacGroup @UniofOxford VITT hasn't been the best PR... Speaking of which, I see Adrian Hill and John Bell have been giving TV interviews in which they claim not to be aware of any VITT cases after the 2nd dose of your vaccine So I'd like to officially make you aware, there are 15 Please stop lying! https://t.co/JobxCdy1MH",none
1842,1328132858658119681t,"@freee12105208 @ezralevant On a serious note, please explain why Justin Trudeau purchased 10X the amount of vaccines than any other country? The Pfizer study is out & full of flaws. There is no such thing as a coronavirus vaccine. #Canadians want to know",political 
1843,1353980591927037952t,@cnni @jgriffiths 23 Norwegian elders died aft vaccinated Pfizer's .. I need to clarify whether this was a disinformation?,side-effect 
1844,1329140532212338689t,@WHO @pfizer @BioNTech_Group If they WERE safe and effective you wouldn't always have to preface the word vaccine with safe and effective. That's a conditioning technique.,ineffective 
1845,1354166997458759683t,"@ProfKarolSikora 100% of Healthy people especially children/young adults don’t need a vaccine for a virus that will have zero to mild impact on them! The more vulnerable (13%) with underlying conditions, obesity, heavy smokers etc can take it if they wish but end lockdown & re-commence screenings",unnecessary 
1846,1408184895122427904t,"The even worse tragedy is that so many people are being injured by taking an ""investigational vaccine"" @US_FDA, currently being TRIALLED worldwide, that is still ""UNAPPROVED & UNLICENSED"" @US_FDA @pfizer and which Big Pharma has ZERO liability for!😔 https://t.co/uvRm6qfvAO",rushed side-effect 
1847,1336497553983102978t,".@TLAVagabond FDA Admits 2 People Died In Pfizer Trials, Vaccines And Nanoparticles … https://t.co/INePqgxuNz",side-effect 
1848,1377007498322968576t,More people are dying after takings these corona jabs .. I heard you can’t travel without a jab or go to a club😬what’s your thoughts on the vaccine ?? 🐾,side-effect 
1849,1329753885989347332t,THE CULLING OF THE HUMAN RACE BEGINS: See the Horrifying Ingredients in AstraZeneca’s Covid-19 Vaccine – Absolute Truth from the Word of God https://t.co/CkpNW3hXXG,conspiracy ingredients 
1850,1365172505166680064t,@helena_jennie @GaloreVida Forced vaccination is a made up construct done dilute the pool,mandatory 
1851,1355685260999053313t,"@kaitlancollins @GloriaBorger Vaccine efficacy is for SYMPTOMS of covid, not covid. After getting fully vaccinated we are still able to contract and spread covid just like we were prior to being vaccinated.The vaccines reduce or eliminate symptoms not virus-that’s why we all must still take mediation measures",ineffective 
1852,1352972754060931072t,"What’s the point of this vaccine if after I take it, I’m still going to be required to wear a mask, not attend gatherings, or travel ?? There gotta be some actual benefits other than “you might not catch COVID” .",unnecessary 
1853,1444336787065823234t,"@sndwkns @oforsuredude @Diviance1 @APFactCheck The trouble/problem is that both Pfizer/Modern nuked their control-placebo groups by allowing them to get “vaccinated”, even though their trials won’t end until 2023. This is not science, but “sciencism”. https://t.co/H2bvMdbitu https://t.co/xCKhPPpnB5",rushed side-effect 
1854,1267541835343441921t,CATASTROPHE: Moderna’s Corona Vacc Test Subject Ian Haydon Suffers Major Illness @FortRussNews https://t.co/n5xk4VTmCr,side-effect 
1855,1375113028883120130t,"@DjAntTB @JuliaHB1 Refusing an experimental vaccine, enjoying bottomless piña coladas on a chaise lounge in my own garden, surrounded by family and friends. I'll throw in some excellent meat, expertly BBQ-ed by husband. While you all get injected to have lousy karaoke in a pissy pub. Bless.",rushed 
1856,1365259463729369088t,"@DrTonyLeachon The Covid-19 vaccine is a biological weapon! A doctor and biological weapons researcher believes that vaccines against coronavirus (Covid-19) are a form of ""armed medicine"" or biologically controlled dangerous biological weapons against all of humanity . Said by a US DR.",conspiracy side-effect 
1857,1302975776090923014t,@bodysouls @KamalaHarris @POTUS I just know I do not plan to take the covid vaccine.,none 
1858,1253245388527673346t,"@DiamondandSilk @rpace71 It would appear, Bill & Melinda Gates are expecting a positive ROI on their vaccine... These ghouls do not care. Their economy is juuuust fine. But you know what? WE have our freedom, even in lockdown. These people are prisoners of their own greed. https://t.co/GetudSKNqz",pharma 
1859,1051869354088951808t,"@mcmac603 @deray If you got it anyway having been vaccinated, maybe the person who gave it to you was also vaccinated and got it anyway. Not a good story to support vaccines, imo.",none
1860,1333975075964530688t,@BorisJohnson End hiv by 2030. But you think you have a vaccine to stamp out the deadly disease of covid. Within 8 months? Hasn't hiv been around since 80s.,unnecessary 
1861,1297836337840525312t,"@chekla @oldengold @StratManOne @ColSanjayPande @w_karve Serum Inst also uses the Oxford researchers' modified virus Same poison. Different label Scroll up the current thread for info on Oxford vax NO VACCINE CAN BE EFFECTIVELY AND EXTENSIVELY TESTED IN 5 YEARS, LET ALONE 5 MONTHS. PLUS, PHARMAS HAVE ZERO LIABILITY IN INDIA AVOID",rushed 
1862,1368707220301611008t,"Austria Suspends Use of AstraZeneca COVID-19 Vaccine Batch After Death “Currently, there is no evidence of a causal relationship with the vaccination” Via ⁦@EpochTimes⁩ https://t.co/OO0nn6rZQx",side-effect 
1863,1362826136674136067t,"@paulvieira I'd love to see the results of ""Covid Vaccine Deaths & Complications"" plugged into that same covid case modelling software!",side-effect 
1864,1364173344405397505t,"Do you honestly believe that people accept what you are doing and saying with your killer vaccine and your Nazi Style vaccine passport, do everyone a favour and quit. Winston Churchill will be turning in his grave.@BorisJohnson TIME TO END THIS HOAX #fakepandemic",mandatory 
1865,1340976646933889025t,@psymonbee @cyclingkev The BioNTech vaccine is not intended for children. It was not tested on children. It is intended for the age groups with the worst outcomes ie highest death rates.,unnecessary 
1866,1377340218777423874t,"@CityNews Wow! So many brave people, who are ready to risk their health and life to get this half-baked vaccine into their bodies!",unnecessary 
1867,1273523606807429120t,"Why is Moderna Inc. being awarded $483 million to develop a ""GENE EDITING"" vaccine? Would you give this vaccine to your kids? PLEASE - PLEASE - PLEASE give us ""Medical Freedom"" in your 2020 platform. @realDonaldTrump @POTUS @VP @DonaldJTrumpJr @FLOTUS @IvankaTrump",political 
1868,1359322020521992195t,Big mistake for the Iranian people. This will benefit those who have been trying to conquer them for decades w/out any success! #NoVaccination #NewSlavery #BioTracking #MedicalMafia #WeaponizedHealthcare,pharma 
1869,1334919111449710594t,Anyone out there still believing shit will go back to normal after a vaccine? Get your head checked. #Pfizer #scandemic #WhyAreTheyDoingThis #fuckoffboris #fuckboris,ineffective 
1870,1339135549458817026t,"@Pat_Bam @MLevitt_NP2013 Until September 2020, Had we already seen a vaccine discovered in such a short period of time? Is it sane to accept that the only info at our disposal comes from Pfizer reports? Do we have enough perspective on the potential side effects of this new therapy?",side-effect 
1871,1340180016844464128t,"@realDonaldTrump Whats the point in taking a vaccine if you can still get covid, still have to wear mask, and still doing lockdowns and that social distancing thing. Makes no damn sense.",ineffective 
1872,1273426064002494464t,@patricmykel69 @LJustice323 Dear mark and Pfizer pharmaceutical I don't CONSCENT to taking your cancer causing microchip Coronavirus vaccines injections stop poisoning us Click on the picture https://t.co/Wj8dMKbxCp,conspiracy ingredients side-effect 
1873,1447706134895370242t,"@ItAintOK @elforesto My daughter who is 29 with no previous health problems, got Pfizer and now is suffering from heart issues. Someone she knows who is also fully vaccinated got the virus and spread it to others.",side-effect 
1874,1297242280642981888t,@catvalente I’m not taking an untested Russian vaccine that was rushed. no fucking way. I’d rather stay home for the next 10 years.,rushed 
1875,1375852648436543490t,"""vaccine/virus"" shit that they have going on. My entire life, we've had a flag flying. It still flies today. It always will as long as I'm alive. I served in the Army as well. I took that oath in 1987. It's in my heart and in my soul. I am willing to die for our freedom. Are you?",none
1876,1328396599240908803t,@GenesisRenji I just read a few tweets from his administration that says he signed a deal with Moderna (the company that has another vaccine in the works) on 1/13/20 and IF that’s true he willingly lead hundreds of thousands of ppl to death.,pharma 
1877,1262219834072408065t,@ProfKarolSikora petering out is the exact term I use. It's just another annual new corona virus. It's on its way out. Talk of a vaccine is almost comical--except that its being pushed by a certain billionaire computer nerd that is obsessed with injecting people and seems to run cdc policy.,pharma 
1878,1330630908894961665t,@jchatterleyCNN @moderna_tx @NoubarAfeyan The real question is will they try and force you to take it.,mandatory 
1879,1364721864564563969t,If you actually believe the masks are coming off after the majority of people get vaccinated you’re a gullible fool.,none
1880,1245109623243206656t,"@theladychuck @kelseythoughtz Agreed.  The medical profession is corrupted by Big Pharma.  As such it has responded to an (as yet) unprofitable virus pathetically.  I fear a future with a mandatory Sars-Cov2 vaccine which may, or may not be, effective.",mandatory 
1881,1336235788552507393t,"The UK is rolling out a stage 4 trial of a 94% effective vaccine that doesn’t prevent people catching or transmitting COVID-19. So, 94% effective at reducing obvious symptoms, then? Why the chuff is the UK wasting money on it?",ineffective 
1882,1337364265276231681t,"@ncdhhs @NC_Governor Pfizer’s vaccine studies are based on FRAUD and put lives in danger, warns former Pfizer vice president https://t.co/HOHpoWZxRv",side-effect 
1883,1336511773437022208t,Global Emergency! Author of US Bioweapons Law Says Pfizer mRNA Vaccine “Is A Bioweapon” - FULL SHOW 12/8/20 https://t.co/GzF9bVbFKn,conspiracy 
1884,1353713299074863111t,@MailOnline 23 Norwegians died aft vaccinated from Pfizer's,side-effect 
1885,1356645098193379329t,@MobilePunch They are bringing all this nose mask thing to create fear and justify the N400bn for covid-19 vaccine. Why can't our scientists decode the virus then know the type of vaccine naija will need. Is covid-19 D problem of Nigeria? Governors don't work again all is about covid-19.,unnecessary 
1886,1391316260802105346t,@sailorrooscout @inforredvox again. yes. there have been. 20 ppl fully vaccinated with pfizer contracted and passed on covid. pfizer saved them from hospital and death but what ab the ppl they infected?,ineffective 
1887,1388692724287565824t,"39y♀️ #Janssen #Miscarriage #VAERS ""The minute after the vaccination I had fainted, vision went, low blood pressure ... next day, I had severe headache, with nausea, and a day later I had bleeding ... I had miscarriage. I was 7 weeks pregnant"" https://t.co/aNmLQSTpKw",side-effect 
1888,1374811755927506945t,"What’s next? People won’t be allowed to go to the supermarket to buy groceries, to live, without being jabbed or showing proof thereof? Vaccine certificates are the armbands of this day and age. #ukpol #rona #covid19 #coronavirus",mandatory 
1889,1337183965917097984t,"@Moondoggie2020 @melanielynngrif @ABC They tested kids in the trials. My daughter (she's 16) was invited to participate though we declined. A hospital in Cincinnati was testing 12-year-olds for Pfizer. Regardless, though, you're right. Healthy kids should be low priority.",side-effect 
1890,1270094981047468037t,"@CDCgov @CDCMMWR Imagine, CDC is now trying to back track. Can animals have COVID-19, which is a virus,""YES!"" Can animals pass to humans,""Yes."" Can human's pass to animals,""Yes."" Stop lying to ""The people."" Is COVID-19 real or is it the genocide vaccine on behalf of Bill Gates and 103+ companies?",pharma 
1891,1348977789861388289t,"@Zygmunt_B @roccogalatilaw Anyone with an ounce of intelligence when it comes to this global covid psyop and depopulation vaccine agenda is much like a brick of pure Gold ,,they are out there but rare thanks to the global MSM brainwashing and fear mongered programming...even real doctors",pharma conspiracy 
1892,1371552949793607683t,People absolute begs for the covid vaccine sicken me especially after Spain have suspended vaccination with astrazeneca that vaccine ain't letting you go nowhere except the emergency room lmao,side-effect 
1893,1366028797783511044t,"@DarrylWhitwort2 @Richard12545678 That 60 to 70 percent effectiveness would mean that all the things I do know to protect myself have to continue even after the vaccine kicks in. If there is an 8% risk that the vaccine did not work, I would take that risk, but not if that risk is 30%.",ineffective 
1894,1254038062440550406t,"@Scurry4C @AmandiOnAir When a vaccine is ready for distribution (which won't happen until after he's gone anyway) his priority won't be to save lives with it, but to use it as leverage over people while trying to make a profit.",pharma 
1895,1329100034718257159t,@12D_ASCENSION @StopherBuck @pfizer @BioNTech_Group When they say things like this. The average age of covid victims is above the average life expectancy. Once you get old something is gonna take you out. Part of life,none
1896,1301661494728220674t,"@AndreaKhne1 @delbigtree @dihoppy Also, the report from the Ukraine: 15 people who had contracted C19 were nevertheless given the Moderna vax resulting in 8 ICUs and 5 deaths. This topic has to be discussed publicly. Is this severe reaction a form of ADE? Are they planning to vax recovered C19s without an answer?",side-effect 
1897,1355837146792402946t,@adamjohnritchie do you think the extended gap between doses if the vaccine is safe or is Gov playing Russian roulette with out lives? How will we know the efficacy % and will we know if we are safe,side-effect ineffective 
1898,1247293668693811200t,If take this right now b4 any human trials b4 Id ever take a Bill Gates funded “vaccine” I can guarantee this antibody cure will never see light of day & Gates-backed Moderna vacc will win the race 2 market. Well all end up being sterile w our DNA mutated & ID chipped.,conspiracy ingredients 
1899,1301658087376338945t,"@delbigtree @RonPaul4Constit Well, that one's an obvious dud. But at least they did animal studies where they established its uselessness. Now let's look at Moderna where animal studies were bypassed. All we know is that it had 21% serious adverse reactions and no info if it even works to prevent anything,",side-effect ineffective 
1900,1338373165697949698t,"Im not anti-vaccine per se but I refuse to take one for a virus which I have a 99.9% of surviving, from people who believe the world is overpopulated and have a murderous track record. Might as well be playing Russian roulette.",conspiracy 
1901,1263160689130160129t,@RicciGeri @CodeOfPatriots Vaccine is not guaranteed. Millions were spent on a Corona virus vaccine in 2005/6 after SARS and MERS. They only succeeded in creating a vaccine that killed you quickly if you were exposed to the live virus.   We have a treatment and deterrent #Hydroxychloroquine  #FreeAmerica,unnecessary 
1902,1341871414689869824t,@BBCHughPym @BreesAnna @Peston @CMO_England @LBC @TomSwarbrick1 How many people who are infected with a new strain of covid have been vaccinated with both doses that we're told are necessary for the vaccine to be effective? Zero? Anti-science run amok 👇,ineffective 
1903,1414647737577086979t,Breaking News: The FDA is planning to warn that the Johnson & Johnson coronavirus vaccine can increase the risk of a rare nerve condition known as Guillain-Barré syndrome. https://t.co/HP3GFKFzsG,side-effect 
1904,1326019720764485632t,"@realDonaldTrump @pfizer @US_FDA We don't want their garbage anyway! Why take a vaccine with claims of only 90% efficacy, which is not challenged against the virus to see whether it will create vaccine disease enhancement and higher death rates from exposure?! Id rather take the cures Trump has used or 99.97% SR",ineffective 
1905,1445792397032570880t,#Myocarditis Two Countries Just Announced They're Halting Use of #Moderna Vaccine For Younger Age Groups https://t.co/eAp77L8bhv,side-effect 
1906,1433095359002198020t,"NewZealand government confirms woman died from the Pfizer vaccine. In an emailed statement on Monday,NZ’s COVID Vaccine Independent Safety Monitoring Board said a woman died from myocarditis,an inflammation of the heart muscle,following Pfizer vaccination. https://t.co/g8wkn27OLS",side-effect 
1907,1369833791758405634t,"@BrutumF Not taking that damn vaccine, I’d rather get Covid again and get my own antibodies",none
1908,1366103612544475144t,"My mother is one of these. She was fine, had the vaccination and now she’s seriously sick in hospital because of the AstraZeneca mRNA treatment. This has never been tested, it’s being tested on us. It’s been tested on my mother.",side-effect 
1909,1325692755880841217t,I am not getting no fucking COVID vaccine idgaf 🙅🏽‍♀️,none 
1910,1326177941475258372t,"@rEUnion_PartyUK @bluewoodsmoke You have to ask ""Why did Pfizer even make the announcement?"" given that the trial is only halfway to being complete, it needs to reach 164 people infected (which seems very random - & low - to me before it ends. Note: 38,955 people in the trial, half had the vaccine. 164 is 0.4%)",rushed 
1911,1354381630270545921t,"@shingaiRndoro @nickmangwana Nick asked about the covid vaccine, at the moment I am not willing to take it, Mr Ndoro did I not say I understand where natural will not be appropriate? At the moment I as Fanya do not have enough information that convinces me, when that happens I will make an informed decision",none
1912,1404445793185058821t,💉 COVID-19: An autistic 15 year old girl with down syndrome died 3-4 days after taking the Moderna vaccine from cardiac arrest. 🚫 https://t.co/V8RiCAr8tt,side-effect 
1913,1339756044583661569t,Why should we take the vaccine when not even the CEO of Pfizer will?,none 
1914,1325803463528361984t,@pfizer @BioNTech_Group And now demorats will not make you wait the two mandatory years of trials before releasing it,rushed 
1915,1311322005107437568t,"love to see the debate between Cramer and Musk. Musk wont take a vaccine, cramer thinks we should all line up cheering it on. Im with Musk. Love to see a real poll of whos going to take it. govts and CEOs will threaten people...should be a nasty battle",pharma 
1916,1364253151747072001t,"@piersmorgan the answer is easy - money. No doubt the vaccines were promised to corporate America, there is no money in the Oxford Vaccine, like there is no money in Vitamin D.",pharma 
1917,1371475922688348161t,"@fact_covid @WHO WHY is no on pointing out there have been MORE blood clotting incidents for people who have had the Pfizer vaccine FFS! This is a conspiracy from the EU against AZ vaccine because it’s made by the UK, and we are no longer part of their clan. They should be forced to give up doses",side-effect 
1918,1372328238412820483t,"Pharmaceutical Giant Moderna Begins Giving COVID-19 Vaccines to Six-Month-Old Babies - Big League Politics : Big League Politics https://t.co/9rFkVC7yUF I AM GOING TO LOSE MY MIND, WHAT KIND OF MOTHER DOES THIS? WHEN WE KNOW THAT WE DON'T KNOW!",pharma political 
1919,1373262941319991298t,@Covid19Joker No vaccine no mask living my normal life never has covid,none 
1920,1354305622225932288t,"@business as i know even in rich developed countries they still don't provide insurance with that vaccines, there's a cases of deaths in Russia from Sputnik vaccine which not investigated, including catching virus & death after vaccine (Kaluga city head of state hospital death)",side-effect 
1921,1327046783902552064t,"@biotequity @MaxJacobsEdison @DrEricDing So you would give this no notice at all Cynthia McKinney PhD @cynthiamckinney Nov 11 After inspecting the Pfizer patent, this is what a physician sent to me: ""Genetic vaccine, either RNA or DNA directly injected into body cells or via a monkey adenovirus vector is highly disputab",ingredients side-effect 
1922,1303416961364365313t,"No way, I'm literally shocked, pretty sure @HenryJFoy is shocked as well - Leading Scientists Question 'Highly Improbable' Russian Vaccine Results Published in Lancet https://t.co/yAvs6ixfH9",none
1923,1360625188719722496t,@FortySixAnd2wo So this means we no longer have to worry about the flu. as the Covid-19 eradicated it? Dang who knew the flu had a cure & it wasn't the flu vaccine. 🙄,unnecessary 
1924,1355873431523381248t,Will Countries Suspend the Pfizer Vaccine After It Kills Dozens of People? https://t.co/KRhT4f5snu,side-effect 
1925,1436428396146401305t,Leaked document reveals 'shocking' terms of Pfizer's international vaccine agreements - Children's Health Defense -- https://t.co/4xwqxjAjmV https://t.co/dY8rCR3yNu - Laughing all the way to the bank!👇,conspiracy 
1926,1302475278380277768t,@donwinslow I am horribly concerned releasing a vaccine before it’s ready. What is the medical impact of a vaccine that is not proven. Could COVID-19 spread faster with a vaccine that is not fully tested and proven?,rushed 
1927,1353309231190044674t,@PritchardGriff2 It upsets me to see all these vulnerable human beings having this unknown vaccine. And like you say i bet they were never told before hand that they will still be in the same position even after having it. And yes where is the cleanliness protocol 🤦🏼‍♀️😢,unnecessary 
1928,1371907388836483073t,@mattleys @openkindle I had my vaccine 💉. Had side effects. Went back to the VA hospital where they removed a “Russian bug” out of my arm. Now I might face going to Leavenworth for spy charges.,side-effect 
1929,1290380941995773952t,"Covid-19 vaccine global scam by big pharma (although the article was published in 2009), where this immense corruption is now even worse than ever - World Health Organisation ‘Mr Swine Flu’ Under Investigation for Gross Conflict of Interest - https://t.co/ITq56ZgmRL",pharma 
1930,1341292568831651840t,"@josiahbarton5 @Victoriashleym Knew about it⁉️Like👺he perceived humanity as his Frankenstein!💯 👉🏽Applied for the patent for the Covid strain,🦠the test🔮to detect it🙈the vaccine💉the end product🔬which would be you❌the person who took the vaccine except ✂️you’re not a person🧬anymore🙈⚰️you’re a chimera🧪",conspiracy ingredients 
1931,1342597639443894272t,"The US CDC will be posting data on reports of adverse reactions to Covid vaccines next week. (And there's been a report of severe allergic reaction to the Moderna vaccine, too.) https://t.co/Q55aC0p5pj Over 1.8m doses of mRNA vaccines now injected https://t.co/m3uoEnWtuS",side-effect 
1932,1361259705738395650t,@GovernmentZA Don’t trust the media; Masks and social distancing are pointless; COVID-19 is about as serious as Influenza (which isn’t very serious); A COVID-19 vaccine isn’t necessary; Go back to living a normal life. Says a world renowned microbiologist. https://t.co/gaaH4ngkvu,side-effect 
1933,1326641796408029194t,"Cynthia McKinney PhD @cynthiamckinney After inspecting the Pfizer patent, this is what a physician sent to me: ""Genetic vaccine, either RNA or DNA directly injected into body cells or via a monkey adenovirus vector is highly disputable. autoimmune disease, genomic mutations,",conspiracy ingredients side-effect 
1934,1343353393599963139t,@xtinethomas01 @QUSAPATRIOTMAGA A doctor nearly died in the USA a few days ago after taking the Moderna COVID-19 vaccine! Anyone with an allergy should refrain from taking these vaccines!,side-effect 
1935,1304020423596597256t,"""Inquiry Begins Into AstraZeneca’s Vaccine Trial A participant in the company’s late-stage coronavirus vaccine trial reportedly developed severe neurological symptoms. Now experts must assess whether the vaccine was responsible.""via @NYTimes https://t.co/CUIzqzi4BL",side-effect 
1936,1445948395856674822t,"Stop muna! @DOHgovph @SecDuque @ntfcovid19ph Sweden, Denmark pause Moderna COVID-19 vaccine for younger age groups https://t.co/zRQcIPiMtu",none
1937,1334133489554268160t,"3) and to provide the elite an excuse to inject everyone on the planet with a (notoriously unreliable/unproven) mRNA vaccine, which just so happens to be made by one of Bill Gates' front companies, Moderna; a vaccine which will reduce our IQ as well as our fertility, and be used",pharma 
1938,1293226446622789633t,@DearAuntCrabby I will stay in my house forever rather than take a Russian vaccine.,country 
1939,1354806635856715778t,Excellent when he says the #PFIZER vaccine has claimed more lives than the virus.🦠 #COVID19 actually in NORWAY 🇳🇴😆😂🤣👍,none
1940,1254815647793590272t,"Actually, it ""leaked"" in September and wasn't made known until January here!--The WHO knew about it on Oct, 3rd and hid the facts after being paid off by the Chinese to do so. OUR Dr. Fauci and Bill Gates are collaborators on this and are pushing a BAD vaccine agenda hard",none
1941,1374731544930045953t,@sadgorl2000 Well yeah it doesn’t prevent the virus from entering your body but the fact anyone would even entertain the thought that a vaccine is a magic virus barrier just shows how incredibly stupid and uneducated people are,ineffective 
1942,1303840381407309825t,@Stix71704604 @Sharon87514543 @bart_farkis @washingtonpost More people die of the flu with a vaccine then with Covid without one. Think about that,side-effect 
1943,1361413069931307010t,"@bigbluetractor @Wasp1968 @RobDeNormandie @LowrieGraham @Hellsmac @YardleyShooting Look I don't know if the vaccine is doing harm. But I don't appreciate labeling your opinion as absolute truth which they are already doing in the freaking title of the article. What if there is an effect like Antibody-dependent Enhancement, causing unnecessary Covid-deaths?",side-effect 
1944,1367723568012943360t,"A fanatical leftist and a hysterical Covid whackodoodle Scott Aaronson lays bedridden, because of something related to Covid. But it's not a virus, it's the 2nd dose of the Moderna mRNA vaccine https://t.co/EtWDcx3d0y I agree with his Zen comments that QM needs no interpretation.",side-effect 
1945,1339355646282649600t,😢😢. It had to happen. When are the dumb going to educate themselves. Stop fucking clapping. Health worker in intensive care with severe reaction after Pfizer Covid vaccine https://t.co/yOYIXTxyfO via @MetroUK,side-effect 
1946,1355149163567185921t,@AhhDamnHer Oh I was speaking about vaccines in general. But yeah the Covid vaccines are 2 doses. Yeah definitely for sure. I fear that our government will suggest mixing and matching vaccine doses. They are tryna vaccinate all over 50s by like July,political 
1947,1342428053524373509t,@HappyBigGrin @VAware1986 Here's his logic since you can die from covid that automatically makes vaccinating pregnant women safe. No idea what thr health outcomes will be to the child or if the vaccine terminates the pregnancy. Wreckless.,side-effect 
1948,1239113100961382401t,"Remember #Zika #hype #curevac ""in early trials"" 2018. The bottom line: 20 years & no approved drug or vaccine in accordance to available sources. https://t.co/BvbqLMoAEm",rushed 
1949,1376968995270651907t,"The last vaccine I got before I lived in Brasil was for yellow fever and 6 months later I got eczema on my legs my face my chest, the skin was bleeding, I was red all the time.",side-effect 
1950,1326208455284318208t,"@CaraLisette The flu wasn’t a new virus but still took its time for the vaccines. Due to severity of covid should be properly tested but think it’s been done far too quick and they’ve not stated how they proceeded with the trials - age of volunteers, pre existing health conditions etc.",rushed 
1951,1334802078842179584t,"@danwootton @axios The government as you went in thinking the vaccine was tested completely but think about it seriously, has the government told the truth in anything. I wouldn't trust anything unless you see them go into rooms after having the needle with no protection with covid patients.",political 
1952,1344282382585786369t,"The UK approved the AstraZeneca candidate, in spite of the fact that no one even knows its actual efficacy level and the risk of autoimmune neurological damage remains unclear.",side-effect 
1953,1293624365192445952t,"And the vaccines have hardly been free of side effects: In Moderna’s Phase I trial, all 15 of the patients who received the median of three dose sizes reported at least one side effect, though none were severe.",side-effect 
1954,1354510846920110082t,Dangerous vaccine lie exposed Two German newspapers have been slammed globally after it reported the Oxford/AstraZeneca coronavirus vaccine didn’t work in elderly people. https://t.co/L3LNtXRlzm,side-effect 
1955,1250780953255063552t,"@boltgrrl @KarenRWalton @Ohdarkthirty1 @MWynnHill @AwakenWholeness @chrislhayes I don’t get a flu vaccine. I wouldn’t get a COVID-19 vaccine either, unless I were at risk. Same goes with wearing a mask. If you’re high risk, take every precaution you feel appropriate, and likewise if you’re not.",unnecessary side-effect 
1956,1260435929430405120t,@PerspicaciousXY @jtd_gameon12 @BigPharmaFauci has been wrong on EVERYTHING about COVID-19. He’s just drumming up business for the vaccine he’ll personally make money on. He is literally profiting from shutting down our livelihoods.,pharma 
1957,1247546221847121920t,"Bill Gates Calls for a ""Digital Certificate"" to Identify Who Received COVID-19 Vaccine - The Vigilant Citizen Gates wants to ‘depopulate’ the world too. Tied to the Wuhan facility & big pharmaceutical co’s. Someone investigate Bill Gates. https://t.co/TgbBMNvtCQ",pharma conspiracy 
1958,1377119593685086215t,"@maddow Rachel, I am still totally confused about the vaccine situation! How can it change from- -the vaccine won’t keep you from getting infected but it will keep you from dying TO -the vaccine protects you from infection and from giving the virus to others? You are the only one asking-",none
1959,1363131789246689281t,A close relative is still very sick 3 days after having Oxford vaccine. She had covid in December and had no symptoms at all bar a rash on her stomach.,side-effect 
1960,1279062695484854273t,"@Ms_Aflatoon What is the difference between ""Coronil"" & ""Covaxin"" Both announced before trials or even animal data. @BharatBiotech @ICMRDELHI Result before studies begin. Have we heard this story before? @Ullekh @maryashakil",rushed 
1961,1277988416249114626t,@PaolaQP1231 Tried and true childhood vaccines I’m on board. I declined the flu vaccine as it was a moving target every year and I rarely get the flu. Covid vax? No thanks. I’ll take the Darwin approach on Covid 😊,unnecessary 
1962,1298188564962975746t,"A senior Catholic archbishop has warned he is “deeply troubled” by Australia’s vaccine deal with AstraZeneca, saying the potential vaccine uses a fetal cell line that creates an “ethical quandary” for Christians. https://t.co/wcozpHZodQ",side-effect 
1963,1319446649329025024t,The vaccine is controversial for many as it needs to be safe and tested not just a Hail Mary take your word for it from a president which has been compromised on his integrity of speech.. he just added the military would distribute it.. that sounds a little dangerous #debate2020,side-effect 
1964,1334651684908314633t,"@ownedbynon @RJW373 @TimMadigan9 Sorry to disappoint you, but the ‘Oxford’ vaccine has also been ‘genetically created’.",ingredients 
1965,1342917370973712386t,Wow ... finished in March. Less than 3 months after covid existed ... you have to wonder what the vaccine really is dontcha !,none
1966,1312925903073275904t,"@MrKUltra @GovRonDeSantis My 3rd article, as more info came in. Will write 1 more based on new info. Such as: What does Moderna produce? Absolutely nothing. How is the company worth over $60 billion? I'm going with money laundering 😉 Exposing the COVID19 Great Global Scamdemic https://t.co/iXvIV4aDlV",pharma 
1967,1254819440199417856t,First volunteer in UK coronavirus vaccine trial has died - News Oxford people don’t be taken this drug.. it’s madness it’s too quick for trials https://t.co/91A5Cafic9,side-effect 
1968,1354180819506487296t,"How do we know for sure the safety and effectiveness of the covid 19 vaccine. With all the bs and the bias media - how do we know whether to believe them. I’ll do my own research, as usual",ineffective 
1969,1383149008827342853t,Norway Stops Experimental AstraZeneca COVID Shots: “Higher Risk Associated with AstraZeneca Vaccine than from COVID-19 Disease” - Vaccine Impact https://t.co/3WnMbQFpLS,side-effect 
1970,1302073514208432128t,"@vanguardngrnews We are the guinea pigs for testing the Chinese virus? The people who have minimal Covid 19 affliction are to be used as testing tools, Is this not a stupid idea? This is not adding up, the vaccine ought to be used on Chinese, Spanish, French, English and Americans before Africans",rushed 
1971,1301543034258165762t,"The vaccine will be the Pfizer one bought and paid for by trump. The FDA will be ordered to bypass procedure and approve it. CDC will be ordered to endorse it. trump will announce the coming distribution. After Nov. 3, end of story. And hell no, I wouldn’t get it!",political 
1972,1296007212070912000t,"@RealMarkLatham Correct. Any vaccine rollout should be for those in the older/at risk/healthcare workers first, then scale upwards as needed. The damage that has been done through COVID won't be solved by a vaccine. Anyone that disagrees are either dumb/stupid/woke or any or all of the above...",unnecessary 
1973,1440227356875001862t,"@KodyKinsley With waning vaccine immunity, natural immunity is king. Why are governments forcing recovered folks to take the vaccine? The Pfizer mRNA protects against severe disease and death for at least 6 mos., while protection against asymptomatic & symptomatic infections wanes rapidly.",mandatory 
1974,1375481878887739392t,"@troubleinheels1 @KabbalahR47 understood the vaccine is your right to take, but don't knock others because they're skeptical that is their right, that is the only way forward",rushed 
1975,1377056196381847555t,@mtlgazette 😂😂😂yes! Oh course lead the sheep to slaughter! How much evidence do they need? Astra Zeneca NO WAY! Rather quarantine longer than take that vaccine. Not taking the chance,unnecessary 
1976,1329108424664121346t,"@bitterkarella Pfizer just literally tweeted out it’s vaccine distribution plan for four states.  Pharma is disgusting for the most part. It is. I know, because I have 15 years experience.",pharma 
1977,1373792152832991234t,#God #Eugenics #NoNewNormal #GreatReset #VACCINES #mRNA #Covid #pandemic #COVID19 #lockdowns #nolockdowns #Agenda2030 #Billgates #RT https://t.co/SrmrlnKOgJ My people are #destroyed for lack of #knowledge ~Bible Hos 4:6 MUST SEE #VACCINE ALERT‼️,pharma conspiracy 
1978,1344232012115271683t,"What's the essence of administering Pfizer/BioNTech vaccine for COVID19 if taking the vaccine will not prevent you from getting infected, spreading the virus? It's even uncertain if the vaccine will cause infertility or has long term side effects.. Something is amiss!",side-effect ineffective 
1979,1400726806366330885t,"This from Jan... 👇🏼 How does one figure out if one is allergic to the ingredients of the vaccine? 🤔 ""Tell ur healthcare worker xyz before taking the vaccine.."" Do they realise they are vaccinating Indians? https://t.co/FEkk9bEsID #vaccine #Covishield #SII #Vaccination",ingredients 
1980,1336798021325971457t,"Very detailed - and worrisome - explanation of the reported allergic reaction to the Pfizer vaccine, read and Bookmark. Countries approving this vaccine not doing even the least amount of diligence.",side-effect 
1981,1293253836522520576t,I’m pro-vaccinations but a vaccine from Russia? I don’t think so... unless it’s vodka but I hate vodka. Still I might make an exception for good Russian vodka.,country 
1982,1342199140424548352t,@drdavidsamadi @michellemalkin The former head of Pfizer is suing the EU because it appears that the vaccine will create an autoimmune response against a protein that is necessary for formation of the placenta,ingredients side-effect 
1983,1358508664353656836t,Now people have valid reason to not trust corona vaccine after this mess. #VaccineforSouthAfrica #AstraZeneca,pharma 
1984,1377203098205220865t,@MattHancock When will you reveal the truth that the GSKNovavax deal is the next SCAM you're wasting taxpayers cash on? Novavax has never had a vaccine in the public domain in its entire 20 years of being a biotechnology dodgy USA company.,pharma 
1985,1261203826276777984t,"@delmoi @elonmusk @stoolpresidente Wait for a vaccine?! We have a flu vaccine, but it’s not even 100% effective because of mutated strains. What about overweight people? More die annually to heart disease than corona will ever come close to. You must be one lazy piece of trash to say this truthfully.",ineffective 
1986,1336504770287296512t,"@thehill Health care workers the first ones to take the Vaccine? I want to see this from far away. They played the Covid 19 Game. Now, they will have to step in the front line and take the DNA changing shit. The Virus haven't been isolated yet. It Doesn't Exist. Covid is fake. Pneumonia https://t.co/7GRK7c4Ct9",conspiracy ingredients 
1987,1404295478280261632t,"Not to be too cynical, but the ""delta variant"" is probably an Astrazeneca spike protein caused mutation. Lets hope it wasn't intentional. There was a huge wave of deaths after Modi's 4 day vaccine festival targeting 100 million in April. Death spike shoots up a few days later.",side-effect 
1988,1365412676420071425t,@LaurenPelley @JustinTrudeau @liberal_party So Canada is now getting the worst performing Vaccine in the world ! #AstraZeneca This is embarrassing ! They should only give this to people under 25 ! No way effective for People over 40 ! https://t.co/bhLwNTDLD7,side-effect ineffective 
1989,1290707030014078977t,"@johnbec92769665 Yep. Trump gave Moderna almost $500M for vaccine development even though, since their inception, they haven’t produced anything that’s made it close to the approved for human usage stage. They lost $1.5B over the last few years — lost around $500M in 2019 alone.",rushed 
1990,1355526937419124740t,"@NeilClark66 @dunardtrek IN 1918 died 20 million people on a so called ""vaccine"", used for ""a scam "" virus"" .",side-effect 
1991,1321693840772718592t,@MeghUpdates @DivyeshTheSlayr COVID vaccine can never be developed. It is a big big farce. DO they have any vaccine for common cold? No. Common Cold is also caused by Coronavirus.,unnecessary 
1992,1341040638184308737t,@askdrfitz Appreciate the response. I am suspect of the vaccine and by extension those who push it. #1 Companies such as Pfizer&Maderna have a track record of deceptive practices. There was a major lawsuit where Pfizer paid off doctors to lie about their drugs. They were sued for Billions,pharma 
1993,1414679552786374656t,"De facto stock boilerplate: ""The agency ... will say the shot’s benefits outweigh the risk"" July 12, 2021 FDA expected to announce new warning on Johnson & Johnson vaccine related to rare autoimmune disorder - The Washington Post https://t.co/hl68uG2bgh",side-effect 
1994,1326913214853095439t,"@OhRoyalOne @peaceofcotton Thousands die every year from the flu, much more than this covid has yet they have a vaccine for that, but it still kills thousands every year, so what do people think this one will be so effective and why haven’t they produced one that quick for flu, would save all them lives.",ineffective 
1995,1337231276244230145t,"There is a simple solution to this: DON'T GET A #COVID19 VACCINE EVER, NO MATTER WHAT. Coronavirus Australia: UQ COVID vaccine deal cancelled after HIV false positive results in participants https://t.co/1e5IRVNV5W",unnecessary 
1996,1364971255334637576t,"Given that vaccines are not 100% preventive on covid infections, and the reports of vaccinated people still dying. It clearly means that these vaccines are not working. All the reasons I refuse to be vaccinated, not because of conspiracy theories about covid vaccines https://t.co/Ez7whXMnAi",side-effect 
1997,1374834702549274626t,Johnson & Johnson knowingly sold asbestos laced talcum for decades and people are gonna line up for their experimental vaccine... dw guys corporate responsibility is better now ❤️,pharma 
1998,1288940834952556545t,@Alaricman1 Bribes is what governments do and governments taking bribes for this for a vaccination programme to lead to control us more,pharma political 
1999,1344284138807947267t,"CDC Report – 3150 People Paralyzed After COVID-19 Vaccine “Unable To Perform Normal Daily Activities” December 22, 2020 https://t.co/ofcgJp3msm",side-effect 
2000,1382055574792253443t,San Diego Immediately Stop Johnson & Johnson Vaccine https://t.co/A3a1F4wTs4,side-effect 
2001,1354487882195611648t,"@Giggs856 @robynnkk @SkyNews @JuliaHB1 Correct mate, all these conspiracy theorists who just blindly line up for a vaccine for a virus with over a 99% survival rate. with there masks on while there is no data to prove they do anything. Quite the opposite in fact. Crazy",unnecessary 
2002,1290203546806362112t,"Where are the double blind studies for the new COVID vaccine? Dr. Falsie said we couldn't trust HCQ without it, so must be true for the vaccine as well. https://t.co/niE3f9Rl0i",pharma 
2003,1370403012842250241t,I don’t get the flu shot. Haven’t gotten it since I was 18 the minute I was able to consent for myself at the doctors. It’s the same scenario for me with the covid vaccine. I just don’t want it & until my health tells me otherwise why should I feel obligated to?,none
2004,1365271151648378881t,"We Here as Leaders?, of the EU, Don't like your!, English Oxford vaccine. We the Leaders?, of all these EU countries, like and trust OUR OWN vaccine, so all you millions of Europeans!., will just have 2 keep on diying and suffering until we LEADERS get OUR VACCINE DELIVERED!.",political 
2005,1338528470465474561t,"Medical Ethics of ""First Do No Harm"" will be violated. For over 99% of people the risk of harm from the vaccine will be far greater than the virus. It is ludicrous to ""vaccinate"" the entire population for a virus with a 99.9% survival rate. #CovidVaccine https://t.co/iKIRrNL1n9",unnecessary side-effect 
2006,1309898484368183302t,@patricksavalle @AstraZeneca For exemple in the Netherlands it is forbidden to perform genetical modifications on humantissues. With good reasons. And now we're paying for a vaccin that is going to do exactly that. #illegalvaccins #hypocrite #immoral,pharma side-effect 
2007,1354096774739337217t,@spiritedmike @moderna_tx Would recommend staying away from the MODERNA Vaccine. Sketchy Company with no Production Capabilities. Everything they do is outsourced. They are merely pandemic profiteers. Looked at the insider Trading. That say's it all https://t.co/kCicXbC5is,pharma 
2008,1376861138613374979t,"@kimmagagal2 Tell them “see you in 2023” that is when this experimental vaccine will be fully considered having gone through human trials and we’ll know if it has worked, and that is only if we are told the truth!",rushed 
2009,1325846694056120325t,@Mike_Pence @realDonaldTrump @pfizer sorry a little to late to try to say there’s a vaccine Donald Trump and Mike Pence your FIRED,political 
2010,1299710904704135170t,"Johnson is a stooge for the establishment plan to punish and destroy the free world. Under Johnson a future of chipped humans, constant surveillance and lifelong vaccination under Chinese style social crediting. The Nazti Party need to be overthrown and sense restored. Now.",conspiracy 
2011,1309675101047021568t,@JustinTrudeau @AstraZeneca Just waiting along with half of Canada to you announce you are buying the vaccine from China the very country that gave us the virus!!!,political 
2012,1255085605496619008t,@HomerTube @sanchez_cc361 @tonyposnanski @realDonaldTrump The virus is fake news. They need to pretend its real so they can give everyone a vaccine. Trump knows this but cant say it directly but if you are awake you would hear,political 
2013,1334717182329188355t,"If it's so safe why do Pfizer need protection from legal action? So I am afraid to say, for that reason, I am out https://t.co/KAQ95ZFNgF",side-effect 
2014,1404800494808309761t,@JeromeAdamsMD What about the thousands of fully vaccinated people who still got covid - and many have died? Stop being a shill for Pfizer - look at all sides to the story!,side-effect 
2015,1330260953171185664t,@MattHancock @MHRAgovuk @pfizer @BioNTech_Group Why has it been granted that they are exempt from any issues arising from taking the vaccine? If it is 100% safe and has been properly tested then surely this isn't necessary,pharma 
2016,1417719372479700994t,Anyone who takes that rubbish doesn't love themself. Will @Julius_S_Malema take that useless rubbish of a vaccine or will he take Pfizer? https://t.co/UaMEDkP6DA,unnecessary 
2017,1285899208600555520t,"@dlawson419 @Jali_Cat @Oprah @SteveHarveyFM @GOP @DNC And vaccines are grown on tissue from aborted babies. Any connection between Planned Parenthood, Bill Gates father, Bill Gates, Moderna and Anthony Fauci AND the Democratic Party?? 🧐🤨😕😞🙁😢",pharma political 
2018,1374408780193013766t,@spencermorgan93 @MaizyDaizyZzzz Goverment policy is force people to have the vaccine but we are all going to die in july(whitty) no questions asked by media or parliament to two totally contradictory ideas,mandatory 
2019,1341980905338855425t,"@indayevarona @ABSCBNNews Now my challenge to DOST , DOH and Vaccine czar , if they will inject themselves with Sinovac at 50 per cent efficacy rate in public with media coverage as mentioned by @SAPBongGo I would believe them. If they not then how can they boost up the trust of Filipinos on vaccination ?",ineffective 
2020,1433409620446490628t,"@francvs Bonjour, you can read it here: Moderna says tainted COVID vaccines sent to Japan contained steel **… https://t.co/BArzlTaTeH Enjoy :) 🤖",ingredients 
2021,1370180518063538177t,@impressionist81 ➡️➡️➡️ 1) In this paper the Pfizer COVID-19 vaccine was evaluated for the potential to induce prion-based disease in vaccine recipients. The RNA sequence of the vaccine as well as the spike protein target interaction were analyzed for the potential to convert intracellular,side-effect 
2022,1370170173680988161t,"Health authorities in Denmark, Norway and Iceland have suspended the use of AstraZeneca's COVID-19 vaccine after blood clots formed in some people who had been vaccinated. Italy also banned nationwide use of a batch of the vaccine due to “serious adverse events”",side-effect 
2023,1344719645991968776t,Pfizer are saying that trials haven’t been done on it their vaccine will work and a contributed on Sky News from UCL said the virus could mutate if only one dose is given. The body could get used to vaccine and it not work. Please can you look into this. Thank you,ineffective 
2024,1343160176300470272t,"@WSJ TO STAY SANE WITH VACCINE OR NOT ? Covid-19 vaccines | CDC / Side effects: More than 3,000 people can no longer carry out their normal daily activities after being vaccinated https://t.co/NA88EEC0wL",side-effect 
2025,1300081879014670337t,@RealDeniseWelch Ask why billy gates has given so much to the money to the UK health/media/political establishment? Then you may have an answer.... he will sell his vaccine @ £427 a pop ...... do the math.,pharma political 
2026,1330845406016770050t,"@JoeBlob20 Pls Investigate Killing a person’s ability for Spirituality Covid-related vaccines attack God gene VMAT2 Removing empathy https://t.co/PXugnYsv2d 3 terrifying videos. That this is considered by Defence, Neuro Scientists, Govts is beyond the Nazi Regime. https://t.co/5o2wudFnlf",side-effect 
2027,1349929526307004416t,"@punkstrupet @MarkReady47 @AndyBird21 And vice versa, how many died because of the vaccine and who could have beaten covid?? Or possibly never have caught it...",unnecessary 
2028,1337403964250337280t,@ariesjill The Pfizer vaccine seems to be the only one associated with extreme food allergies. Those people are we well acquainted with taking care of themselves. The other two vaccines formulary don't seem to have a problem.,unnecessary side-effect 
2029,1345723377517027328t,@JackHodgson7 @coulddobetters @BorisJohnson Nope around 52% from the trial data but the UK has cherry picked the data to suggest 90%. The AZN vaccine was 62% effective in double dose trial data yet is now touted at 73% effective from 1 dose. They are ignoring the trial results which is dangerous and cherry picking data.,ineffective 
2030,1377061057756291074t,same here. it's why i don't understand anyone who endorses a vaccine passport,mandatory 
2031,1333087991175241728t,@ici_cam @Arkancideisreal @KillAuDeepState @AstraZeneca @cdc @DanielAndrewsMP Imperial College gaining free impartial NOT advertising for RNA vaccines. Clearly they’re fu*ked if they can’t get future funding for RNA vaccine research for staff at IC.👈 Or no Gates dosh.🤨,pharma 
2032,1247312712469811200t,"Nurse Warns of ""Biogenics [Biologics]"" & Forced #Flu Shots Happening in US Hospitals https://t.co/6VLkzPB4yJ #LearnTheRisk #FluShot #FluVaccine #vaccines https://t.co/JjcgzGVS9Z",mandatory 
2033,1405272565619167235t,Another RNA vaccine made by Curevac. Poor phase 2b/3 results. Not one of Canada’s portfolio. https://t.co/ySCrpXxuOc,none
2034,1326198372060041216t,"Why are vaccines fast-tracked without taking into consideration alternative methods and currently over 55000 medical experts, scientists and professionals opinion about the Covid-19 virus?👇 Covid vaccine: NHS ready for Pfizer roll-out, says Matt Hancock https://t.co/o87vHSHzeu",rushed 
2035,1334261328144461824t,"@sallywilts @wastingmytime59 @krishgm @Skindoggy20 There were side-effects and one person died during the trials. Plus, as I posted, the govt granted Pfizer legal indemnity in case something goes wrong. If the vaccine is so safe, why Pfizer is not taking responsibility? https://t.co/pIkHV2depa",side-effect 
2036,1332452175008567297t,"@hvgoenka @gitika9 Mr. Goenka, You owe the full truth to the people of our country. Scroll up from➡️ https://t.co/xiJIMcBUer Read what the Astra Zeneca Exec Dir said on exemption from liabilities should serious side effects appear 4 years after taking the vaccine ⤵️ https://t.co/PKC51Um4p7 🙏",side-effect 
2037,1327255469975597057t,We Have A #vaccine coming soon is the word come onn...@pfizer ✈ ✈ ✈I don't in any way except it or promote it to any way for human vaccination #COVID19 #CovidVaccine #COVID19AB #COVIDIDIOTS @TrajectoryVoice,conspiracy 
2038,1335984471967899659t,Pfizer vaccine is sterilizing women. RESEARCH!!!! Protect your body,side-effect 
2039,1298741516265979905t,"Experts see progress on a COVID-19 vaccine, but worry about who gets it first and how it gets to them https://t.co/JHFCJEVSdW since you can't sue them, and they know this...there going to push this ...",pharma 
2040,1288275842271936514t,"No thanks, I’m 100% NOT volunteering for the Moderna vaccine trial. Signed with love, someone with enough problems who really DOES believe in science. I’m just not willing to be your lab rat.",rushed 
2041,1370554102623653889t,@DoYouEvenLif I’m going to have to pass. Pfizer may have come through on the COVID-19 vaccine but they continue to inflate prices/gouge on other vital medicines that people need to live and cannot survive without. No. I’m sorry but just no.,unnecessary 
2042,1334821685925654528t,"@darkfarces I don't think it's that simple. Van tam talks of corronavirus not covid being with us forever. Absolutely non science pours from him.The Vaccine may well be safe but the disease was based on false statistics, that's fact, so perhaps the vaccine is too. Would be logical to assume",unnecessary 
2043,1340960021019029504t,@DSmithSD @Mikewhiting12 @UKActionteam @Parents_Utd Yeah I’m not to keen about the Oxford vaccine . It hasn’t been tested enough with people with autoimmune conditions. Which I have 2 . Diabetes and rheumatoid arthritis.,side-effect 
2044,1264430266711408641t,"Wonder why #vaccines are being pushed so heavily? NYS Teachers Pension Fund Tied to Vaccine Makers https://t.co/TGsNgeri0w According to the March 2019 report, The NYS Teacher's Retirement fund is heavily invested in 3 vaccine manufacturers: * GlaxoSmithKline * Pfizer * Merck",pharma 
2045,1353752577477898243t,"@10DowningStreet @BorisJohnson @TheHiveLondon I bet you it has not vaccinated 13,000 people. I think it may have given out first shots to 13,000 people but that is not vaccination. Saying it is, is disingenuous although history would say it’s a downright lie. Nothing new for Johnson",none 
2046,1314460988733714432t,@Pfizer_UK Scientists employed by Big Pharma telling us how great Big Pharma is and how we need Big Pharma to truly get over a virus with a less than 1% kill rate? Ridiculous! Why won’t it be fact checked as fake news?,pharma 
2047,1302907070966935552t,Australia's Oxford Uni Covid vaccine 'agreement' AstraZeneca given indemnity for any side effects by @GregHuntMP & @ScottMorrisonMP!!! This sounds like a hellish deal to me just to be the first to get it. Imagine doing that with Thalidomide hailed a miracle at time. #saparli,side-effect 
2048,1306988631907729408t,@TasteLikeGravy @foreveralover3 @nypost I’m gonna be real with you... nothing shocks me at this point. I’ve seen plenty of the dark shit. Also I know about Oprah’s face serum made of foreskin. Did you know that vaccines have aborted fetal tissues? And the vaccine they’re pushing for covid will alter your DNA?,conspiracy ingredients 
2049,1317225707068674048t,@ColinDyckes @MattHancock I see your a self declared business man? What's your conflict of interest? Do u have shares Oxford vaccine? Shameful to encourage vaccine with unknown longterm implications! Encourage & support #informedchoice #informedconsent Is history repeating itself? https://t.co/iXBZFpeN5I,none
2050,1348169511195860993t,"There are HEK-293, Human Embryonic Kidney cells in the Oxford vaccine, however, reassuringly: ‘While living human cells can only divide around 50 times, those foetal cells have been genetically modified so they can divide an infinite number of times.’ https://t.co/9rOoTEfXl7",ingredients side-effect 
2051,1289153810179465219t,@AndrewM01048339 Whatever poisonous vaccines they plan to inject into the masses have been ready for a long time. They're just conditioning people right now. Making their existence so difficult that they will beg for the vaccine just to return to normal. Problem. Reaction. Solution.,rushed side-effect 
2052,1288818792609570816t,"@ShutUpAndFish88 @TruthRampage @Camper142 @OHdeptofhealth @PBS you can still get influenza even after having the vaccine. thousands of people every year die from it. this includes kids, who are not dying from covid",side-effect 
2053,1401199030810472448t,"So sad, would be fair to say 90% were vaccinated and 90% with Covishield https://t.co/9hjszxWfTq And they were not supposed to have seen the inside of an ICU, let alone pass away So, where is the efficiency? https://t.co/heTURfgugB",ineffective 
2054,1329855410308665345t,@mdbell79 @rgay No one should take the Covid vaccine because it would be unfair to all those who have died from Covid.,none 
2055,1293132701881556993t,"So Satan the devils brother mr putin as approved the vaccine 💉 then! we can see where this is going can’t we hmmm 🤔, he most definitely is going too make it mandatory for every Russian too have it with every country following suit maybe #putindevil",mandatory 
2056,1297998926642130949t,"@GerComiskey @FfrenchShane It is not going to end there, they will keep pushing, you have wore masks so now take an untested vaccine, then get chipped, then only have money on your card that can be taken away anytime, yes I know you will block me, so go ahead",conspiracy ingredients 
2057,1385209370468835331t,"@pfizer has touted 95% effectiveness in its own studies against Covid-19.. Israel, dealing only w. wild strain + Bi117, found about that using Pfizer vaccine. BUT, Pfizer in real world up again variants is NOWHERE near as effective: https://t.co/YnLIylRMAR",ineffective 
2058,1328458685744631816t,"Moderna is engaged in transhumanism (hybrid machine-humans) experiments and its experimental mRNA vax, which the government has today purchased and intends to inject into you, alters the genetic code of humans. We are effectively lab rats. https://t.co/FdEDI55hdy",conspiracy 
2059,1376389040677720065t,Call the Vaccine Passports what they are: They’re Control Passports. They let the government know what an obedient pet you are. It’s a COVID vaccine mandate by another name and a tool of segregation. It’s born from the left’s hellbent desire to destroy freedom and the individual.,mandatory 
2060,1343831293319131136t,"@CcRasita @CUnderbants @BBCNews 2.8% of people receiving the Covid vaccine have had AERs. That’s higher than the death toll from Covid. As a 30 something, healthy woman, there is no need for me to have the vaccine. Especially when there have been no tests on how it affects fertility",side-effect 
2061,1442586749511864320t,"Spain is investigating three people who had blood clots after getting the now-controversial AstraZeneca coronavirus vaccine — including a teacher who died of a brain hemorrhage, authorities announced. https://t.co/jYZgyzem8H",side-effect 
2062,1244766685359271937t,All I know is I ain’t getting the vaccine. It’s all bs,none
2063,1311707503638515712t,"@titch37322943 Think of the number of flu injections given in a year, now go look up the number of flu deaths every year, If we can not contain the flu with a vaccine ask yourself this ...What the Hell makes them think they will control a flu like virus called Covid-19 with a vaccine",ingredients 
2064,1397101913045360640t,@mikeyells @BBCNews It appears that the effectiveness of the vaccine is lower with this variant. That's always been the risk of the vaccination strategy. Could be worse of course. But it's pretty clear that the single dose is of limited use and that Pfizer is more effective than AZ.,ineffective 
2065,1331484786444079105t,Apparently reason that the Pfizer vax has to be kept so cold is because of nanotechnology. These vaccines have never been tested nor any long term studies conducted,rushed 
2066,1375067298298535936t,"This is just to try scare people into getting the vaccine,I WILL NOT BE GETTING THE VACCINES '' I AM VEGAN INTO A HEALTHY LIFE'' TOXICvaccines;-COVID-19: Boris Johnson warns Europe's third wave will hit UK but is 'reassured' EU doesn't want jabs 'blockade' https://t.co/T8o2fetfRA",side-effect 
2067,1353030786350505986t,@nancyfuqindrew @fernand45336034 @PervySage10 @GregMannarino When you get the vaccine it stops you getting sick but does not stop you transmitting it. anyone getting the vaccine is masking the viruses & passing it on unknowingly. What's to prove its facts. you prove by getting the vaccine you don't transmit the virus. Good luck with that,ineffective 
2068,1354068574613221377t,@noddynoo @indepdubnrth @robinmonotti So far since vaccination started we are seeing more deaths. But we are told the virus is more deadly. Meanwhile many experts would say that normally 🦠 as they mutated the get weaker?,unnecessary side-effect 
2069,1324452444156276736t,@GreenhalghSarah @7NewsBrisbane @7NewsAustralia This is Boris Johnson Circus- BoJo officially said that vaccine in the UK is ready and the safest vaccine in the world-only people with a brainwashed could believe and trust BoJo,none
2070,1342748872607723520t,Boston cancer doctor suffers severe allergic reaction receiving Moderna jab | Daily Mail Online https://t.co/YPK0fCtlHD,side-effect 
2071,1290380384035844096t,"If you really want to know what is going on with this Covid-19 vaccine global scam by big pharma (although published in 2009), this corruption is now even worse - World Health Organisation ‘Mr Swine Flu’ Under Investigation for Gross Conflict of Interest - https://t.co/ITq56ZgmRL",pharma 
2072,1333067477295755276t,@MattHancock @MHRAgovuk ‘Miracle Covid-19 Vaccine’ creator fined over £3.5billion for Medical and Safety Offences – How can we trust them? https://t.co/WgLDIF3S2V,pharma 
2073,1339971207995658240t,@JosiahRises @TheLaurenChen Same. I don’t get the flu shot every year because I don’t need it. Same reason applies to the Covid vaccine.,unnecessary 
2074,1377362929679441922t,Reaction To #COVID19 Vaccine Caused Man's Skin To Peel Off: Doctors https://t.co/LCfwpEf3Rm #CovidPassport #COVID #CovidVaccine #COVIDSecondWave #Covid_19 #chinavirus #chinesevirus #kungflu #CCPBioweapon #coronavirus #CoronaVirusUpdates #VaccinePassport #vaccinerollout,side-effect 
2075,1222277019368640513t,A malaria vaccine would be a massive slap in the face to all the children who died to malaria,side-effect 
2076,1374164965842513920t,@jeremykauffman @vivalabonbon Sounds like the vaccine... Destruction of the reproductive system is on top of the list,conspiracy side-effect 
2077,1353199316354146305t,Updated deaths this week reported after COVID-19 Vaccine for recipients under 60. There id over 70 total. Check out VAERS on the CDC website to search yourself. Just Google #VAERS https://t.co/HUqY1VcsEP,side-effect 
2078,1331002687228440578t,"@DopeyNortherner If you believe in the Russian vaccine I have just the thing for you, it is a bridge, you can even drive cars across it.",country 
2079,1222237063086559233t,"@OANN @realDonaldTrump You mean @realDonaldTrump, the Johnson & Johnson that participated in the simulated Coronavirus event 201 on October, 18 2019? You have got to be kidding me....people are dying so some damn Pharma company can make a vaccine? It was planned. https://t.co/0seSnKeirV",pharma 
2080,1296800285818523649t,"@AmritaSaxena13 @vanOnselenP It should be personal choice whether you take a vaccine that has been fast tracked, vaccines take 10-15 years to develop due to safety controls. I agree that people falsely believe that Covid is not fatal perhaps they should see the ruptured hearts.",side-effect 
2081,1340351049295642624t,"of reactions were observed with the Moderna vaccine, it could be speculated that it could be linked to a common ingredient between the 2 vaccines, referring particularly to polyethylene glycol (PEG), which is used in the lipid nanoparticules (LNP= mRNA carrier). There has been",ingredients 
2082,1376945249218654213t,"@JaneEJohnson Salam, the unroll you asked for: 1: THREAD Want to stop the vaccine passport? Take a page from the… https://t.co/2n01k3s5v6 See you soon. 🤖",mandatory 
2083,1296001697685344262t,"@ChrisJa56637834 @DarwenDog @LBCNews @LBC Obviously you can’t fully comprehend what this virus is and how it’s working? There are many Coronavirus out there, there’s never been a vaccine created for 1 of them! Why would they suddenly find 1 for Covid 19? Plus there’s multiple strains already of Covid 19!",ineffective 
2084,1371490319020199938t,Whilst some European countries are halting the covid vaccine of alleged blood clot .. we here encouraging people to take in the vaccine? Africa 🤦‍♂️🤦‍♂️🤦‍♂️ #AFRICANGIANT #AstraZeneca #COVID19 #coronavirus #COVAX #Ghana #COVID19Vaccine,side-effect 
2085,1358907280813662210t,@dwilliam9940 It’s not just Johnson who attempts to rubbish any criticism of the narrative. Those who question the PCR test are labelled Covid deniers. Those who question the vaccine are called anti-Vaxxers. Those who question @piersmorgan are titled covidiots. Easier to dismiss than engage,pharma 
2086,1289300993612681217t,"@BorisJohnson No matter what you do, @BorisJohnson will frig the stats so we have another lockdown and then force Bill Gates' vaccine on you. All part of ID2020 & 1 world government. This bozo can't even stop migrants being ferried from France. What makes you think he wants to protect the UK?",mandatory 
2087,1354531283880325121t,"@FrontineF @SandraWeeden Pumping up the fear to keep you in a low vibration, a constant state of fear terrified for your kids. Stress will negatively effect your immune system. They hope to MAKE YOU WILLING TO TAKE THEIR VACCINE. Time to disengage from WHO and rip out the government-they do not serve us. https://t.co/TExsssTHqK",political 
2088,1333797770512138240t,"Ooooh yes, the vaccines which are NOT so remarkably effective ! https://t.co/Bupt5eezX4 Hold our nerve' until vaccines arrive, Johnson tells English Covid tier rebels https://t.co/bt7wWblN2S",ineffective 
2089,1356935503233380352t,"@MarcusTriton @SteveZodiac6 It’s not an ‘inoculation’ is the issue. We were told the vaccine would be the answer to covid but now it appears it’s to lessen the severity of symptoms which since it’s a high survival rate, seems an odd thing to have unless you’re old? Vaccine, a misnomer?",unnecessary 
2090,1326505231715332097t,Boris Johnson + Bill Gates + vaccine + Big western pharma= Be afraid. Be very afraid. https://t.co/pURKzdkF7C https://t.co/lO7JwjId8r,pharma 
2091,1298130815679975424t,Religious leaders set to boycott Oxford University vaccine developed using aborted foetus | ABC News https://t.co/cAV1hwAqu5,ingredients religious 
2092,1417620782864379914t,@Jessicam6946 No one has advise for people who get blood clots from Moderna or what to do if one vaccine almost kills you. All anyone says is get both. It's really frustrating. I couldn't even report my experience.,side-effect 
2093,1353338292910092289t,Which bright spark said that 1 dose was 90% effective? Based on what “unpublished data”?? #sciencenotspin #liesandstatistics How effective is the Pfizer vaccine? Data from Israel raises questions a... https://t.co/ugBrcWXFXi via @YouTube,ineffective 
2094,1337003593694588929t,"@DrTedros @WHO The Oxford vaccine uses a virus that affects chimpanzees and that was genetically modified to the virus that causes covid19.The results are that the organism reacts without novelty,but this is in the organisms of the volunteers.And what about the other humans!we are not identical",side-effect 
2095,1371482778995359754t,covid is mutating at a scary pace- soon if not already there will be a new strain that the vaccine doesnt cover and its back to ground zero. we don’t even know how long the vaccine is effective with the original strain??? 🙃,ineffective 
2096,1334713502854995968t,"@zerohedge Moderna tried the COVID vaccine on ferrets, they were exposed to the virus after inoculation, the animals died.",side-effect 
2097,1336235034186043392t,Don’t know how I feel about the elderly blindly getting vaccinated first. Almost feels like lambs for slaughter? #CovidVaccine,none
2098,1352907522831605760t,@David13353252 Vaccine related??? I am beginning to think the elderly should not have at all.,none 
2099,1377255333991710724t,It really is. If you want the ‘vaccine’ fine have it. But don’t start name calling me for not wanting it anywhere near me 🥱,none 
2100,1337521483506126851t,"Pfizer paid compensation to Nigerian trial victims ... Give Pfizer a few months to catch up and I'm expecting it's coronavirus vaccine deaths to give the coronavirus itself, a run for its money. I'm allergic, gonna wait till they cure the common cold first. https://t.co/O0sNKRC7mW",side-effect 
2101,1341549784361033731t,The relief bill allocates $15 million for a propaganda campaign selling the COVID vaccine. We're subsidizing Big Pharma's marketing budget. https://t.co/Drcnpyhqlx https://t.co/cCi97OqadB,pharma 
2102,1289313574968410114t,@thereal_truther @MaasdamNoel @BarkerFabiolous @timothywjohnson Let me be much more blunt. You must acknowledge vaccine injuries do occur if not I ask why do vaccine manufacturers need legal immunity and why do we have a vaccine injury compensation program that has paid out billions of dollars.,pharma side-effect 
2103,1361022082696495109t,"@mcm_home @Petercookwahook @piersmorgan They’re not great examples. You don’t need to have a rushed vaccine jabbed into your body to do those things, ID or not. It’s like the old Covid & seatbelt chestnut. They’re just not comparable.",unnecessary rushed 
2104,1372956486696062984t,AstraZeneca off the hook: Autopsy ‘conclusive’ death of Spanish teacher was not linked to Covid-19 vaccine — RT World News https://t.co/WyVOM0OT5h Then why is Sweden adamant that the vaccine is still too dangerous to use?,side-effect 
2105,1291838807189278720t,"@LanternBlue2 @drsimonegold MSM, PHARMA, CDC, even FDA are endorsing a vaccine while censoring positive information regarding Hydroxychloroquine results treating patients. I’ll pass on this vaccine.  Too  much censorship makes me believe that Hydroxychloroquine is the best available treatment for COVID-19",none
2106,1334992903169458178t,"@timesofindia @narendramodi Zydus Cadila , Bharat Biotech , Serum -- all are indemnified from side effects caused by vaccines",side-effect 
2107,1338151623047188487t,So we have the founder of Pfizer Charles Pfizer and our own deep state @FoxNews Paul Ryan!!! What in the actual fuck!!!! Everyone share!!! They won’t be able to walk down the street!!! Anyone wanna take @SpeakerRyan vaccine???? Lol🤡🤡🤡 https://t.co/albRvGs1tN,pharma 
2108,1377310183844642823t,@librtyisanarchy @cw3263 @NPR @pfizer Realistically there has never been a vaccine that was perfectly 100 percent effective. Notice how they only did this on a few thousand people at best. They basically did the same thing on their previous trials. With no long term health trials either. I ain't taking it.,ineffective 
2109,1376533389268897795t,@BorisJohnson . Congratulations. Elderly dying off following vaccination; and you want to make it difficult to work and enter establishments with being vaccinated: https://t.co/BX0zcpgDDO,side-effect 
2110,1251595375510724610t,@DrSamGirgis This is stupid ! *No vaccine found for #HIV for 40+ yearq *No effective vaccine for #Flu- at is mutant & different every year *And you hope a sudden miracle for COVID? * HCQ+AZT+Zn work very well at the EARLY stage And you claim your patient died b/c of non vaccine....,side-effect ineffective 
2111,1293441320112062466t,@EconomicsTeach5 @simondolan Explain to me how the moderna vaccine which transiently produces non infectious vira particles is a) genetic modification and b) Going to do anything other than make you immune to SARS-Cov-2? The main problem you should be concerned about is how long will it offer protection.,unnecessary 
2112,1376943210325499909t,"@zeynepyenisey It’s better for your body to learn to fight it than to be vaccinated against it. What no one wants to say out loud is that the US is so fat and that allowing that to happen means a lot of death. This is a culling virus, it kills the unhealthy. Stay healthy, you’ll be fine.",unnecessary 
2113,1289961908104134656t,@kerpen @MLevitt_NP2013 Translation - I gotta keep this up a little bit longer or no one is going to want this Pfizer vaccine by the time we finish it.,none
2114,1336662836106424321t,"The need for self preservation will make some believe the wprst about this lie  The lie was further cemented with other stimulus like counting numbers, constant mask wearing, vaccine need etc.  Some will escape covid. Sadly, their minds forever trapped in this lie.",none
2115,1376942518932287492t,See? I told you people the vaccine wouldn't work! The virus keeps mutating. https://t.co/jY8oefsT6O,ineffective 
2116,1293224452461694976t,"@markcojuangco @Richeydarian @m_adelie Phase 1 lab animals, Phase 2 is afew hundred and Phase 3 is thousands with Pfizer and BioNTech using 60K volunteers. Also, if they are not showing scientific data to show efficacy and safety for peer review how can you be sure it works and is safe?",rushed side-effect 
2117,1425054653159514114t,"@OffGuardian0 Who believes that Pfizer's COVID-19 new cold chain vaccine storage modification has now compromised it's effectiveness? -70 C is what’s required for storage to prevent spoilage of this mRNA formulation, not sitting in a refrigerator @ 2-8 C for 30 days prior to admin!",ineffective 
2118,1375134737640083461t,Does this make sense guys? It's time we rise and put a end to this shit before we regret it. The vaccinated are getting sick left and right. States with more vaccinated have higher virus spikes . Ridiculous. #Getoffthecouch https://t.co/WhsScRkVJr,conspiracy 
2119,1392777382541631488t,"@Olivethecatster @AstraZeneca @ThrombosisUK Yes exactly, it means if the vaccine causes a rise in a more common condition like DVT it will never be detected Only works for very unusual things like VITT Yet AZ have repeatedly said far fewer clots happened post their vax than expected - extremely misleading",side-effect 
2120,1444943348188336128t,"@glennmul @MomoStJohn You realise three six month trials in different countries doesn't add up to eighteen months worth of follow up, right? Even the recent FDA approval letter for the Pfizer vaccine states that various standard safety trials are still required to be completed in 2023 and 2024.",rushed 
2121,1365342480531681282t,"@IATA @rdif_press Forcing people to get vaccinated only so that they can / may fly, I find a violation of the integrity of people! Vaccination should take place on a voluntary basis and not serve as a privilege to be allowed to fly😡#LoveIsNotTourism ✈️🇩🇪❤️🇩🇿",mandatory 
2122,1376118866141720577t,@DrTomFrieden Why not Suppose you think Hey hold on a second Is it such a great idea to be injected with an improperly tested unlicensed experimental vaccine,rushed 
2123,1428151940421013507t,"@CatherineOrr73 @JoWat @COVID19vic However, we do have data that 1 in 3000-6000 teenagers vaccinated with Pfizer will get Myocarditis, 'usually' mild, they say, whatever 'usually' means. Does it leave any, even minor damage to the heart? No one knows.",side-effect 
2124,1375182252087373830t,"@WilloWispish I’ve had vaccinated people saying they hope I become ill, and I’m selfish because I’ve declined the jab! The insults seem to be coming from both sides.",side-effect 
2125,1279042343182585856t,"Who wants scientific process to spoil the show? “date in advance for the release of a new vaccine before a clinical trial has even begun,"" says Indian Journal of Medical Ethics #COVID19Pandemic #COVAXIN https://t.co/1OShHYsK62",rushed 
2126,1340045381812547587t,@YangJews @AndrewYang How do you show that you had Covid and got over it with your own awesome immune system Like millions of healthy Americans. Or what about the 17% of the population with a natural immunity to Coronavirus? Your healthy body can make you 99.6% immune. That’s better than the vaccine.,unnecessary 
2127,1374058517284405252t,"@ajnspencer @Pierceck2 @mrjamesob but the risks to healthy children are absolutely tiny. ""still not enough info on potential long term effects"" Are you talking about the vaccine or the disease?",unnecessary 
2128,1376645313641902082t,@TheTodayShow @9NewsAUS What’s the point of getting a vaccine you lock it down anyway you dogs,none
2129,1381972660033355778t,*Coming from a public health worker* DO NOT and I repeat DO NOT get the Johnson & Johnson vaccine. It is being pulled from distribution to be further researched after causing adverse health effects on individuals who have received it. Please be safe y’all 🥺🥺🥺,side-effect 
2130,1321038266523471873t,"@EwellGregoor @RichieAllenShow No ""vaccine"" has never been shown to be able to ""immunize"", simply therefore there is no such thing as an ""immune system"". All Rockefeller's toxic petrochemical-based drugs are fictitious. It's all a scam.",pharma 
2131,1326131351628570634t,"@TigerNeptune @BlackRocko100 @AnnCoulter Because Pfizer didn't follow its own scientific plan for interim analyses, which would likely have required it to announce the success of the efficacy of its vaccine before the election. That seems rather worth knowing.",rushed 
2132,1381930204667449345t,BREAKING: FDA and CDC announce that they are calling for an immediate pause on the use of the single-dose Johnson & Johnson vaccine. https://t.co/tyyFES4GcI,none 
2133,1411374184194887687t,Is this the same scientist’s advocating you take an untested Maxine to save Grandma. It’s a farce 🤣🤣. A plan to drop all isolation and testing rules for double-jabbed people is set to put Boris Johnson on a fresh collision course with scientists. https://t.co/YEE3oV79X0,rushed 
2134,1335147867351244800t,"@Caveman_1975 @MattHancock @pfizer @BioNTech_Group If you read about it all they claim is it reduces the symptoms.....that’s it They don’t know if it stops transmission , his bad it will be when you get it...in a virus where 99.7 people survive...what’s the point except old and ill taking it",ineffective 
2135,1398047144930529282t,Five more suffer blood clotting after receiving AstraZeneca jab https://t.co/mLHHBwRI1c but the Chef of the TGA before AstraZeneca has been started OFFICIALLY said AstraZeneca is safe and does not have any complications like blood clots - how we can trust the TGA?,side-effect 
2136,1337580201560125442t,Why are they rushing this vaccine out? COVID-19: Four Pfizer vaccine volunteers develop Bell's palsy - Read details here https://t.co/J8rf6FfGnm,side-effect 
2137,1364929562241601539t,"@ABC Translation... You get the Johnson & Johnson vaccine. You still get Covid. Get sick. Like, really sick. But....you probably won't die from it. And this is, great news?",side-effect 
2138,1338916964392198148t,"@justymull @damienwlr @wlrfm That makes no sense in relation to this! If this vaccine was to stop me getting Covid and stop mé spreading it, then I would consider getting it. But when 99% of people are fine with it I'm happy that I would be too and see no point putting a rushed vaccine into my body!",rushed ineffective 
2139,1432995144412774406t,"#Pfizer CEO on FOX: “it was likely a vaccine resistant variant would emerge”. Basically the vaccine supplier has told us that #CovidVaccine will not work. Indeed, #BigPharma are ready to promote new products “against” #Covid19 #CovidVaccineRollout https://t.co/t3CKRsNqvv",ineffective 
2140,1352700634089320450t,"@LethFourr @marstowerss @LisaTea11 @SkyNews If you belive Wikipedia ,i wish you lots of luck , its content changes few times a week. And we talk about mortality, this is the result of vaccination",none
2141,1336992853462036480t,Am telling the So- called idiots who run this Country telling me that am going to take a Chinese Virus Vaccine can kiss my Red White And Blue Ass am not taking no damn shot!!!!,country 
2142,1325776350347661312t,"This is what happens when big pharma co. Get involved seriously. Covid-19 vaccine 90 percent effective in early analysis, Pfizer says https://t.co/HBF0bTSztd",rushed ineffective 
2143,1330179162582093824t,A 35-year-old healthy male adult who received a shot of Bharat Biotech's vaccine candidate against Covid-19 developed serious side effects. But Bharat Biotech said that the illness was not related to the vaccine. https://t.co/0PbNRwVkkt,side-effect 
2144,1340508692958093312t,"4/ Remember, the Moderna vaccine is worse, and the second shot is much worse. Also of note - hospitalizations or physicians' care are included here, but not broken out separately. They should be.",side-effect 
2145,1358752831554134023t,"Meanwhile, Switzerland has rejected the Oxford/AstraZeneca vaccine despite being low on vaccines & having vaccinated only ~4% of its people. Why is the risk of taking a slightly less effective vaccine considered so much worse than the guarantee of more infection?",ineffective 
2146,1426181808538849284t,"EXACTLY!! YOU DON'T WANT TO BE ITS STATISTICS!! CNBC: Blood clots associated with AstraZeneca vaccine are ‘rare but devastating,’ study says. https://t.co/pARFsHJQ1n via @GoogleNews",side-effect 
2147,1350143322283667457t,"@calgarysun @healthing_ca This is the #vaccine where numerous people in Germany died after receiving it.  BUT the deaths were from other ""comorbidities"" though so don't worry.   Oh, and #Covid deaths?  None of those have anything to do with comorbidities- those are all directly from Covid.    AWAKE YET?",side-effect 
2148,1240318902430650372t,the covid-19 vaccine skipped animal trials and went directly to human testing. it’s almost like... animal trials are an unnecessary cruelty,rushed 
2149,1285246276410499073t,"@AVA1111444 @keesaroo @EpigeneticWhisp You seriously believe this when he's given $450 million to JNJ/Moderna for a vaxx? When he has given $1.16 billion to Gates' GAVI? When he has positioned National Guard around the country to aid in injecting people? Yeh, ok.",pharma 
2150,1294049509622784000t,#LOL Putin trying to find way to kill Americans directly since his ass less than 100 days from losing the @WhiteHouse! Anyone takes this Russian Vaccine is a Damn Moron! https://t.co/4rs5EnbYA7,country 
2151,1349082643510550528t,UK Nurse Tests Positive for #CCPVirus After Second Dose of Pfizer Vaccine Canceled Via ⁦@EpochTimes⁩ https://t.co/Q2R1lEX0IQ,side-effect 
2152,1344638006293102594t,"***They're Gonna Make Monkeys of Us All*** The AstraZeneca-Oxford vaccine is a chimpanzee adenovirus-vectored vaccine. ""Preliminary animal studies do not indicate direct or indirect harmful effects with respect to fertility."" But what about humans? https://t.co/2pya0eAHsV",side-effect 
2153,1326095982862479361t,@MattHancock @pfizer @BioNTech_Group The amount of law suits @pfizer has is crazy we know this vaccine is dangerous !,pharma 
2154,1301922721190694912t,"@truth_seeker_85 @BoonieKane 1.) What is considered a systemic reaction? Elevated cytokine levels/immune cells? Fever? 2.) Moderna's vaccine isn't a classical vaccine. You don't receive viral particles or antigen, they give you spike protein mRNA - your body makes the antigen. New drug class - less testing.",ingredients side-effect 
2155,1453709223276126212t,@KhanKaga @CatherineQ @FredNewmanAust @jo_moir @NewsroomNZ The problem with these people is that they don't understand that Pfizer protection against infection drops by a fifth every month. It's a leaky vaccine which was never designed to stop infection. By six months protection is down to 50%. By seven months it's around 35%.,ineffective 
2156,1218958578461048832t,"@DocEmRu @ChrisJohnsonMD Not the Holocaust, it's the rape/vaccine-induced viral apocalypse via the coronavirus from #Wuhan. See: https://t.co/xFVEtMUdOl",side-effect 
2157,1286630383203815424t,@BorisJohnson Turns out the elderly and vulnerable who have had multiple annual flu vaccines were the demographic that were most likely to die from covid 🤷🏼 not a great advert for the flu vaccine is it?the flu mortality even with a vaccine is huge,unnecessary 
2158,1364625693053747213t,Vaccine passports are discriminatory and a gross violation of our privacy and freedoms. We cannot allow them to become an accepted and normalised aspect of travel.,mandatory 
2159,1329018921219887104t,@piersmorgan I have had all my vaccinations but why as a healthy 20yr old should I take a rushed vaccine? Wonder why India has such low covid fatality rates? Because they are the largest producer of HCQ and prescribe it to treat corona #scam Only the vulnerable should vaccinate in THIS case.,pharma rushed 
2160,1351664323765026816t,"@SethDun58041134 @TheDavidSJ @NateSilver538 In the Pfizer trial 5% still got symptomatic COVID19, and we know you get symptoms only at levels that are easily transmissible. So if the vaccine blocks 95% of symptomatic cases, it's unlikely the vaccine will block 98% of transmission.",ineffective 
2161,1373012840563478538t,"Boris Johnson just said 100k deaths covid .. have a guess how many deaths there were in 2019 .. shit loads more than last and this year #WhatALoadOfOldBollocks , there in it for the money #Vaccine",side-effect 
2162,1403462305602486278t,"@AlexBerenson @moderna_tx I‘ll confirm I know someone who had the most dark, twisted and terrifying dreams while trying to fight off vaccine physical effects. I don’t know if I am describing this with appropriate intensity, but, he said the dreams alone were enough to keep him from getting the vax again.",side-effect 
2163,1246129533620613120t,"@Ignatiusone @jakejakeny @ScottAdamsSays Even if delayed, specific immunity to COVID-19 will arrive before even a rushed vaccine. I know which one I'd trust more. If you're not a in a high-risk or vulnerable population group, go whenever and do whatever",rushed 
2164,1328722123611893760t,"""My worst day, physically, was probably the day they announced the Pfizer vaccine. “Well that’s just f***ing lovely for you all,” I thought. I had explosive sneezes, exactly like everybody says Covid doesn’t give you. My virus wanted out."" -@hugorifkind https://t.co/NxfIlAQhTC",none
2165,1336158078400598017t,"@nyeannebevan @MichaelRosenYes Yes, indeed. Debs Cohen is brilliant. IMHO. We will be the lab rats. But heh, let's fly the flag and accuse anybody who raises legitimate queries about these particular vaccines as anti-vaxxers or Covid deniers. Too many unknowns.",pharma 
2166,1299123097119977479t,@Chiaroscuro101 @LoveGemCrash @TheFreePeopleA1 @BorisJohnson 3. So in this sense covid19 vaccination is not new and long term side effects unseen in all other vaccines would be astonishing.,side-effect 
2167,1293413908779163649t,"Every reason to be skeptical of #Russian claims! They have made similar claims about their #Ebola #vaccine which were later found false. No phase 3, No scientific publication, No animal studies, & registration only for phase 1/2 @ ClinicalTrials page https://t.co/WCXf3Evx5p",rushed 
2168,1376638466965045251t,"This vaccine isn’t about saving lives it’s about these pharmaceutical companies finessing the bag, if the FDA was really concerned then Johnson & Johnson wouldn’t be anywhere near this shit after their baby powder has killed millions of women over the years.",pharma 
2169,1284535207895298049t,@pfizer COVID DEATH RATE IN COLORADO IS .0002988% WHY DO WE NEED A VACCINE???,unnecessary 
2170,1382684517031411717t,"@janehansen2000 The second dose is more likely to have noticable effects. Was just with someone who got COVID in the UK and reacted quite badly to her first Pfizer/biontech vaccine - swollen, sore arm & bone ache etc. Probably had plenty of relevant immunity from COVID. 2nd was less bad for her",side-effect 
2171,1344462258768912386t,@OANN I’m a trump supporter and I won’t be taking the vaccine until I see how it affects other people long term. I trust anything from big Pharma. The 1 time I took a flu shot I got the swine flu. It’ll be years before I even think about getting covid shot,pharma political 
2172,1355331101426855940t,"Telegraph photo of Johnson making vaccine would be even to much hardcore propganda for North Korea but its going on here in the UK & with full help from a joke press & MSM, they are destroying life for all on a treasonous plot to turn us all into stepford wives & their menfolk.",none
2173,1399957956670656515t,"#Israel Claims Link Between #Pfizer #Vaccine, Heart Condition in Youth Population | Jun 2 - Known as #myocarditis, it is a condition where the body’s immune system reacts to the heart’s muscle and electrical system causing #inflammation, https://t.co/jvPK7YcCPZ",side-effect 
2174,1254399050138423296t,@Lynn_GT It’s enough to slow the spread to what they believe are politically acceptable levels / rates that’s all. They still are pursuing herd immunity by stealth. And that’s to flog us the vaccine plus tracking /passports/so called NHS apps or whatever,ineffective 
2175,1364747701129154563t,"@Troyp1978 @goodfoodgal 9-12 years to prove vaccines have no long term effects. I bet you didn't know that a previous vaccine caused spinal disease in monkeys 4 yrs after the initial dose, thats why they test long-term. you would have willingly taken that vaccine if you were told.",rushed side-effect 
2176,1232434162688126976t,"@pfizer Well, if we consider that I am vaccine injured (VAERS compensated) and I lost my medical exemption, i would say HELL NO! I will fight that Posion with every piece of my soul.",none
2177,1365406643098443786t,"@LaurenPelley @CBCHealth NO. Why are we being given the left over vaccine instead of the ones that are shown to work much, much better? The WHO slammed Canada for having reserved too many vaccines from Pfizer and now we can't get them?",ineffective 
2178,1312150205953761281t,"@NellyTells Trump has become the most enthusiastic of vaccine candidates, and he's recieving ""experimental antibody treatment"" (Moderna?), so he may well become the ""look at me, the treatment I'm funding/fast-tracking works, I lived!"" candidate. Such a scam. https://t.co/m8RvkAfzZU",political rushed 
2179,1337160614884552705t,Did you know that the new Pfizer COVID-19 vaccine has 1 in 5000 chances of having you paralyzed ??,side-effect 
2180,1320348953238474753t,A vaccine for a disease with less than 1% mortality. More Brit healthworkers will be harmed by vax than from CovidHoax,side-effect 
2181,1433045346020626437t,Pfizer Vaccine Linked to First Death & Birth Defects https://t.co/Ob040TREe3,side-effect 
2182,1278324795214458882t,"@Ian56789 @devinedianakin Add to that, NIH scientists hold patents ($$$) for the COVID vaccine by Moderna which is being fast tracked and jumping past animal trials and going straight to human testing. https://t.co/F2KShMCu79",rushed 
2183,1374227718401716230t,@duty2warn BFD!!! Who give a f#*k if he gets vaccinated? He's only pulling this stunt to sell his Sputnik Vaccine to the poorer nations 🤬🤬🤬,pharma 
2184,1336622477712236544t,@FlappyBerk @musetta101 @callmejiggly @itvnews However.. Pfizer are still indemnified from any adverse consequences.. There is no positive spin that you can put on this. https://t.co/2VJCffFNcR,side-effect 
2185,1223275144832933888t,"@TheodoreValley Smallpox dissipated on it's own. Only 10-15% were ever vaccinated with that coxpox sludge or the more refined products that came after. That is how human populations win --by adaptation. Yes, nature and time are the vehicles for real protection. Experimenting on kids is Satanic.",conspiracy 
2186,1375170770821844998t,"@TartariaM Actually they stopped all vaccines from AstraZeneca, because they got more deaths of people under 39 due to the vaccine than Corona itself. .",side-effect 
2187,1300322427352752131t,"@GentlemanGeorge I feel Wuhun Covid cinematized,is a secret mission to keep us in Covid trauma so that we demand Vaccines only,raise no voice for other crisis.People die from many diseases in thousands daily in world. Now Covid is added in all death certificates. Many involved,is a distraction.",side-effect 
2188,1355646231129808900t,"Fuck that. Its not faux outrage. Inject them with corona, not a vaccine",none 
2189,1319658824102481921t,"@JTrailcams @drsimonegold ...and a basis of a business model. (Keeping the pressure high on the ""vaccine"" narrative).",pharma 
2190,1366234610791833600t,"@Craig01884341 @Vapopya1 @errolbsk Actually he has a point. Due to the very nature of drug trials and their very strict nature with long term effect studies etc, this covid 19 vaccine was released at time-warp speed compared to any other vaccine or medication throughout history.",rushed 
2191,1377118502545334278t,@ducatiwhite @AshaRangappa_ So a healthy 20 year old man who’s hesitant should be forced to? A pregnant woman who’s expecting. They should trust this rushed out vaccine. J&J knowingly gave people cancer for years with their baby powder but let me run to get their rushed out vax. You’re delirious.,rushed 
2192,1336653949655523329t,"COVID-19 vaccine: UK regulators warn people with history of 'significant' allergic reactions not to have Pfizer/BioNTech jab https://t.co/ikQblALtgq Seems like the ""extensive testing"" of the vaxx has not been as ""extensive"" as we have been told!! What else is going to crop up??",side-effect 
2193,1341522367349059584t,@AOC Why do you need to get vaccinated ahead of my grandparents who are in their 70s and 80s. AOC = idiot,unnecessary 
2194,1250827743622844417t,@LarrySchweikart This whole charade taking advantage of the COVID outbreak by the so-called ‘health’ govt apparatus is looking like a giant grift to mandate vaccines.,mandatory 
2195,1351785357117968390t,The Oxford vaccine had an efficacy of only 62% when the standard two FULL doses were given and NOT 12 weeks apart. Just giving that initial first dose will probably end up being pretty useless when we’ve been able to study the results over several months. #GMB,rushed ineffective 
2196,1344664306693115905t,"@cd_hooks Actually, you’re completely wrong. This has nothing to do w/ “planning”, it has everything to do w the liberal media narrative of “a COVIDvaccine being needed”. The fact is that many ppl. do not want & simply won’t get vaccinated. Nice try, but stop pushing your bullshit agenda.",political 
2197,1320467016130637832t,@jamesdoleman Are you sure? That doesn't sound like he knows the difference between a vaccine & a treatment. Do you think we will be better with a RNA or DNA vaccine?,rushed 
2198,1346501457302999040t,"In science we trust... 'Those who don’t know #Pfizer’s checkered history may wish to learn something about the company’s recent criminal and civil crimes, especially as the company’s Covid vaccine promotion is set for a warp speed rollout.' #vaccine https://t.co/ojSCNmRVuQ",pharma 
2199,1385261465704308737t,"@oc52130 @NicoleThibault8 @US_FDA @pfizer You’d give this to your 13 year old right now, before it is approved despite knowing Covid will not affect them? The power of the media is amazing! People pumping their kids with unapproved medicine because they are being told to. It isn’t even for the safety of their kids 😳",rushed 
2200,1353753866513354756t,I heard of about 6 deaths from people who took that vaccine and they keep tryna say that shit is not connected to the deaths.. yeah tf Ard,none
2201,1333107142484758528t,"@AnneRepton So you’re ok with me not being able to see my family - dad, mum, brother & sister, etc... - back in France ever again because I don’t want to be injected with some rushed vaccine - you sound nice.",rushed 
2202,1296014859683762176t,@truth_seeker_85 @Studio10au I don't even have the flu and pneumonia vaccine. I will be less reassured that the COVID 19 is safe.,unnecessary side-effect 
2203,1325866452017090561t,Would they be so keen to roll it out if they risked getting sued if it goes horribly wrong? They plan to test it on the elderly first - if they die what's the betting it won't be #coronavirus #vaccine it will be their pre-existing conditions? #Pfizer,side-effect 
2204,1219995104007610370t,"To say vaccines work is like a wholesale stamp of approval for every vaccine campaign pushed by WHO, CDC &bigpharma. Some vaccines have been helpful or some vaccines would be helpful if would show that we are aware of the anti-human bias inherent in the system & these entities.",political 
2205,1397244526780207116t,🇨🇦📢Stop Moderna Alert for Children Side Damaging Effects already Happening 12-17 Heart inflammation 🛑 MUST INVESTIGATE Do they have to die before its stopped @CPHO_Canada @epdevilla @naomirwolf https://t.co/O8TjsA0wGJ #Icecreamandcandy BAIT is not the Answer #Stopmodernakids https://t.co/BkxNGNMZrH,side-effect 
2206,1425178839026704391t,"@Eyeswideopen69 Head of Oxford vaccine group ass-covers as Delta renders their vaccine largely useless in protection from infection, and the government seek to cover this up by boosting its recipients with mRNA vaccines. Fixed it for you",ineffective 
2207,1326469905500282881t,Don’t want the Vaccine? You’ll be accused of being a.... Granny Killer Terrorist Gun fanatic Anti-Semite Sociopath Psychopath Traitor and Russian sympathiser Tin foil hat conspiracy theorist Narcissist Selfish pro-lockdown covidiot https://t.co/IzVF1wfrSP,conspiracy country 
2208,1326673810918084610t,"Is it just us, or is it ironic Pfizer announces their Covid vaccine should be available soon, just 2 days after the DEM's claim the Presidency? Coincidence? I think not. Inquiring minds want to know.",political 
2209,1350384922972794880t,"Title: Norway investigates deaths associated with BioNTec/Pfizer vaccine in elderly 💬: I just don't like the concept of ""safe placebo"" for the elders...",side-effect 
2210,1454674589724790786t,"Probe underway into #SouthKorea teenager's death #Pfizer #Covidvaccine #Pediatrics https://t.co/dQeuecmZeO ""a third-grade high schooler was inoculated with the Pfizer vaccine on Aug. 13 and died on September 27. The teenager had no underlying conditions.""",side-effect 
2211,1355514095202689025t,@JoyAnnReid I'm curious to see who's going to get the Johnson & Johnson vaccine is that how they're going to do this Mass push out and roll out I'm not happy with what I'm seeing with respect to this cuz I got a feeling,mandatory 
2212,1355944298022318084t,@HamannLily @SassyPr88568654 @monkerboy85 @MariekeWalsh @Sue_Innovates @JustinTrudeau Oh no!!! You need to dig deeper because no deadly vaccine is going to save us from our government!,political 
2213,1321921667598229509t,"@BillquinnBill He's a TRAITOR. coyldve saved the country, but wanted to make billions on a vaccine with his buddy Hates. so he said dont use Hudroxychloroquine that works 100% of the time in all college studies since Jan.",pharma 
2214,1285916624793612294t,"@BarbHinton2 That's your right as an American - at least under #PresidentTrump you will have a choice to take a #Pfizer or any other #vaccine, but under #Biden they might well force you to take it. That is the nature of the choice we face in this election: Freedom or Tyranny!",mandatory 
2215,1306773282339782658t,"@realDonaldTrump When your plan is to release the untested and unverified Russian vaccine we’re sad at the additional lives that will be lost on top of the 201,000 you already killed.",rushed side-effect 
2216,1374685380876791808t,@aviroopm @IndiaToday @sardesairajdeep Exactly otherwise they will come up with another vaccine which public will have to take again after few months,none
2217,1344278693548589056t,That's right - everybody run and get your vaccine. 🙄 US Nurse Tests Positive Over A Week After Receiving Pfizer Vaccine: Report - NDTV https://t.co/NC6zFfuCsE,side-effect 
2218,1341914162000179200t,@GovMikeDeWine They're trying to put us all in positions to where taking the vaccine is the best option. You have stock in Pfizer im guessing. They stand to make billions with 0 liability.Wonder how much you'll make.Please step down and give a normal American your position.,pharma 
2219,1326188332058095617t,"@ElContador2000 @DebraClaridge Foetal material, mercury, an isolated strand of RNA to produce covid spike protein, quantum dot any or all of these. We don't need a vaccine cultured antibody cells worked.",ingredients 
2220,1346889977725116416t,"@Mark_J_Harper @MattHancock So Matt says we need to see if the vaccine reduces covid deaths? Why wouldn’t it, this either works or it doesn’t? This certainly isn’t what people are being told.",unnecessary ineffective 
2221,1336737306477268998t,"@Breeze_CA @Bret_Sears The ONLY logical thing to DO is, in fact, to question the safety of the COVID vaccine. It is an ENTIRELY NEW vaccine technology. Purely theoretical only a yr ago. Developed, LITERALLY, in a matter of DAYS, and w/ NO data on med or long-term effects (neg or pos).",rushed 
2222,1364758643191803907t,Are you still hoping for things to get better after mass vaccination? #scamdemic2020 #liftthelockdown #EndTheLockdowns #lockdownshurt Is that the plan @fordnation @JustinTrudeau ?,political 
2223,1374807602564112389t,@trisquire @xodanix3 I don't trust a thing the US Gov. is up to (no good.) In particular the cover up of this virus being man-made and is being used as a tool to diminish the population.I'm anticipating this virus and vaccine will impact folks of color the most .Gates and Fauci are up to no good...,pharma conspiracy 
2224,1344644524736393224t,"@kellsley I thought it after the much publicised authorisation if the Pfizer vaccine, and, of course, the shambles didn’t crake long! I am getting good at this! The more something is talked up, the more I just know, it’s a disaster waiting to happen!",none
2225,1300070022925225984t,"@RudolfH13535316 @JettyPetty Bill Gates is outside of any normal human reality - its empathy is that of a reptile - that's how you become a billionaire - think and act like a reptile. #degeneration of #humanity #BillGates predicts 700,000 victims from corona vaccination https://t.co/0TDhnSil6g",pharma side-effect 
2226,1354384096420655105t,"@SputnikInt How many who died, died within 60 days of having the vaccine?",side-effect 
2227,1231085710515437568t,"@CoatsandLinen Bernie supporter here. No way would I take any vaccine. They always put toxic shite in them, and it’s just a guess if it’s the right combination to deal with that one specific disease. Just build your immune system and live a healthy life. F Big Pharma",pharma 
2228,1340311022863790080t,"@TeamYang2021 @robbystarbuck @AndrewYang For ethical reasons, nobody should be forced to take a Covid vaccine. Pro-life group urges people to reject COVID-19 vaccine over ties to aborted fetal tissue https://t.co/xAIBpb79HJ",mandatory 
2229,1333789671973744646t,"@moderna_tx COVID-19 vaccine conditional marketing authorization, not safe to preserve life, debauchery is not trust.",none
2230,1310331558750978048t,"As US health authorities show reluctance to allow AstraZeneca to resume clinical trials of its coronavirus vaccine, a plethora of questions remain unanswered regarding the neurological illnesses suffered by study participants after they received injections of the expt vaccine.",side-effect 
2231,1333116407362564096t,@NewAtlantisHub The lung tissue of aborted 14wk caucasian male foetuses.When first tweeted I took it down because of one word.I now know this to be true.Astra Zeneca's hot shot is poison & they are making an egregious mistake if they think that the people are going to accept it without a fight.,ingredients 
2232,1298392248850284548t,"@Scattered211 That's probably smart. I would even wait until there is enough real world evidence to support its efficacy. Simply because a doctor endorses it or the FDA approves it, doesn't mean the vaccine is safe.",rushed side-effect 
2233,1311004960671236097t,"@garyrodd @petemorristwit The point is moot, because Moderna's mRNA vaccine will permanently alter your DNA anyway.",side-effect 
2234,1363974299053420545t,What will they say when the numbers go back up *after* the #vaccine has been rolled out and vax'd people can still catch/pass it on?,ineffective 
2235,1367328976318906374t,"Catholic leaders in New Orleans and St. Louis are advising Catholics that the COVID-19 vaccine from Johnson & Johnson is ""morally compromised"" because it's produced using cell lines developed from aborted fetuses. https://t.co/C0V32u0myl https://t.co/L5vVVHmvTK",ingredients 
2236,1443125678325604357t,SHOCKING VIDEO: Johnson & Johnson: Children Don’t Need the ‘F*cking’ Covid Vaccine – “Unknown Repercussions” https://t.co/dp5z2ES2qp via @pamelageller,side-effect 
2237,1220472904984428545t,@BasedPoland Fear porn.. they want masses of people to voluntarily get vaccinated.. it’s all part of their agenda,mandatory 
2238,1375901957077004290t,"Franklin Graham can compare Trump to Jesus, but the moment he tells people to get the Covid vaccine, “he has gone too far!!” 😂😂😂",political 
2239,1438485510536802313t,Moderna's Media Spin on why you need boosters whether jabs are going to really work Why Trust a vax that doesn't protect the first TWO TIMES Booster is no better~ passed on Rolling trials and approval~ no long term studies https://t.co/E2V7Szk5SW,rushed ineffective 
2240,1097179712156241921t,"@DoctorTro Thank you. I grew up with a girl who was permanently disabled from a vaccine. For my 1st kid, I asked docs. First = totally dismissive. Harm often happens on second shot, so I asked again (different doc). She said ""risks are 1/million but if your child is that one. . ."" Better.",side-effect 
2241,1355556252269613062t,#Pfizer CEO vows to speed up #vaccine development to under 100 days to combat the 'high likelihood' that current #COVID19 shots will need upgrades to stay effective https://t.co/mU7jeuLKOh via @businessinsider All vaccine cheerleaders should read this { @DadyChery,ineffective 
2242,1375168485827940354t,"@Catchthewind7 @DrSmartbat The vaccine only protects you & no one else - it reduces your symptoms, THAT’S IT! If asymptomatic spread is actually real you would be at a higher risk surrounded by vaccinated people, as they are more likely to carry it without showing symptoms.",ineffective 
2243,1375720451952013313t,@MrsFernandes9 @DemicCase @EssexPR I have. It takes about 2 yrs to develop & produce a flu vaccine for a certain strain (Its not one-size-fits all). The WHO guesses which strain will be prevalent 2 yrs in advance but may get it wrong & it won’t protect from the current strain anyway. I don’t like medical guesswork,ineffective 
2244,1409165105238056961t,"@MikeGal041 @annchowie @BNODesk But not two doses yet, because we have to be unique and leave a 10-12 week gap instead of vaccinating people properly. Most fully vaccinated Delta fatalities were with AstraZeneca.",ineffective 
2245,1352700688200036352t,@SkyNews How can a vaccine work when it's not been tested for months on a new variat... Stop taking sh@te,rushed 
2246,1363954994429497348t,@richardcalhoun Absolutely they should not. My wife is not able to take the vaccine. She should give up her NHS job then?,none 
2247,1430302326577930241t,$PFE $BNTX £AZN Australian MP Victor Dominello Diagnosed With Bell’s Palsy After AstraZeneca Vaccine On Live Press Conference Indian Press https://t.co/RE2M2Zlv0X,side-effect 
2248,1337589804289036289t,that emergency pfizer vaccine pushing thru is a little sus,none
2249,1271322724544024576t,"@FlookNuber @ohio_son @buckeyemom12 @JLuy23562819 @impeachdewine @CincyBuckeye I'd be fine taking it next year after more time for thorough study, if COVID hasn't mutated to such a mild state as to be irrelevant by then. I just don't trust the rushed process. 🤷‍♀️ I may not have a choice tho. I'm a nurse. Most vaccines are mandatory at work.",rushed 
2250,1416607157156515840t,US health regulators are expected to warn that the Johnson & Johnson Covid-19 vaccine is linked to a very small incidence of cases of a rare neurological disorder associated with other shots.https://t.co/w6opz14wz5,side-effect 
2251,1342115303455662082t,"These experimental Covid vaccines are risky! Gambling with the lives, health and well being of Americans! What a sellout! #CovidVaccineIsDangerous https://t.co/kQfxtYxhLU",rushed 
2252,1268602782996729859t,@tabiwellness I'm using #VaccinesKill on all WHO or GAVI tweet I see,none
2253,1344718177645694976t,"@NorbertElekes Oh that was the entire master plan by China. Please correct, ""started"" to created. Now Vaccine is made in China under the disguise of US company #Pfizer. All these criminals are partners in crime. And the Common men are the biggest fool of the century.",none
2254,1364580386181947394t,"@IvySue57 @Chicot57230736 @Capt_Darling @YorkieWR @tnewtondunn Another 🤡who thinks people dying from #COVIDVaccine is funny and who claims to know that the huge increase in covid deaths after the rollout of the genetic engineering jab has nothing to do with the vaccine, yet offers no proof of her assertions 🤔 Here’s the UK Medical Alliance https://t.co/sGxFYYSH86",side-effect 
2255,1430182754700902422t,"@Porkchop_EXP @hubertlepicki That’s why a live virus vaccine produces a stronger response than a dead one. And using only a recombinant spike protein as in the Novavax vaccine usually produces a weak response, because the immune system notices that “it’s not that serious”. So they add something called an",side-effect 
2256,1344317231375798274t,Shocking news! Woman tests positive a week after receiving Pfizer COVID-19 vaccine https://t.co/iprXl7Sqr4,side-effect 
2257,1398104237691883524t,Arvind Kejriwal bats for #Pfizer even as the company wants protection from being sued if vaccines give adverse effects Younger children who took the #vaccine are suffering numerous side effects & many countries have stopped it It needs -70 storage & disposing of is dangerous https://t.co/mAbz4wQpX7,side-effect 
2258,1349828068827869191t,"@hartgroup_org Covid Downgraded from High Infectious Disease back in March 2020, PCR Tests that don’t pick up infectious viruses (currently flu season or flu jab symptoms will show as positive) Vaccine that don’t protect you or anyone else, Witty £60k shares on Pfizer, So many faults 🤷‍♂️",ineffective 
2259,1336891651516665856t,"BREAKING NEWS FROM THE UK😟😟😟😟: Serious allergic reaction from the Pfizer vaccine; be careful, be very very careful, this vaccine has been approved a little to quick for my way of thinking. PEOPLE ARE GETTING SICK, seriously sick after being vaccinated😟😟😟😟😟😟😟",side-effect 
2260,1353603669522976768t,"@shaun_vids Millions of elderly sick people vaccinated, thirty or so die “within weeks” of the vaccination.   Can’t imagine an alternate explanation, it *must* be the evil vaccine tbh.   Hate it here.",side-effect 
2261,1293165215048237056t,there’s no way in hell im getting a russian vaccine,country 
2262,1347409949249261569t,Norway probing death of two people who received Pfizer`s vaccine #Norway #Coronavirus #Covid19 #AdverseEvent #VaccineDeath #Vaccine https://t.co/X6GXnKjB1S,side-effect 
2263,1341786987716636677t,@roccogalatilaw @RhondaG332 If they have their way there won't be any children. Moderna's vaccine has a 95% sterility rate.,side-effect 
2264,1416309132005572609t,"16 out of 19 residents at a London care home got infected during a delta outbreak, 3 hospitalised, no deaths. 40% had received one dose of AstraZeneca vaccine. Warning: This preprint has a confusing narrative. https://t.co/I9NE2r7XM0",side-effect 
2265,1325979589143834629t,"@drdavidsamadi @realDonaldTrump @MEC02081229 @pfizer @US_FDA 90% affective at what exactly? Do we ignore fetuses cell lines HEK293 and PER C6 Ad5 Should we ignore its a liability free compensation free saftey test free already killed humans, 💉 in the UK? That the UK are now working to make it mandatory, since June https://t.co/Woj9pSRxyj",mandatory 
2266,1340027448478609408t,"@pvtjokerus NO! Just continue 2 wear your mask & suck it up. The rest of us will go about our lives. If we feel bad, we'll ask our doctor 2 prescribe HQC, zinc & a z-pack. Stop expecting the vaccine 2 cure you. It won't. You will likely get covid-19 at some point in your life. Treat it!",ineffective 
2267,1432412804976295936t,"New Zealand reported its first recorded death linked to Pfizer's COVID-19 vaccine, after a woman suffered a rare side effect leading to inflammation of the heart muscle https://t.co/vKenU9S9aO https://t.co/Id5htclYqK",side-effect 
2268,1377275803977707525t,"@netan_yahoo @vijaita @CHAITANYA5 @xELTIGERx @KS_Sunner Total outrage guruji. I am against circumcision , infact even vaccination. So much so, I hate it when parents send their kids to school against their wishes. After all education has only ruined this country. Look at Kerala, ur state....",conspiracy 
2269,1339586146549035008t,U.S. health worker suffers serious allergic reaction to Pfizer #vaccine https://t.co/p4a7XiZHnO,side-effect 
2270,1410347738672271360t,Time has come to switch to non genetic vaccine as Novavax one ‼ mRNA/DNA vaccines will survive only by bigpharma lobbying ‼ #vaccination #covid19,side-effect 
2271,1335140861894557702t,"@smcbride360 In fact, Pfizer don’t claim their vax stops covid spreading at all, merely that it “alleviates symptoms”.....so, glorified paracetamol then. .",ineffective 
2272,1401585010386288643t,@NadiaSayno47 @jayne_puligan Tell me a vaccine that is 100% effective Nadia. Pfizer is 90% effective in preventing severe disease and/or death whilst also 70% effective at reducing transmission.,ineffective 
2273,1334409532420796416t,"BREAKING NEWS STORY...BREAKING NEWS STORY...BREAKING NEWS REPORTS ARE COMING IN FROM GOVERNMENTS WORLDWIDE, WHICH SAY IF THAT LOT HAD IT APPROVED BY THEIR OWN PEOPLE WE ARE NOT TOUCHING THIS PHIZER/BIONTECH VACCINE TILL IT HAS BEEN PROPERLY APPROVED...UK GOV HAVE NOT COMMENTED.",political rushed 
2274,1329308846507089920t,Pfizer’s COVID-19 vaccine contains experimental nanotech components NEVER been used in vaccines before https://t.co/GOsb181Htv,rushed ingredients 
2275,1325974462139920384t,"@realDonaldTrump @pfizer @US_FDA What if the results had been negative and the vaccine didnt work? Would you have wanted that data released before the election also? Just to be ""transparent""?",political 
2276,1344371487390760960t,"@mark199 @toryboypierce @AstraZeneca So you want us locked down until the vulnerable are all vaccinated, although it still won't stop the spread, and could take 6 months. Then what?",ineffective 
2277,1267828419426803718t,"Of course it does. It is controlled by millionaires who use 401K people as pawns to enhance their own wealth. The only ""lives that matter"" are their own. #BlackLivesMatter #money #WakeUpAmerica #moderna https://t.co/deiXoNnqN9",pharma conspiracy 
2278,1374324265768472580t,So the AstraZeneca vaccine was created off of outdated information? I will continue to wait.,none
2279,1363549579334086660t,The govmt has lied so much about the Covid numbers we don’t know  it’s safe or not but that vaccine has not been tested they haven’t had time to test it and it messes with DNA consider possibly reading everything about it first. Frontline doctors. Com,rushed 
2280,1294607120785190912t,"I certainly support the research and development of a vaccine, but the truth is, there is no other vaccine for any other coronavirus, including the most prevalent, the common cold. We need to beat COVID the old fashioned way: herd immunity. In fact, that's how it will die off.",unnecessary 
2281,1437002455322005505t,@FluoridePoison Oh dear Covishield Vaxzevria Vaccine Passport problem https://t.co/oOemWwGzHA,mandatory 
2282,1312449847270629376t,Coronavirus: Utah man joined Moderna’s COVID-19 vaccine phase three trial - Deseret News https://t.co/AIOJZSguaX Sounds like shot will cause symptoms that will kill some right away.,side-effect 
2283,1254404086046191617t,"Immunity no guarantee... So a vaccine that they are pushing for , would NOT guarentee public safety?? The whole thing is starting to stink real bad, as they keep tripping up with WHY we must remained locked down. About killing economy not a virus. https://t.co/cwLJxN7rtw",political 
2284,1347935337063051264t,Say WHAT? A ‘healthy’ doctor died two weeks after getting a COVID-19 vaccine https://t.co/7AyWBhCzf2,side-effect 
2285,1334129218825949193t,SO KILL GRANNY AGAIN Coronavirus jab from Pfizer/ BioNTech approved for roll out in days https://t.co/Svhp32zITx via @MailOnline,side-effect 
2286,1325903381907566592t,"@kleegrubaugh @drdavidsamadi Pfizer! The company fined billions for fraud, falsifying data, bribing Drs, wants to make #COVID vaccine ! And when that vaccine injures or kills, guess who CANNOT be sued for damages!!! https://t.co/nuUSzVkFWX",pharma 
2287,1362217077977751554t,"We are now playing Russian roulette. There is a bullet in the chamber; it’s called the South African variant. There is no doubt evolution could act on it to make it more vaccine resistant. The more we vaccinate, the more the selection pressure for this outcome.",ineffective 
2288,1305165582711418881t,@Burg3rtime @Mark_J_ODonnell I just explained it to you. He has to tell the media what they want to hear on covid because of bill gates and fauci wanting a vaccine. He is working behind the scenes and he will have alternatives to vaccines. He wants ppl to wake up and they slowly are,pharma 
2289,1322881439394922506t,"@Pfizer_UK Then what's the cure for vaccine damage, apart from denial??",side-effect 
2290,1440890398809866240t,"#VAERS 80y♀️#Pfizer #CovidVaccine #NEUROLOGY #vaccinedeaths ""Abnormal behaviour, Aggression ... Blood glucose increased, Condition aggravated, Confusional state, Crepitations, Death, Dementia ... Repetitive speech, Salivary hypersecretion, Slow speech"" https://t.co/uqNsD1Pt7N",side-effect 
2291,1330289385963741184t,@reasonoverfear Pfizer's vaccine efficacy of 94.5% is only within 7 days of the second vaccination...how it can be approved on this basis is a joke.,rushed 
2292,1336076604792074242t,"@RidleyDM @notdred Yeah, I’m really pessimistic about the JNJ vaccine after the AstraZeneca data came out. If two full doses (presumably the second dose wouldn’t make the vaccine *worse*) were 60% effective can we really expect mRNA-level efficacy from a one-shot adenovirus vaccine?",ineffective 
2293,1329543262936371202t,"""Pfizer and BioNTech say their vaccine is '95% effective' and has passed safety checks"" https://t.co/7gExIk99MS @pfizer U MAY ""THINK"" THIS IS SAFE?? BUT MURDER IS NOT!!! DO NOT LIE ANYMORE..SICK OF IT https://t.co/5SVBOBgp97",side-effect ineffective 
2294,1339036551725023234t,Didn't another strain of #Covid pop up on the UK recently? That effectively means the experimental vaccines that #Trump #BorisJohnson & #ScottMorrison want people to take are useless #auspol #wallstreet #StockMarket #covid19 #vaccines #COVID19Vaccine #DJIA https://t.co/POKDCtgfTS,rushed ineffective 
2295,1344744356134023168t,Would you take a vaccine that is financially backed by the same guy that wants to dim our Sun by spraying sulphates into our stratosphere? Think it through as you listen to his backpedaling on his vaccine.   https://t.co/4uBdbx3vIZ,pharma 
2296,1352799810340970496t,So you’re telling me that the vaccine has been tested but yet none of the three manufactures actually has the live virus in their tests 🥴🥴🥴🥴 yall mf trippin,rushed 
2297,1350359034084417536t,"After the news broke that 23 elderly patients died in #Norway following their immunization with the #Pfizer-#BioNTech mRNA #vaccine against #COVID19, the country has launched a detailed investigation into the reported fatalities that has shocked the world. https://t.co/mmW6uGv6es",side-effect 
2298,1334813112340533249t,@martingoodlet @SimonPearson961 😂😂😂😂😂😂😂😂😂😩😂😂😂😂😂😂😂😂😂😂Thats a joke tight buddy?! The vaccine that even the ex head of Pfizer is suggesting people AVOID because it’s not tested rigorously enough?! How do you tie your shoelaces in the morning ?! 😂😂😂😂😂😂😂 https://t.co/X2AifYiap6,rushed 
2299,1288382248648159232t,@hphan22 @karencuban17 @Meet_Death @LynnPineda @Cleavon_MD I feel sorry for your children. The type of mother to give a vaccine that hasnt been safety tested. That was made in 6 months rather than 6 years. If you did some proper research you would see the danger. Take care goodbye.,side-effect 
2300,1327655334643519489t,@WhiteHouse @realDonaldTrump Safe? The trials for the pfizer vax won't be completed for 2 years,rushed side-effect 
2301,1285273250067603456t,According to the article the Covid 19 vaccine is safe and provides immunity for only 2 months. Maybe ready by Christmas. Article states that Chinese candidate may also be effective. Will u take the vaccine? That would be a no for me. https://t.co/PvvcMDp4nk,ineffective 
2302,1334927221006495746t,@Independent_ie The @pfizer CEO isnt even sure that the #vaccine will work! The UK gov jumped the gun too quickly in accepting it. Not worth the risk for people in the north. 👇👇 https://t.co/BVcWlKdMQX,ineffective 
2303,1351578414684266499t,Cases' data is propaganda.  'Died WITH Covid due to ANY CAUSE within 28 DAYS of a positive test.' =/= 'died from'.  How many 'died within 28 days of a vaccine'? Small print. Manipulation.  https://t.co/1AMpBCP0I6,side-effect 
2304,1382227794504081408t,"RT: Pausing the Johnson & Johnson Vaccine Makes Sense https://t.co/Ux7dui9Rcn — COVID19 (@V2019N) April 14, 2021",none 
2305,1355430440769871872t,@afneil Why are they so desperate to get hold of a vaccine they think doesn't work? 🤷‍♂️🤦‍♂️,pharma 
2306,1329735596546338816t,@moran_07 Have you stopped to think about the long term effects of introducing these ingredients into your #DNA just B/C your government tells you to? Why⁉️⁉️ Oh & did u know that you have no legal recourse for any & all harm done by a #CovidVaccine? #PrepAct,side-effect 
2307,1376376200508145664t,"@RedBeardV2 Simply, mass distribution of a “vaccine” that doesn’t kill the virus, can lead to a mass asymptomatic spread which is more than likely to mutate to a VERY lethal virus immune to current treatments.",unnecessary side-effect 
2308,1404293217995034629t,"#Pfizer #PregnantWomen #BreastfeedingMothers ""The vaccine has not been studied in lactating women"" ""Very little data are available to assess vaccine safety in #pregnancy"" https://t.co/CIKJhxjIg5",rushed side-effect 
2309,1325600421059112966t,@_InThisTogether @scanova Vaccines in general have never been proven or shown to be safe or effective not one. The “COVID-19 virus“ has never been isolated.The rt-PCR test the basis for the diagnosis of the “disease” in the first place is completely and utterly flawed. Are you keeping up?,rushed ineffective 
2310,1288501398129094656t,"@The_Acumen @ellaeresunanina He has public influence because of the millions of $dollars donated to WHO and other organizations. He has invested millions into creating vaccine for the COVID-19, I’m not sure I trust his motives.",pharma 
2311,1334474301546835968t,@7_relentless @upinsmoke000 I think your standpoint is spot on. There are plenty of concerns from doctors & medical professionals about the way this vaccine has been rushed through. This is from the BMJ: 'Will covid-19 vaccines save lives? Current trials aren’t designed to tell us.' https://t.co/ASWEYQlAHq,rushed 
2312,1331642839478964224t,@slats76 @amandageal @Northernlu @emmakennytv @MichaelYeadon3 TELL US ALL ABOUT THE VACCINES!!! Pfizer vaccine is 95 percent effective. What they neglect to tell us is that the placebo arm was 99.5 percent effective! Pharna lemmings are frightening.,ineffective 
2313,1371533549816442881t,"Now 19 Countries! Still say this is a good idea Boris? COVID-19: Germany, France, Italy and Spain suspending Oxford-AstraZeneca coronavirus vaccine amid blood clot concerns https://t.co/0fTJsYrBF3 https://t.co/ACKW1MVi1H",side-effect 
2314,1344704218339237893t,"@SciencePharmer We actually don't know that ""one dose of vaccine is also very effective"". Sure, in fig2 of the NEJM pfizer paper we see the survival curves diverge about 10 days after dose one, but all those folks got a second dose. Single-dose protection could be unhelpfully short-lived.",ineffective 
2315,1328168996387086336t,@Alicia_Smith19 @ReidSpeed123 You're never immune to cold viruses. You can always re infect with the same cold. Covid19 is a bad cold virus. It's also safe to say there will never be a vaccine. This thing touted by Pfizer is probably a weak infection agent that occasionally installs some resistance.,unnecessary ineffective 
2316,1355968053381640196t,"@FactoryNOW_ @amandanewb AstraZeneca Vaccine might yet turn out to be a poisoned chalice. Despite the govt claiming its 70% it’s not. It’s 62% & that’s from trial on 90% healthy <55s & no one over 74. Yet the govt that “did everything it could to save lives” is giving it to care homes, avg age 87.",side-effect 
2317,1331166377286230024t,"@disinformedia @emmakennytv @BorisJohnson This 'crackpot' (me) has done thorough research on vaccines, now knows many parents of vaccine injured babies, some parents whose babies passed away after vaccines, there is a risk with any medical intervention. With covid vax zero liability has been granted, with govt also. https://t.co/wBYEVrglTV",side-effect 
2318,1310144981240340480t,@10DowningStreet @BorisJohnson Well you did not die from covid nether will we ✅ forget the vaccine 🤬🤬🤬🤬,side-effect 
2319,1332405092683821059t,AstraZeneca Defends Dosing Error in Covid-19 Vaccine Trial - WSJ https://t.co/bJXKzGr4Dt Billions of dollars at stake and shareholders to keep happy - AZ has to spin/defend vax,pharma 
2320,1364315413006401536t,@EleanorQueenie @Togs100 @debbiebarnes66 Hi - It’s a while since I read it but it relates to the coronavirus trials in the early 2000s whereby animals that had been vaccinated were later exposed to the virus and the virus then killed 80% or so of them. This time they have been allowed to bypass the animal trials 😳,side-effect 
2321,1287921640509243397t,"@TeamTrump @realDonaldTrump It’s a positive step but it hasn’t yet been proven to actually kill the virus. We’re a long way from a vaccine that’s safe, effective and available to all. Slow down and let them do their work without your “help”.",side-effect ineffective 
2322,1388289624221655040t,UCSF treats man who developed rare blood clot after Johnson and Johnson vaccine https://t.co/d0SPuL1S29,side-effect 
2323,1444666135128035332t,🚨🚨🚨 BREAKING Investigation: Deaths among Teenagers have increased by 47% in the UK since they started getting the Covid-19 Vaccine according to official ONS data @SenRonJohnson @DanScavino @DonaldJTrumpJr 👇👇👇 https://t.co/QCh0096pvw,side-effect 
2324,1355509629174878211t,@Tirus56131185 @denvern3 No he said he’s healthy and he isn’t a frontline worker. He’s definitely a frontline worker. He’s always standing in front of frontline workers advertising his vaccine. Why isn’t he taking it? He’s not telling us something about the vaccine.,none
2325,1371043998589194244t,"Has anybody in the UK died of a blot clot from having the Oxford/Astra vaccine? 25+ million doses have been administered so far, Is it a ploy to distract from their lack of vaccine?",side-effect 
2326,1305994338367922183t,@jimalkhalili @BBCRadio4 unbelievable sucking up. No mention of the fact that only 36% will take the vaccine in latest poll nor the failures of Oxford vaccine with macaques and only briefly mentioning the adverse reaction in USA,side-effect 
2327,1355502203801317380t,"@BBCNewsnight @lewis_goodall I think they've already been repeated. The government only had one strategy- the vaccine. Care home residents have been collateral damage in the pursuit of pharmaceutical solutions. Out this mess must come a major reform of adult care provision across the ""developed"" world.",political 
2328,1400385355178708992t,Australia: Eight new cases of AstraZeneca clotting condition. One person is in intensive care after developing a case of the rare clotting disorder linked to the AstraZeneca vaccine. There have been eight more cases of the rare clotting condition linked to that vaccine.,side-effect 
2329,1353672710631510018t,@MailOnline Pfizer own all the peoples an explanation why 23 Norwegians died aft got vaccination in Jan. 2021.,side-effect 
2330,1369516320861999110t,"Liablity_Insurance #Pfizer is demanding countries put up #sovereign_assets, bank reserves, military bases and buildings, as #collateral for expected #vaccine_injury_lawsuits resulting from its COVID-19 inoculation Argentina and Brazil have rejected Pfizer’s demands. @mercola",pharma side-effect 
2331,1072894070933110787t,@katelyngaitlyn @Rachel00917 @KathleenLights1 It would cause a panic and no one would get vaccinated if they discovered why. I get that. But they won't prevent the issue and that concerns me. They won't even actually study it. Vaccines are big business with powerful lobbyists. Why not spread them out one at a time and find..,ineffective 
2332,1296309489008652289t,"@DevinCow Be sure and trust this guy's vaccine: one part attentuated virus, 9 parts toxic waste (from Russian, very pure)",ingredients 
2333,1319357857951830016t,"If #politicians are telling us that the present ##Corona impositions on our lives are only going to last until we have #vaccines, then the reality is that a #falseHope is being promulgated. https://t.co/2YSe19BrYB",conspiracy 
2334,1350141779018997760t,@Telmoore06Tony @lennythepen @ossien1 Do you want a step by step process of how a vaccine is produced? You know I’m a cab driver same as you don’t you....difference is im going to pretend im some oxford scholar on here for likes. It is what it is as you’ve said you’re taking the vaccine so you must feel it’s safe,rushed 
2335,1377092224584970240t,"@txsalth2o I suspect most of the people fighting lockdowns will be the people fighting vaccine passports, because that's the next big battle for freedom, and it may be a long term battle, if the Great Rēset folks follow through with their plans.",mandatory 
2336,1308175388816834560t,@abmoser88 @root2702 @nytpolitics That notion is statistically insignificant to my age group and younger. COVID vaccine benefits if any are for the immuneo-compromised to whom prevention works more magic than any vaccine. I could be wrong & it's sad no health agency is producing reliable info free of 💵💵input,unnecessary 
2337,1306434729588256774t,"@MJC63335086 I agree. Rockefeller Foundation original funder of Dr. Joseph Mountin CDC. He also owns, Monsanto GMO- Corn Africa GlaxoSmithKline/Pfizer Sanofi/GSK took 2.1B to speed up 'warp speed'. Tangled web of lies/deception",pharma 
2338,1326914504920342533t,I'm going to create an account on @parler_app to inform people that the Covid vaccine will indeed turn you into the drag queen you never knew you were. Mitchy McConnell in full face - here for it. #freespeech,none
2339,1353364928569241601t,@LPerrins Please @MattHancock is there ANY benefit at all to having the vaccine ??? Because it sure as hell doesn't seem so !,none
2340,1402993751941738504t,"Just curious! Do you personally know someone who got the coronavirus vaccine and they developed coronavirus #COVID19 infection after getting the vaccine ""Fully immunized"" eg :2 weeks after the 2d dose of mRNA vaccine eg: Pfizer "" ? 🙋‍♂️",side-effect 
2341,1338129343407661057t,"#Cyberpunk2077 was in development for YEARS. Delayed 2ce, and on launch it was buggy. Consider a biochemical cocktail of much greater complexity, with much greater cost for the 'bugs' and you really expect me to believe the COVID vaccines are safe and effective?",ineffective 
2342,1330804598538465280t,"@toryboypierce @AstraZeneca Why don't you ask, what is the side effects if any, in a couple of years time, conception, births. Does anyone know this? I thought not and people are willing to subject themselves and unborn babies to an experiment. Why journalists not asking this question.? There is no answer",side-effect 
2343,1312219187775967239t,"@stucam7771 I have no trust pretend they all have covid, take fake vaccine (that they all put money into company stock) miracle drug..they get richer",pharma 
2344,1339280109270953987t,if the covid vaccine is so beneficial why do they want us to sign a contract if any consequences occur 💔,side-effect 
2345,1355571646631968778t,.@AlexWitt My parents are 79.5 and live in the northern panhandle and haven't been vaccinated!! How is the governor being applauded!!?,none
2346,1288646596675145728t,@NVICLoeDown Desperate public? Or people daily bombarded by the media that they won't get their life back unless they succumb to a vaccine? There's a difference between 'desperation' and 'coercion'. https://t.co/1b1Ds9gX3E,unnecessary mandatory 
2347,1282846218914344961t,🔥Bill Gates Moderna making vaccine thatdies not use dead or weakened virus but targets your immune system... they call it the “software of life”... wonder it it comes with an expiration date? R.I.P.,conspiracy 
2348,1334231720560881667t,Why would any product need legal amnesty? This won't stop civil suits- Coronavirus vaccine: Pfizer given protection from legal action by UK government https://t.co/C93JRiMG6D #Healthinnovations #Health #coronavirus #Immunology #COVID19 via @Independent,pharma political 
2349,1341840497816580097t,"Pfizer’s vaccine maximizes profit, not the greater good | Column https://t.co/TksNWUD9Lu",pharma 
2350,1219337634700517377t,@declanoscanlon You know how? by proving to us that vaccines are safe and effective. Give us those studies. They are nonexistent. Prove to us that we are wrong. Do just one vaccinated vs unvaccinated study or one study showing those adjuvants don't cause autoimmune diseases.,side-effect ineffective 
2351,1410963593529495554t,"#VAERS #vaccinedeaths 16y♂️#Georgia died 4 days after 2nd 💉 #Pfizer #Covidvaccine ""Write-up: Prodrome of headache and gastric upset over 2 days following second dose. Then felt fine. Found the following day dead in bed. Autopsy pending"" https://t.co/b0AFWZT5Lg",side-effect 
2352,1418097640743469056t,"I am sick of these very rare deaths bullshit, AZ is dangerous, and Morrison want kids to use it. The man has no conscience at all ! TGA links deaths of 44yo Tasmanian man and 48yo Victorian woman to AstraZeneca vaccine https://t.co/F53SChPNYC",side-effect 
2353,1374133692994617344t,"So, how many people on here have NOT been vaccinated yet? I feel like I'm the only one who has no trace of microchip or anything in me yet.",ingredients 
2354,1336075300875214849t,"@gjbangar @dockaurG @PattyHajdu It's not for kids under 13 or pregnant women or the immunocompromised according the the BMJ (Pfizer and Modena vax) but they are giving it to the most immunocompromised first they are evil lying scum and Judgement will upon them soon, one way or another. Their crimes are noted",side-effect 
2355,1326208814354489344t,"@NigelKellow @LeahButlerSmith a) its rushed & untested b) Vallance was Pfizer director during swine flu hoax c) Gov had to pay out £60m in injury compensation for mostly brain damage injury claims d) Flu vax only 14% effective e) C19 from Mar is over, experts agree it's mutated to multiple less severe strains",side-effect 
2356,1354867879720734733t,"@tododonnell @JamesDelingpole I cannot WAIT for the first successful legal case of enforced vaccines. It’s going to be Biblical. (PS Has anyone seen the Pope lately after his alleged arrest for kiddie fiddling? Italian govt latest to fall, after Dutch, Kuwaiti, Estonian & Russian).",none
2357,1387534028840964097t,#BREAKING Two NSW men die days after COVID-19 vaccine. 🟡A 55 year old man from Tamworth died in hospital last week about a week after rolling up his sleeve. 🟡A 71 year old Sydney man has also died after getting the AstraZeneca COVID-19 vaccine. https://t.co/jSC5uJhkmS,side-effect 
2358,1403274273289035780t,"UK odds of vaccine induced clots from Astrazeneca vaccine now 1 in 66,000 They used to tell us it was 1 in a million. https://t.co/i9gSVfm64a",side-effect 
2359,1355503524352765953t,"Serious question... Now we *know* the Pfizer vaccine is only 50% effective after one dose, (and not the magical 89% lie we were told by the overly politicised JVCI), shouldn't the UK be moving to a proper dosing strategy like countires who prioritise substance over appearance?",ineffective 
2360,1333080364961566720t,"Disgraceful behaviour from #Ireland national broadcaster @rte who ironically use a child called 'Saoirse', meaning *freedom*, to promote the #Pfizer #mRNA #vaccine. https://t.co/2hBKBOwAQx",none
2361,1330814119948251136t,@business That Pfizer collaboration deal with Biontech in 2018 was explicitly for the mRNA tech to produce a vaccine for an influenza virus and now these vaccines are being rushed to market with special profitable dispensation ? https://t.co/ifJpP1R0ZI,pharma 
2362,1364541258199367682t,"@CP24 The kids are anxious becuase they have been locked at home.   They miss activities, like sports, dance and music.  Childhood is being stolen.  To ""Save"" some 80+ year olds.  And now they are vaccinated.  Declare this over. End the lockdowns now.",unnecessary 
2363,1334951675518455810t,"@drdavidsamadi Yes, not a single individual this year has become ill or died of flu. Amazing! Last year's flu vaccine was an absolute disaster. I had the over 65 version, which is 4 times the usual dose. I nearly died frm both covid-19 & flu. Every year CDC targets wrong strain. Huh?",side-effect 
2364,1379005524633649154t,@Iromg If @BorisJohnson thinks I'm taking a twice weekly Covid test after having the vaccine he's more deluded than he now appears.,rushed 
2365,1339795696786935808t,@longbeachgriffy Sucks for y’all taking the vaccine then,none 
2366,1288620075637932032t,"@bennyjohnson @mattgaetz Apple, Microsoft (Bill Gates) miracle drug/vaccine, Alphabet ""Google"", Facebook, Amazon If you don't think this is a George Soros NWO takeover you are sadly mistaken. These corporation needs shut down. 🌻 https://t.co/f4ItrNwD5s",pharma 
2367,1415134281756602372t,FDA Warns Guillain-Barré Syndrome May Be Linked to Johnson & Johnson Vaccine https://t.co/hzsQlc7Kt7,side-effect 
2368,1354172050097758211t,"@CooperArtist @talkRADIO @iancollinsuk Exactly the point, why have the vaccine if it doesn’t stop you carrying or spreading?",ineffective 
2369,1333868796285648896t,@democracynow A vaccine for a virus with a 99% survival rate? “But the most alarming fact about the new Pfizer-BioNTech gene edited vaccine is that the gene edited mRNA for human vaccine application has never before been approved. “ https://t.co/KHNGNgS1ft,conspiracy ingredients 
2370,1376928481242677256t,@AndyFillmoreHFX my government has just tuned me into an anti vaccer. My life matters and they tell me I have to take the astra vaccine. Or wait for the masses. Well by then the covid rate will be low so.....🤷‍♀️ anti vaccine for now.,conspiracy 
2371,1301659299022802944t,"@standardnews Who gets to decide what is misinformation? There are many doctors and scientists sceptical of vaccination. Even those who believe in it would caution against a rushed vaccine for a condition with flu like mortality, like covid-19. Dr Vernon Coleman has offered to debate anyone?",rushed 
2372,1365946766332420096t,"@Ian27332350 @ianbrown The vaccine isn't designed, or known, to protect others. It should protect you from full blown symptoms. But someone who feels more secure is more likely to forgetfully sneeze in your pint.",ineffective 
2373,1333754624097062914t,"Currently Pfizer is claiming, without evidence, that its vaccine is “90% effective.” But this claim is little more than corporate propaganda designed to drive up stock prices through false projections.",ineffective 
2374,1367242788790620162t,... when the cure is much worse than the disease: Pfizer's vaccine killed ‘about 40 times more (elderly) people’ and ‘260 times’ more of the young than ‘what the COVID-19 virus would have claimed in the given time frame.’ https://t.co/xYgNEMIYjO,side-effect 
2375,1304168877753085952t,@drdavidsamadi Show me peer reviewed double blind data with a control group and I will try and take the vaccine. None of this politically rushed bollocks from Moderna.,rushed 
2376,1356013214870470658t,@kodytisdale @scdhec And that would be exactly why kids aren't eligible to get the vaccine over here. They haven't run trials.,rushed 
2377,1338547064062545921t,"Didnt they say if you already caught covid you are immune to it, why i need a vaccine?",unnecessary 
2378,1260983054681563136t,"@realDonaldTrump Open up CA now! I don’t take the flu vaccine, I won’t take one for Covid. NO MANDATORY VACCINES! If you go down that path it will be a big mistake, huge!",mandatory 
2379,1354130335592804354t,"@philfreie @DevorguillaScot Thats the answer to the more obvious question, the real question is why push ahead with the vaccine passport idea if the vaccine isn't stopping transmission?!",ineffective 
2380,1382289125244612613t,"Who is impacted? The6cases of CVST under investigation by the agencies occurred among women aged 18 to 48 who received the Johnson & Johnson vaccine six to 13 days prior to developing symptoms. One of these women died, and another is in critical condition. https://t.co/v2Vecg5527",side-effect 
2381,1364696495140843522t,Having such a laugh at the Telegraph's desperate attempt to get the younger generation thinking about taking a vaccine. I hope they do not comply!!,mandatory 
2382,1339086005534478337t,"@heymynameislala @rutgers2k @GovMurphy @pfizer @BioNTech_Group foods, tobaccos and the usual products have been known to us for decades. these ""vaccines"" go straight into your blood streams and lord knows if they'll decrease sperm counts, block hormones, cause infertility, babies may come with missing limbs, saggy skins, cause wrinkles, etc",side-effect 
2383,1362423340795912195t,@debatenothate2 Heard today on Euro news that The Pope has issued an ultimatum to all Vatican staff / employees : get the covid vaccine or lose your jobs! How soon before we get that here?,none
2384,1309921232582631424t,"@JustinTrudeau @AstraZeneca I’m not going to buy your propoganda no matter how many times you preach it. The truth can’t be persuaded and unlike you, I’ve spent years researching immunity and vaccines from independent sources, not pharma. Spend that money on holistic healthcare instead, please.",pharma 
2385,1376542659016286219t,"@ScottAdamsSays The answer lies in the result. What happens to those that don't want the vaccine & therefore don't get the ✔️ on their vaccine passport? If you believe nothing, that it's just for informational purposes then u r ok with it. If you believe much worse, then your opinion changes.",mandatory 
2386,1287771843043221505t,@TrumanBishop We will not be going with Gates with chip plan against us. President Trump never mentioned Gates. Be is a Depopulation believer and killed many kids in Africa with his vaccine. Be goes into heavily populated areas He is not in it alone We have 2 local good reputable Labs.,conspiracy 
2387,1298293608773308417t,Wake the FUCK up people! You are being duped. This vaccine makes you MORE susceptible to the virus just like the flu shot did with COVID too https://t.co/oSSlYuysBR,ineffective 
2388,1340454986577108992t,"#ModernaVaccine Dev. Neglects #TCells $MRNA #Tcellexhaustion ""Bancel’s vague responses to very appropriate questions from analysts about antibody levels measured ... strengthens my suspicion that this COVID-19 vaccine could be a lemon."" https://t.co/e6dpLHxs1Y",ineffective 
2389,1353392880463831040t,@Aging_Scientist @Beth_E_K 1 in 34 have autism..1 in 3 have allergies..1 in 3 are obese..the old people are living longer i agree n you know why..they got 3 vaccine..only 3 except those who take flu shots..my childtem age 40 now got 20 some ..now it's up to 50 some..,side-effect 
2390,1331163161291055105t,"@chipfranklin No. Definitely not the one developed in the US. Probably not AstraZeneca’s either, although that would be my pick- 1 shot, not a 2 phase, normal refrigeration, FRACTION of the cost.",none
2391,1358573972153987074t,Great ...so the Majority of Australians will be given a COVID-19 Vaccine #AstraZeneca that will not protect us from the Virulent Strains of the Virus ! #LNPfail #auspol,side-effect 
2392,1356066436784025606t,"Did you know? Merck abandoned their Covid-Vaccine development saying, ""It's impossible to create an effective vaccine for the corona-virus."" So, With France & Australia stopping their Vaccine program, Do you really think it's safe to take the experimental Pfizer shot? Do you? https://t.co/zk3QoQGtGk",rushed side-effect ineffective 
2393,1291918926192840704t,"@SeekerBeach @WeAreFamily_333 @jijicolo418 @drsimonegold I believe it’s Bill Gates and Anthony Fauci.  The vaccine will be worth billions if it’s delegated to be a MANDATORY vaccine; which wouldn’t surprise me. No wonder the MSM, WHO, CDC, Media TECH giants R censoring positive info from Drs treating COVID-18 with Hydroxychloroquine.",mandatory pharma 
2394,1320484556324130818t,"@kxng__james @ManouchkaBreizh @bodhiinsight @HegKong They shouldn't have to almost force vaccinations on people in the first place. Even if people get vaccinated that doesn't meant that they will never get Covid. If people WANT to take the vaccine, that's fine but it shouldn't have to be almost forced to do so.",mandatory 
2395,1407029920056807426t,A 13 year old died soon after his second shot of the Pfizer vaccine. Does anyone know if sufficient research was done before it got emergency approval for 12-18? @pash22 @MonkofMaude @PriyankaPulla @GorwayGlobal @Subah_E_Farda https://t.co/45pbzKZUoT,side-effect 
2396,1373305916389474307t,@afneil You mean the Russian vaccine which has not been fully tested and it's that good they are giving it away. lol,rushed 
2397,1365301892373303300t,"● ""If I experience a severe adverse reaction, long term effects (still unknown) or die from the vaccine will I (or my family) be compensated from the vaccine manufacture or the Government?"" Government: ""NO - the government and vaccine manufactures have 100% zero liability",side-effect 
2398,1403906383108481026t,@sumanthraman He took pfizer vaccine on May 31st it seems. Its important to know vaccine adverse effects before taking vaccination,side-effect 
2399,1375152843854766083t,Really scared to get my COVID vaccine next week. I hate shots so much. 💉 😢,none 
2400,1374028741924511744t,Spent all Sunday sleeping and resting and yet I’m m still exhausted. Fuck that vaccine,ineffective 
2401,1301518511408386049t,"@realDonaldTrump Who’s going to try tRumpys new COVID vaccine? As much as I hate him, I don’t wish your children to have no parents. If ANY of you have any sense at all, don’t try it. The vaccine hasn’t gone through phase 3 which deems it safe... ctd",none
2402,1376729657077272579t,Shout out to all the folks saying they see hope in their being vaccinated. This isn’t hope.,none 
2403,1376557786151198725t,Any politician pushing something as unconstitutional as vaccine passports needs to be removed from office. Period.,mandatory 
2404,1340117534134157312t,@greta @moderna_tx Moderna = bill gates = sterilization = planned parenthood dream,side-effect 
2405,1375359298012766215t,@vonderleyen & #EU are now putting the whole world under threat as #AstraZeneca wondering why they are bothering with a #vaccine which isn’t making them any money & is affecting their whole business. Well done Ursula- you could have the blood of millions on your hands!,pharma 
2406,1337531152110940167t,@Virgakc52 I was offered a day ago and refused. I have never been one to suffer from that kind of thing. The bones and joints are failing but the immune system is decent so I will hang fire for the moment. I retain the right to change my mind. Same with the Corona vaccine.,unnecessary 
2407,1428844191933730816t,@nursecaro13 Totally agree. I am double vaxxed with AstraZeneca and I am disgusted that the government can force a medical procedure without consent.,mandatory 
2408,1322206742105755648t,"So basically @janssen refused to provide additional info about the adverse event that stopped its clinical vaccine trial, even after Dr. Sandra Fryhofer reminded him of the importance of transparency. https://t.co/3PVAQS2xB9",side-effect 
2409,1347587065010151432t,@LickleMissMitch I wouldn't say that. I just don't believe in the science that gave us the covid vaccine.,none
2410,1345361992392056833t,@keirshiels @marcuschown What is the point exactly - Pfizer itself says the vaccine is useless if the 2nd jab isn't given within the correct time frame or are you 2nd vaccinating your elderly frail patients?,ineffective 
2411,1319788195148558336t,"Does anyone trust this Corp that made Baby Talc Powder that caused Cancer to make a safe vaccine?😱😡 Johnson & Johnson’s $100 Million Baby Powder Lawsuit Settlement Is Overdue For Black & Hispanic Women https://t.co/5IS8hqm8Jr Remember, J & J had to stop their clinical trial.",pharma 
2412,1297544107162730497t,@PressSec @realDonaldTrump You mean the unproven shoddily tested Russian “vaccine”? I’m sure his master is shoving it down his throat now...,rushed 
2413,1353461881369841664t,the vaccine talk just pisses me off more than anything because y’all literally have no idea what you’re talking about...,none
2414,1332297060482232320t,I’m not going to take the vaccine ever BUT if I WAS going to take it I’d have no doubt which one I’d go for - the Russian one because it has the best name : SPUTNIK FIVE x 🇷🇺 https://t.co/weWq4r4tlF,country 
2415,1354886863505530880t,The crazy phase of vaccination all rushing out to get a shot that is still in clinical trials and still not 100% that it will cover possible new strains so in the end how many shots do you people want to take and invade your body with something that doesn’t belong there,rushed 
2416,1288485123369783296t,#HCQzinc4prevention can halve the deaths due to #COVID19 Google Facebook Twitter are controlled by Big Pharma Lobby that want to make trillions withthe vaccine Switch to https://t.co/rr7nZudtBb,pharma side-effect 
2417,1254882873372524544t,@ShangoKofi @RealCandaceO They usually take years to fully test and approve a vaccine. You can take this one. I'll wait. Thanks.,rushed 
2418,1334488813972942849t,"@CNNPolitics If these 3 treasonous criminals are promoting them, this should tell you all you need to know about the uselessness and dangers of these so-called 'COVID-19' vaccines. You need your head examined if you think they're actually taking an untested vaccine against a seasonal flu.",unnecessary rushed 
2419,1337197978235375618t,"@greg_doucette I’m beyond pissed. I can’t have the Pfizer vax (history of anaphylaxis) and don’t know yet about the others. I may have to rely on herd immunity for this, but I don’t live in a country where that’s possible, I guess.",unnecessary 
2420,1377319394695602177t,I don’t want to get the vaccine. I wanna kill zombies not be one,none
2421,1325885143593054208t,"@ddale8 @kaitlancollins Thanks for letting us know. I will not take the vaccine until @JoeBiden's task force takes over!! I don't trust @pfizer if they're working with @realDonaldTrump and his administration, makes sense now why Pfizer is pushing this news!",political 
2422,1289557758694445056t,"@realDonaldTrump ....His role in Moderna is where he made his fortune and established his connections. Let that sink in. Wake up people! You are being conditioned and controlled. Please copy and paste this, I did!",pharma conspiracy 
2423,1350118618814509057t,@CTVNews Several people in Germany DIED after having this vaccine... BUT don't worry - it was existing comorbidities that killed them. NOT the vaccine.      Are you not seeing the  #DoubleStandards between the #vaccine and #covid reporting yet?,side-effect 
2424,1255582173534486528t,"@AParapanos @Fire_Syde @Idontthinksokid @Charlotte3003G @wordwhisperer They call it vaccine injury, not specific to one cause. There is enough evidence to say correlation, but that doesn’t mean causation. So they look at the chemicals added to preserve the vaccine, which can cause harm. (Not to everyone). That’s why they look for safer vaccines.",side-effect 
2425,1325900913161216000t,I simply do not trust this Pfizer vaccine. it is a tool of government control and oppression as there’s a drive into deep left field by castellanos and that’ll be a home run. and so that’ll make it a 4-0 ballgame. I don’t know if I’ll be putting on this headset again. I dunno if-,political 
2426,1239883021924401156t,"@Maggiiemaggs @moderna_tx Yes, they are cutting corners in their desperation to get a vaccine. When they have it they will be forcing it upon the population.",mandatory 
2427,1217799242640764934t,It never matches any year. Explain to me how a vaccine is made/altered PRIOR to the “flu outbreak”? Do they have ESP? Do they test these vaccines prior to injecting the dumbed down population? SCAM,conspiracy 
2428,1288450421506416642t,"@carolsummers1st @madmoys @pritipatel @BorisJohnson It makes a total nonsense of this ""governments"" health policies AND THEY KNOW IT. this is why few will take anything they say seriously. Our political classes a totally corrupt Globalist controlled morons. BEWARE THIS COMING VACCINE. I won't be having it.",political 
2429,1354844941168619524t,"@andy_b1969 @Nigel_Farage About the disputed efficacy of the AZ vaccine, see here https://t.co/lN8sYFtlVa About the derivation of these vaccines from aborted baby parts, see this video interview (and transcrip) with a virus & vaccine expert: https://t.co/4BVSCVThm3",ineffective 
2430,1332206506339565570t,#IndiaFightsCorona Oxford AstraZeneca Vax FACTS SHARE WIDELY Those promoting the vax have loud voices & big money to hide the truth from you So there needs to be some effort in amplifying the voices of those who expose the truth. The entire thread is backed up with proof 👇🙏,pharma 
2431,1353087179656986624t,"@doctor_oxford @MattHancock Yet more mixed messaging from @MattHancock Tell people they've been vaccinated when it's only half complete and they'll relax their guard, then mix more thinking they're safe when they're not. Defeats the object no? Or are you teeing up to shift blame again?",ineffective 
2432,1407632467410960391t,"@Iromg the vaccinated are spreading virus as they are not following guidelines, just a thought. Also Johnson, witty and Hancock are toast if they don’t open up on the 5th. Lots of people just acting normal Mike. I’m done let’s move on.",none
2433,1339818990504353794t,@barnettjake @zheydorntorch There’s been a vaccine problem in this country long before Covid-19.,unnecessary 
2434,1263822734921838593t,"and in other news, corona virus vaxxine factories killed off the first young lady volunteer, and moderna shows over 20% highly serious adverse reactions to their testing on humans.s..drumph,billyg, and faulty have billions invested in some no name biotech firm (pals of DTs)",side-effect 
2435,1337763211119120384t,I will never fly United. This is wrong. So if your child doesn’t comply to fake science you are tossed away. They are using corporations to force us to obey. Next is forced Pfizer vaccination #stopthesteal,mandatory 
2436,1341291525200879617t,"@C_Cattoir @brownie_wild @MgrXavierMALLE The AstraZeneca vaccine is more morally compromised. The HEK293 cell line was used in the design, development, and production stages of that vaccine, as well as for confirmatory testing[...] The AstraZeneca vaccine should be avoided if there are alternatives available.",rushed 
2437,1416668571594285061t,"BBC News - Covid: Vaccine offered to all UK adults, says government https://t.co/84j6peJEAH It is too late.. The virus has escaped the vaccines..Stop jabbing now. STOP!! #vaccine #JohnsonVariant",none
2438,1326574527199973377t,"@Vanamonde4 @maxsec @daspeedzinHD @timyagley @NonsenseFlat @Rusty_Squared @SirFixuhLot @saty_owo So do I. But not without questioning the validity and the nature of the actual virus at this point in the pandemic. There are infinite covid narratives flying around and now vaccine. Skip me. Mask ok, vaccine 🤣 🤣 🤣 🤣 nope.",rushed 
2439,1335577683342860288t,Pfizer: Vaccine creators and administrators to be held accountable for harm or death caused.. - Sign the Petition! https://t.co/MyRLzLnjpB via @UKChange,side-effect 
2440,1259907654484463622t,@people Also it's a side effect from vaccines. We're they recently vaccinated?? You can't vaccinate sick kids. If they had Covid their bodies were already compromised and fighting that infection off. Add 6-8 vaccines and this can happen.,side-effect 
2441,1280173799716130817t,"“The only means to fight the plague is honesty.” (Albert Camus, 1947) Once you see through the deception around Covid-19 it becomes clear that we are been systematically strong-armed into accepting mandatory vaccines. #CoronaVirusSA https://t.co/dgCqBorIkQ",mandatory 
2442,1442622723465699328t,Anyone got a sore neck ? EU reviews reports of rare nerve disorder after AstraZeneca's COVID-19 shot https://t.co/Ta3mbhIWYM,side-effect 
2443,1413314604252352514t,@drbecs @Lisa_Wilkinson @GladysB @ScottMorrisonMP @theprojecttv I was talking about mortality risk from AstraZeneca vaccine.,side-effect 
2444,1355397097718079490t,You could look at a vaccine like coffee- What flavor of the vaccine are you getting? Did you get a shitty 1? Are they getting better ones over seas? How do you know you got a good one? Why would you take it if so many people are dying after they get it?,side-effect 
2445,1340898902854279168t,"@AlexanderRM34 @AlexBerenson The average age of a covid death is about 80.  Death at that age is not tragic. But if a 30 year old healthcare workers dies from the vaccine, that *Is* a tragedy.",side-effect 
2446,1298281025835896834t,"Successful CV19 drug, Ivermectin is out of Patent Hence the push for a vaccine, which will hold a Patent.. Its all about the money......flamin psychopaths!!!!",pharma 
2447,1299817632460419073t,"@joolshoban @Linkalotz @TomMaxwell11 @BorisJohnson_MP they can indirectly ...no benefits ,no travel ,no right to work etc till youve had your vaccination and covi pass ....they wont come at it head on but you will be coerced ,ill bet money on it",mandatory 
2448,1383218017593552898t,"@PlayContra @john_JustFacts Even when they say, ""The risk-versus-benefit assessment for use of AstraZeneca COVID-19 vaccine will be different for Australia compared to other countries, such as those with widespread transmission"" ... they STILL pick a lower age cutoff than countries with heaps more spread!!",ineffective 
2449,1421472671246790657t,"Covid vaccine booster shots for the delta variant are being over-hyped by drug companies • Trump appointee, Scott Gottlieb, is still grifting Americans into vaccination that's unnecessary, while Africa is 98% unvaccinated. #CovidVaccine #COVID19 #Pfizer https://t.co/F9QS1vJRaz",unnecessary 
2450,1354191269627482112t,@IAMCAMAR1 @stefsstuff2 I'm an anti-vaxxer and won't have any of these; but I know your reaction is not surprising considering it's for herpes zoster. Take it easy for awhile and monitor your temp. Should be normal in a day or two. Same with COVID vax if you get. My boss got and it's fever/fatigue.,side-effect 
2451,1329488407307956231t,"@PaolaQP1231 Well, I mean congratulations Covid19 for being the first ever “thing” to eradicate influenza. In other news, Covid vaccines will spur the rise of influenza In  2021-2022 season. Influenza will be returning for a shot at the title belt. Nov 2, 2021 on pay per view. Order today.",unnecessary 
2452,1353036427190280192t,CAUSE OF DISEASE & DEATH - VACCINATION Shawn Skelton after taking the Moderna Vaccines. Doctors says it is just stress. https://t.co/4z2mODiKIm,side-effect 
2453,1264856128544014341t,#GatesQuackVaccine 18.05.20 (F. William Engdahl) The Warp Speed Push for Coronavirus Vaccines https://t.co/sNselw1Zju 20.05.20 Robert F. Kennedy Jr. CATASTROPHE: 20% of Human Test Subjects Severely Injured from Gates-Fauci Coronavirus Vaccine by Moderna https://t.co/kEhYSpcLtR,side-effect 
2454,1306673410202894337t,@GovMikeDeWine Tell that to all the elderly in nursing homes that had the flu vaccine and died because you transferred covid patients to them.,side-effect 
2455,1371465644949045248t,"A 60-year old Danish woman who died of a blood clot after receiving AstraZeneca’s COVID-19 vaccine had “highly unusual” symptoms, the Danish Medicines Agency said late on Sunday. | @Reuters https://t.co/iMUeops0zW",side-effect 
2456,1333139516610134017t,#V4VGLOBALDEMO most of us have vaccinated in the past and either we personally or a loved one were harmed. With the new vaccine requirements soon to come out its important people look into the ingredients and risks themselves by reading the shot box insert. https://t.co/aSrjARbZow,ingredients 
2457,1370789933804359684t,truth be told I’m more scared of the vaccine then Covid.,none 
2458,1376293246041796617t,"@MargusKask I have read that a proven drug would halt an experimental vaccine therefore no profit for big pharma as you say. Dr Tess Lawrie, an expert in her field, is having no luck alerting UK Gov despite her plea to Johnson and Hancock. https://t.co/i3Kg2fyGPz",pharma 
2459,1336718848767238145t,@wateveh7 @realTuckFrumper @heathergtv @realDonaldTrump Turns out Pfizer knew but didn’t warn those who may be harmed. Quoted 0.06 in its own docs. They knew it could be harmful to people. https://t.co/qg7SwbTNqs,side-effect 
2460,1428366346463551504t,@cornishop That's what one study found in Israel re: Pfizer. It fades in effectiveness very quickly. https://t.co/RLzej2nJuD,ineffective 
2461,1340651896432955392t,"@RoyBlunt @UMKCmedschool Why is no one up in arms about the vaccine rollout? Why isn't it going to the 50 million people 65 and older who make up 80% of deaths!? Perhaps because Pfizer and big pharm are afraid once death rate plunges, no one will vaccinate. Your silence results in huge loss of life.",side-effect 
2462,1381966514161647617t,"#US calls for pause #Johnson vaccine 6 cases cerebral venous sinus thrombosis (#CVST) among women between the ages of 18-48, with symptoms between 6-13 days after vaccination. Out of 6.8 million doses given (0.00009%). Similar to #AstraZenaca https://t.co/9VH4B8uAnU",side-effect 
2463,1351157006980231169t,@WeeShite32 Its scary shit bro Portuguese nurse dies two days after getting the Pfizer Covid vaccine @wionews https://t.co/MfAItMPOcI,side-effect 
2464,1343605351707508736t,"If millions have died as a result of Covid-which we can't know for a host of reasons-it does not follow, and is utterly foolish to contend, that a vaccine developed in forty eight hours was the difference between life and death.",side-effect 
2465,1336846141707624448t,@NEWS1130 Hope everyone is aware that Pfizer does not know if this vaccine will make you Infertile PFIZER'S own documents https://t.co/yeVBp3kojr,side-effect 
2466,1377135051247259655t,Imagine having to explain to your kid they are a reptile because you got a vaccine for a virus with 99.999999999% survival rate so you can go to the grocery store and get frosted flakes,unnecessary 
2467,1376925349397807112t,"@ilujsuk @briantylercohen Vaccine mandates by government are unethical and its over reach, a “passport” would be discriminatory to people with compromised immune systems",mandatory 
2468,1303353591856414720t,"Former Pfizer VP shreds Hancock for lying & putting public's safety at great risk via 'vaks' whose safety Hankook CANNOT know, since manufacturing methodology is new & untested.",rushed 
2469,1364545432882405376t,Firing people for not being vaccinated and/or vaccine passports are total bullshit.,mandatory 
2470,1248387260703076354t,"Watch ""EXCLUSIVE: DR. SHIVA EXPOSES FAUCI, BIRX, GATES, AND THE W.H.O. COVID-19 ENDGAME"" on YouTube https://t.co/EfeHvRBHZR Chiped/Vaccines are what they want.",conspiracy ingredients 
2471,1288721328560840704t,@rtrajceski @cjdtwit They want us to have one option. The vaccine. Period.,none
2472,1430790154071908352t,Japan suspends 1.63 million Moderna doses over contamination https://t.co/nDRKmNxuEM https://t.co/livN6mrpho,ingredients 
2473,1329574890790400004t,"and fuck the consequences. And I don’t trust the relationship between the #Tories and #Pfizer. Hence, I am more reticent about this particular #vaccine than I normally would be.",none
2474,1350089921256632321t,"4 volunteers develop FACIAL PARALYSIS after taking Pfizer Covid-19 jab, prompting FDA to recommend ‘surveillance for cases' Four trial participants who received the Pfizer Covid-19 vaccine experienced facial paralysis, according to the Food and Drug Adm… https://t.co/XtGmcSVmyI",side-effect 
2475,1339261190447509504t,"@TraceyOMahony81 Also charges for grievous bodily harm as vaccine did not go through all legal phases before human trials according to the Arzneimittel laws. No pre clinical research done, no toxicology or pharmacology reports, as confirmed by Pfizer to Hockerz, German epidemiologist.",side-effect 
2476,1283593631694295042t,@wwpky That includes this Moderna vac. If they had the real key their execs wouldn’t be doing this. https://t.co/QmW7HqIARp,none
2477,1300072628963639296t,"#AMJoy #CrossTalk Yeah...let Trump and every M-F in his admin take the vaccine first, then I'll think about it...NOT!",none
2478,1344181820246601730t,"You'd think her body had build some resistance,had vaccinated itself right,thats the science behind vaccines,now if the body can't why the heck must we believe a Covid vaccine is an answer to an evolving bug our body can't even slay?is that vaccine gonna transmutate our bodies?",conspiracy 
2479,1376604568243556359t,"So if Gates says the Vaccine is safe then they all must fall n line with him. And you wonder why people are so skeptic. Who is Bill Gates to have so much money, power and influence? That's the real question",pharma 
2480,1329442479209320454t,@SciencePharmer @JodiKoberinski I have never questioned Moderna's safety - in fact Jodi recently pulled me up for that. https://t.co/BnagRekBMy Efficacy is suspect - and long term effects unknown,rushed side-effect 
2481,1432158243946569729t,"3/ The “woman died from myocarditis, an inflammation of the heart muscle wall, following her Comirnaty Pfizer vaccination”",side-effect 
2482,1366858117481336832t,Hong Kong Man Dies Two Days After Receiving Chinese-Made COVID-19 Vaccine https://t.co/CNQLo2ocgG via EpochTimesChina https://t.co/VCePPTwJVm,side-effect 
2483,1329556106180325376t,@AOC Then focus on jobs and business getting back on track. End this sham of flu/covid and stop dehumanizing the public. If China can end the virus without a vaccine then why is the rest of the world pushing for economic ruin? Not everyone in America is asleep kiddo!,political 
2484,1354484552102772744t,"plan will see enormous numbers of people infected, and enormous numbers of people very sick, and large numbers dying. The Oxford vaccine only has 70% efficacy, so up to a third of vulnerable people will still be susceptible to disease. But more than this - we should be aiming not",ineffective 
2485,1288146789795794945t,"@LN_Master_Hub @piratebeachbum Not really, vaccine is not a guarantee to give an immunity.",ineffective 
2486,1424859407406428194t,"Lotsa fees. Where’s the advice? That’s why we’re in this mess. No vaccines or using vaccines unsafe, low efficacy vaccines on people the world has banned. #GetMoreModerna https://t.co/4uJfnFGwNM",ineffective 
2487,1330738028487315457t,"@Alec_Zeck Ever allow a contractor that's never built a house, to build your house? An engineer that's never built a bridge, to build a bridge? #moderna and #covid19 MRNA vaccine (a vaccine type that's never been engineered..app or used for, on humans before) is their FIRST vaccine ever.",conspiracy 
2488,1350079666661412865t,"YOU are immune? Is the cure worse than the disease? I would rather take my chances with vitamin C, than a vaccine. ❤️99.7% of the people who get covid recover. 71% who wear masks get Covid. 100% of blood type O are immune. 9% of the people who get a vaccine get autism. https://t.co/UlbR4isV2n",unnecessary 
2489,1447874368600674305t,In fact Iceland has banned Moderna for ALL ages - NOBODY gets another dose of Moderna gene therapy for #COVID19 (aka #vaccine) in Iceland. https://t.co/kuK9leFuiy,side-effect 
2490,1316474222353551367t,"@globalnews @Bret_Sears AstraZeneca's vax uses Monkey Adenovirus while Russia's vax uses Human Adenovirus - lots of difference.The rests are highly dangerous adjuvants, toxic emulsifiers, deadly preservatives, GMO live viruses&bacteria fr other animals, aborted fetuses;+mRNA&chip.",ingredients side-effect 
2491,1334085259613401090t,@kazzacoey Pfizer has had a history of controversy & court cases. Corona virus mutations have 99+% curability. Why a vaccine?,none
2492,1340098044340154369t,"Third case of Covid-19 vaccine-related anaphylaxis reported in Alaska. Besides allergic reaction, what are other dude effects of COViD-19 vaccines? @CDCgov @US_FDA @NIH @NHS @WHO @IOM_USA @AmerMedicalAssn Full disclosure is necessary! See pinned tweet! https://t.co/cNZKOxQeZU",side-effect 
2493,1371394090051411968t,NETHERLANDS SAYS HOLD THE ASTRAZENECA VACCINE! Concerned about side effects. @BBCNews BBC News - Covid-19: Netherlands suspends use of AstraZeneca vaccine https://t.co/CrfI6gNkvm,side-effect 
2494,1376185766477508620t,you wouldnt have this problem if you get the vaccine. comes with a microchip,ingredients 
2495,1329555068845256706t,"New Pfizer Results: Coronavirus Vaccine Is Safe and 95% Effective - Slashdot https://t.co/IiocfxQZHS Safe and effective for pharma only, everyone who accepts vax is risking their life. Do #VaccinesWork? https://t.co/BP60kLbP5m",side-effect ineffective 
2496,1386860621539463173t,Nashville woman unable to walk claims Pfizer COVID-19 vaccine is to blame | https://t.co/MEDKmfpSgB https://t.co/aKjty77Yt0,side-effect 
2497,1433909487530823688t,"@PoliticsForAlI @thetimes And when children start dying post vaccination, what will they say then I wonder? The vaccine risk is very evidently greater than the virus risk for this age group. The government are weak in the face of militant leftie teacher unions. Grow some @BorisJohnson #SackWilliamson",political 
2498,1326998809155612672t,"these #covid19 rules are regulating of every aspect of human behaviour and with the invasive nature of these rules, are simply about narcissistic authoritans trying to see what they can get away with for the 4th industrial revolution #CovidVaccine #Covid_19 #COVID",conspiracy 
2499,1366040897788530699t,AMERICAN HISTORY OF MEDICAL RACISM & SAVAGERY • SAY NO TO THEIR VACCINE! https://t.co/JIzB5uyWki,none
2500,1414048325217685504t,"""Her death certificate says she died of cerebral venous sinus thrombosis and vaccine-associated thrombosis with thrombocytopenia."" whose risk is 20fold raised after Astra zeneca vaccination https://t.co/4Mie9H99hc",side-effect 
2501,1376102325509578754t,Shut up ....first gather your 1001 children and grandchildren and get them vaccinated before verbal diarrhoering that the vaccine be made compulsory. Why did you take too long before getting vaccinated if you trust it too much ???,mandatory 
2502,1268475600328626176t,"@jamesgraham521 @bodhibrian Yes, I know but it seems the UK have skipped some of these provisions especially for CoVid 19 trials. They have skipped the testing on animal part, went straight for the human being. That’s why I’m against the vaccine trials #HumanGuineaPigs",rushed 
2503,1260347987806519299t,"@SenSchumer We watched and we heard what he said even about how the vaccines can be worse than covid!! The ones that want to work should work, the ones that want to stay locked up, then do it. We have a life to get on with.",ineffective 
2504,1339366029768724482t,#tonight #TonightVMTV Social distance me arse. We are being played. 30 people of 4 million in icu People dying with not from covid No flu Pcr tests false. Vqccine MAY kill virus according to Pfizer website. https://t.co/TPAl4BJREe,side-effect 
2505,1277740990833594369t,@realDonaldTrump help us fight this. We don’t want to be forced to take a vaccine that we know will make us sick ... NO NO NO VACCINE. Not mandatory,mandatory 
2506,1335253835720380416t,"@blackfemmesoul @DeeLaSheeArt The Pfizer vaccine will not confer protection on others, I get the vaccine, I suffer less, I remain contagious and at work now because ""I got a shot""... so let's not pretend current vaccine candidates are going to protect others.... we don't have that data, says Pfizer CEO.",ineffective 
2507,1310199257127964674t,"@narendramodi Ji 🙏 instead of throwing thousands of crores for a vaccine with 50% or less efficacy and side effects like Transverse Myelitis, Multiple Sclerosis (Astrazeneca Vaccine trial), Please provide Indians with prophylaxis #HCQ & Vit C D ZINC Quercetin ! #ZelenkoProtocol",side-effect 
2508,1374319899657580553t,That's because they're going to bump the price up by a 1000% but your body will need it's new virus update!! Vaccine 2.0 and beyond!!!,none
2509,1364228359329222658t,"@Infrequentvalue Ben Shapiro is wrong on both counts. The vaccine does not protect from getting covid, it is possible it might lessen symptoms if you get it. The death rate from vaccines alone are underreported but still very significant VERS numbers. Therapeutics early can cure covid.",unnecessary ineffective 
2510,1329880669942591490t,"@mvas8a Don't like that, the first users have to be doctor's and if they feel it isn't ready then Pfizer shouldn't push things.",rushed 
2511,1347310098482421761t,Just saw on the news someone who never got covid but took the vaccine died two days later after the fact. Unless I saw and read that wrong but I believe it.,side-effect 
2512,1340181133624000512t,STUDY: Flu Vaccine Raises Risk of COVID Death - Correlation Confirmed by Scientific Analysis https://t.co/bpYHZwvFPo via @gatewaypundit,side-effect 
2513,1346944463948562433t,Investigation In Norway: Two People In Nursing Home Die After Getting Pfizer’s COVID Vax - https://t.co/PhN6sGwBV4 https://t.co/iXyZN0j9yU,side-effect 
2514,1364843348138237952t,"#Coronavirus Dad-of-four, 48, died of Covid after getting first dose of Pfizer vaccine 2 days before he was diagnosed - The Sun https://t.co/RAb0TVJrzt",side-effect 
2515,1350190557868433409t,Norway links 13 deaths to Pfizer vaccine's side effects - https://t.co/C5kIuQlPbh,side-effect 
2516,1421224499601559552t,@BreitbartNews Big donors are making windfall profits and pushing further. Pfizer Forecasts $33.5 Billion in Covid-19 Vaccine Sales - WSJ https://t.co/afQW48skFU,pharma 
2517,1337544931053809667t,"@Lumberist @freedom247baby Funny thing is this vaccine according to a BBC report from an actual Dr....this vaccine doesn't stop you from getting Covid or transmitting it...it just stops you from dying from it, but it's 95% effective, whilst your own body is 99.8% effective....where is the media? Invisible.",ineffective 
2518,1355487854374363142t,I do wonder if this victim had Covid and recovered. But was still required to take the vaccine. 39-year-old nurse aide dies ‘within 48 hours’ of receiving mandated COVID-19 shot | News | Lifesitenews https://t.co/v0RylSfXr5,mandatory 
2519,1316105596861587458t,"It is absolutely HORRIFYING that the US Government is paying Moderna $65 MILLION to make ""MOBILE"" Covid-19 vaccine FACTORIES! Is the US government planning to force vaccinate EVERY person in the US by the military? It certainly seems so.",mandatory 
2520,1375223699989745675t,@GrahamMarlbrou1 I think they’ll be some ‘embarrassed but unable to U turn vaxxed’ when they realise there ain’t gonna be many pubs & restaurants that will survive this scamdemic,side-effect 
2521,1335794741955489802t,@LizzieSeesRed @TechieMomm @Alexiteque @WilliamShatner Yes.  One person so far had a vaccine shot and contracted COVID-19.   Maybe they had it undetected or the vaccine wasn’t effective for underlying reasons.   I’m refer to the testers as victims.   If it offends you....,side-effect ineffective 
2522,1325794744010682371t,"Global #Hysteria this morning Many people and media do promote the #Pfizer 's #vaccine , without thinking nor analyzing, nothing! That company must rejoice over #HumanStupidity .",pharma 
2523,1338501523492524038t,"@CNN If 1.3 billion take the Pfizer vaccine, ~355000 will be dead as a direct ""serious side effect"" of it.....statistically speaking.",side-effect 
2524,1375018551396945920t,@fordnation thats nothing to be proud of Canada should be ashamed of the vaccine roll out,none
2525,1373437247870099457t,"@brave3564445 @SapperK @AmericanPolack @TTasticDesigns @SteveE4BEA People who died after receiving the vaccine didn’t die from the vaccine, but somehow 519,360 people died OF covid with “contributing variables”.  You’re not willing to apply that logic consistently.",side-effect 
2526,1338238554606989312t,@BreannaFuss @pfizer @FedEx @UPS This vaccine has proven fatal during the trials. DO NOT TAKE IT!,side-effect 
2527,1297597483418357761t,@StandUpX2 P E T I T I O N S 🇬🇧👇💉 Prevent any restrictions on those who refuse a vaccination https://t.co/TBupFkBaJo 🇬🇧👇😷 Repeal the decision to implement compulsory face coverings in English shops. https://t.co/4d7NsfiZe7 🇬🇧👇🧬 Publish all scientific evidence https://t.co/WimUiqaOce,mandatory 
2528,1334611447079456769t,Priest who participated in trial for unethical Moderna vaccine dies suddenly | News | Lifesitenews https://t.co/QDkFkS73L4,side-effect 
2529,1358339934688583681t,"I’m so sorry I took this #Oxford/#AstraZeneca Covid #Vaccine after reports galore like this, I’m tired of Negative reports @AstraZeneca Vaccine far less effective against S African strain, study shows @SkyNews @BBCNews @LBC #Ridge #Marr @nadhimzahawi",ineffective 
2530,1254331415459758086t,"Yes, and the same police we are applauding today will be the one forcing u to take the vaccine shot. Better wake up.",mandatory 
2531,1365170115591868416t,Several nuns die after taking first shot of COVID vaccine | News | LifeSite https://t.co/79BAObzi1s,side-effect 
2532,1286095852088561667t,I'm not anti vax nor do i believe they are safe but putting the so called miracle vaccine in the hands of Pfizer. Well let learn from the past Africa. Do not accept without concrete proof of safety from an unbiased analytical chemist.,rushed side-effect 
2533,1379016934793093121t,@ShaunaReports @RobinSwannMoH @SSEBelfastArena @setrust @BelfastLive https://t.co/Ps7VjDaec2 The Pfizer RNA based COVID-19 vaccine was approved by the US FDA without long term safety data. Because of concerns about the safety of this vaccine a study was performed to determine if the vaccine could potentially induce prion based disease.,rushed side-effect 
2534,1355981243486072834t,"@DanCrenshawTX That's okay, knowing their devious minds, the vaccine is most likely the one that kills from Bill Gates lab.",pharma side-effect 
2535,1350051067606798336t,"@Leila38_ In Norway, 23 people died because they had received the Pfizer vaccine",side-effect 
2536,1341066475998732288t,"Why you shouldn’t believe the COVID vaccine is effective (21.12.20)  https://t.co/eXjfMjXeqX ""Confronting Pandemic Influenza : ""Just Don’t Let It Start in the first place"" - the ""Proactive Strategy"" and NOT the ""Reactive Vaccine Strategy"" -  https://t.co/wEicLCGuN4",ineffective 
2537,1410701767378190341t,"@lunachantra @julesserkin Yikes, yes agree, sinovac is not at the top of anyone’s vaccine wish list! In the absence of better alternatives and if covid risk > VITT risk on a personal level then AZ would be the lesser of two evils I agree",unnecessary 
2538,1346682618750898184t,"@wendyemily2 I intend to get vaccinated but not with the Oxford vaccine. I don’t believe in any medical procedures being compulsory. These opinions don’t make me a bad friend. I think your friend is your friend. It’s a weird time and people are under great stresses, don’t ghost yr friend.",mandatory 
2539,1309613211230953473t,@DrTomFrieden @VinGuptaMD I am not taking any vaccine thst rushes to market or one authorized by Trump without the FDA. @pfizer,rushed 
2540,1428792927153582080t,Just as Moderna was counting it’s profits…people still won’t care. They are convinced vaccine injuries don’t exist..https://t.co/vyAnlHFVJq,side-effect 
2541,1328713386788581384t,"@Pfizer_UK ""Cos we'll make a shit load of cash and have full impunity from prosecution.""",pharma 
2542,1335534342613962752t,In that case vaccine is not needed at all. Me and few of my relatives were infected with covid and cured in less than 14 days with regular vitamin tablets and healthy food.,unnecessary 
2543,1395161814728466432t,@WhipClyburn Less than 10 million vaccines distributed in the US has been Johnson and Johnson because Americans know they don't work well and they have killed people.,none
2544,1288953892286410752t,"@GavinNewsom Is it true that the 4 vaccine companies that make all 72 doses on the CDC vaccine schedule are convicted felons that have paid over $35,000,000,000 (that’s 35 billion dollars) in fines in the last 11 years for fraud and criminal activity? Robertfkennedyjr on Instagram for more.",pharma 
2545,1336607051305410560t,"Despite being in a high risk group for COVID-19, I'm not taking an even greater risk of being a guinea pig for Big Pharma's ""safe"" vaccine. Fuck that shit! I'll stick to good common sense protection.",unnecessary 
2546,1377251584837615621t,@globaltimesnews Nobody wants your shitty vaccine research. Chinese vaccines is like water but might kill you of you over 60.,conspiracy 
2547,1433066973370494977t,@Pen_Bird @EllenJJohnson @CdnEconist @JonWalkerDC @TrialsiteN @Covid19Critical Ummm Facebook deleted two groups discussing their reactions after taking the vaccine. One doctor had 25 years of work deleted from the Internet. Cool with that?,side-effect 
2548,1341077188381163521t,"@MattHancock Pfizer results are still secret... or is is just another case of ""We don't have a clue what we are really messing around with ... but we want to still get paid"" ..."" ""Exactly how the vaccine increased the risks of HIV transmission is unknow"" https://t.co/E6ghruOn9o",ineffective 
2549,1419906903702839304t,"60% of fully vaccinated (Pfizer) people in a group got infected (87% were symptomatic), CDC study from French Polynesia. They also has high viral load, indicating ability to transmit. https://t.co/AJcjH02Alc",ineffective 
2550,1406476188449525761t,Guess who hasn't closed his rings for today yet. Splitting headache still. Might be the vaccine. Might be the Indian Variant. Might be Russian peeps beaming rays into my head like @juliaioffe said. But I'll close my rings. I'm American. You'll have to kill me to make me to stop. https://t.co/JmKePGgmWt,ineffective 
2551,1382708694673154051t,"""based on rough estimates, the clotting disorder in women ages 20 to 50 who received the Johnson & Johnson vaccine occurred at least three times more often than would be expected"" https://t.co/8cwqVETh8D",side-effect 
2552,1374681544703508483t,@helloamysnow Tha vaccine isn’t grow prevention. It’s to help you after you catch the stuff,unnecessary 
2553,1320823271697256449t,"@nationalpost Right now, I am far more afraid of this Vaccine than I am of Covid. Transparency is a good thing.",pharma 
2554,1300963675927228417t,"@GovHawaii you support a mRNA vaccine. Germany's BioNTech and Bill Gates backed Pfizer. What are you getting paid to allow this ""test"" ""trial""? Fair question, yea?",pharma 
2555,1423769367477571589t,"@libbi815 The official statements are very careful to say ""after"" receiving the vaccine 1024 #Deaths from 225,871 #AstraZeneca adverse reaction Yellow Card reports, slowing because they withdrew the product for under 40s in May 2021.",side-effect 
2556,1382291707912458249t,"Denmark, the first country to initially suspend all usage of the vaccine in March over safety concerns, has also put Johnson & Johnson's vaccine on pause. https://t.co/eMgAd5u2Uo",side-effect 
2557,1336705244181520385t,"People with serious allergies told to avoid Pfizer vaccine after two rea... https://t.co/l1aQdNaVbM via @YouTube Tam-Tam just confirms, we are lab rats",side-effect 
2558,1265758339184709635t,Wow. #vaccineinjuries are just temporal events & many times even fabricated. 🤦‍♀️ Boy they found the perfect guinea pig for the #moderna #covid #vaccine trials. 🙈 https://t.co/hmR9IxRsIi,rushed side-effect 
2559,1377478507475914753t,@HousamJarrar @SmithBernardin @CHEEZBurger13r @cBeastwin Pfizer is gonna make 15 BILLION in covid vax sales. Idc how your feeling now. I don’t understand ppl like you saying I’m fine right now. What if in a year you have cancer or an autoimmune illness. Both are possible...,pharma side-effect 
2560,1354787405023293441t,What a PRAT Covid is here to stay what we have to do is stop destroying the Country and LIVE WITH IT as we do with lots of so called lethal viruses or the vaccination program is POINTLESS we do not hide from flu we should not be hiding from Covid.    https://t.co/8dwtpXrG0e,unnecessary 
2561,1250862985758859264t,@Thomas1774Paine Looking like COVID-19 attacks the testicles and renders infertile or lower fertility in men. Then I guess the vaccine from the Gates Fdn was to finish off the rest of us and make us all sterile?  These people are evil   https://t.co/UFcF58PLly,side-effect 
2562,1315806454926905344t,@johncardillo @MaybeAmes They should open an investigation on @NIH as Fauci used tax payer money $500 million to get a patent 51% ownership under HIS personal name for Covid19 vaccine! His pushing moderna should be illegal how many others does he hold? 40yrs as NIH working on AIDs really? No cure?Why?,pharma 
2563,1375396702614511618t,"FORMER GATES FOUNDATION VACCINE SCIENTIST CALLS FOR HALT TO VACCINATIONS, PREDICTS “WIPE OUT” OF POPULATIONS https://t.co/DLIDZ1O532",conspiracy 
2564,1244493424205709316t,"@mabena_bob can we tell our pensioners not to be vaccinated, please 😭😭😭😭",none 
2565,1340707007779762177t,"@Daveheller10 @wendywoo6089 I think that is a wise decision. The trials for safety were only 2 months, that is not long enough. Pfizer is monitoring side effects for a further 2 years, which should have been done before roll out, really.",rushed side-effect 
2566,1337172732971192320t,"@RapSheet Sorry but if it's NOT for my B.B.C, I'm not taking ANYTHING from Pfizer .... https://t.co/tjQFf993Ht",none 
2567,1346820746891374594t,“Perfectly Healthy” 41-year-old Pediatric Assistant Dies Suddenly After Injected with Experimental Pfizer COVID Vaccine https://t.co/hPRInyHQem,side-effect 
2568,1275159769519620096t,".@@NIAIDBioIT Could #theCOVIDvaxx cause #autism? According to new studies, if it contains glyphosate weed killer and/or aluminum, yes! Consumers are asking the Top Ten Vaccine Manufacturers, CDC, Fauci and FDA to test the COVID vaccines for glyphosate and other toxins.",ingredients side-effect 
2569,1354476574381285381t,@mbarmbarmbar @ABC7 I know of two cases myself one died three days later a senior and the second in Her 30s a few hours after receiving the vaccine was rushed to the ER Her Pulse 154 they had to give Her Nitro something is wrong with the Pfizer Vaccine .,side-effect 
2570,1259134775954210816t,"The facts are Fauci ignored the moratorium on any research on the covid virus. While in Chapel Hill North Carolina, Fauci paid China 2.7 mil (Gates money) to China to adjust it and weaponize it. The goal was to find a vaccine for it and get rich. There are no vaccines for virus'.",country 
2571,1369736121358417922t,"Moderna’s Top Scientist on mRNA Technology in COVID Shots: “We are Actually Hacking the Software of Life” - This is not a conspiracy theory, as they are very arrogant and very open about just what they dream about achieving. https://t.co/QROryJAkRG https://t.co/jA05YK5oia",pharma conspiracy 
2572,1344457973364617216t,@DavidNo80378453 @MattHancock @UniofOxford @AstraZeneca They’re lying about absolutely everything. Vantam said on the news today masks and social distancing won’t end as they’re not sure if the vaccine prevents transmission. It would be nice if people would wake up and realise the lockdowns are not going to end.,ineffective 
2573,1304210877533417473t,"@CnnTown No, I would not take a Covid vaccine right away! I lost trust with. @CDCgov & @US_FDA !! The both@have become too political!! The only person I trust is #DrFauci !!",political 
2574,1428791341987860487t,Israel has among the world’s highest levels of vaccination with 78% of people above 12-years of age vaccinated with the Pfizer vaccine. Yet the country is logging one of the world’s highest infection rates. Vaccines are not effective at stopping infections. https://t.co/C9tvlXIZiJ,ineffective 
2575,1353507536687783936t,"@journal_court @DrMadej Yes this vaccine will cause a new more deadly strain, I 100% believe it and it needs to be stopped now!",unnecessary 
2576,1350500521711382535t,"and death. But there are also questions about why the UK government hasn’t ordered more of the better vaccines. It seems like perhaps they were hard-sold the Oxford vaccine early on, and then, having spent months telling the populace it would solve everything, became convinced",conspiracy political 
2577,1300785478510149632t,"@Montyymillz Not just a needle, Monty. First and only mRNA vaccine ever created. alters your DNA. 1 year to create rather than 10-15. Skipped animal trials. Made by Moderna they've never made a vaccine. No data on long term effects. Gov't granted NO LIABILITY.",rushed side-effect 
2578,1392815730408652806t,Seven new Australian blood clot cases linked to the AstraZeneca vaccine https://t.co/ITK90Oi3KP via @skinnergj,side-effect 
2579,1355889760821149706t,"@MeghUpdates Vaccines from Sinovac, Sinopharm, and CanSino Biologics use pork-derived gelatin. Sinopharm in particular is the most unsafe vaccine developed till now. Pakistan is officially Porksitan now.",ingredients side-effect 
2580,1319149968079323136t,"Remind me again how giving people placebo rather then REAL VACCINE is ETHICAL? RT @thehill: AstraZeneca COVID-19 vaccine test subject, part of placebo group, dies in Brazil https://t.co/Q4OP51WOrx https://t.co/NEKNz5rSqd",side-effect 
2581,1364759489535242240t,"Just found out what’s in the COVID-19 vaccine, I am disgusted and repulsive by this and will be opting out of receiving the COVID-19 vaccine",none 
2582,1277751624417579015t,@jxjacobsen @thomaskaine5 With a 0.26 percent death rate from covid 19 your ridiculous. Make sure you and all of your buddies get the awesome vaccine as soon as it comes out dont wait. You can protect us all. Thanks.,unnecessary 
2583,1371429467705520128t,Another country halts AstraZeneca Covid vaccinations -- The Netherlands are the 7th European country to pause vaccinations with AstraZeneca. Reports on blood clots and other severe potential side effects after vaccinations with this vaccine have to be investigated first.,side-effect 
2584,1409213888718049282t,Mum-of-three dies after rare reaction to AstraZeneca vaccine https://t.co/4PT9EeNl7A,side-effect 
2585,1333434781783257089t,"@BreakingNews What's in it? Does it utilize genetic modification technology (mRNA editing, CRISPR, etc.)? How can a vaccine be made for something that hasn't been organically isolated? What are the long term side effects? Why are cures for flu and lung infections being suppressed?",side-effect 
2586,1338416774451064832t,"@AntzWeb At this very moment , Singapore just approved Pfizer's vaccine and it will be STRICTLY voluntary. I'm still scared. Our cases have been almost always 0 since October.",rushed 
2587,1339056505040080896t,Dandy'''' 😜. Now Asia is getting cold feet. Waiting for the West to be guinea pigs? Dream on. Does anyone at all want this cursed vaccine? 😅 Even Pfizer's CEO won't chance it. White House won't touch it. Army exempted. Start digging those landfills. Toxic garbage.,none
2588,1333227239555670017t,@Quarex @IsabellHale1 @TheSharpEdge1 @jjauthor The sooner u realize there is no difference between l & r the sooner u will realize that we are controlled by globalists who are eugenicists with no agenda but to depopulate the world & control the leftovers w/BioNTech. Stop dividing & work on uniting people. #georgiaguidestones,conspiracy 
2589,1360358093998100483t,"#VAERS 56 y.o. ♂️ Illinois #modernavaccine #vaccinedeaths ""Write-up: Pt died 4 days after vaccine, no known reaction to the vaccination"" https://t.co/qpHD7obWXg",side-effect 
2590,1405643164392767491t,"@pappapoohbear @CityNews Pfizer is a powerful player in the world of pharmaceuticals. I wouldn't be surprised if we learn in the future that only 1 vaccine could do the job, but if you tweak the research here & there & make it look like one requires 2 jabs then you stand to make a whole lot of money. 🤔",pharma 
2591,1382466076739522561t,"Federal health agencies called for a pause on the one-dose Johnson & Johnson vaccine after six people in the U.S. developed a rare blood clot disorder after receiving it. But that alarm being sounded, experts say, could prove to be a good sign. https://t.co/pIrqDRjJLD",side-effect 
2592,1298039153188274176t,"Good Lord. I hope this is overridden by our medical community. I will *not* be taking any vaccine that was ""approved"" by shortcuts. Hoping for a REAL, approved, safe vaccine very soon!",side-effect 
2593,1366111104838086661t,"@Magayye @Lungah___ Bro, you're going to end up with a Astrazeneca situation if you go anywhere near vindicating this vaccine sphithiphithi. I studied the Astrazeneca process from top to bottom and everything looked proper, and where did that end up? The bottom line is, this is hurried.",ingredients 
2594,1434939822611877888t,"@Andywebster @beverleyturner @devisridhar The antibodies drop 50% after 3 months, Pfizer say that they are down dramatically around 200 days and need boosting. If we keep boosting, whilst continuing to live with a virus and transmit it, it'll become endemic among the vaccinated, requiring a lifetime of boosters.",ineffective 
2595,1383088786544979968t,"If you missed this last night: the risk that the AAV vector @jnjnews and @astrazeneca use in their #Covid vaccines can cause thrombocytopenia has been in the medical literature at least since 2007. That's, umm, 14 years ago. Hey, stuff slips by when you're at WAAAARP SPEEEEEED!",side-effect 
2596,1357017940307099649t,"Under reported Adverse reactions to Vaccine First Dose of Pfizer-BioNTech COVID-19 Vaccine — United States, December 14–23, 2020 over 200 hundred cases of Death by Pfizer Vaccine. Permanent disability by Vaccine N/a https://t.co/QdNee3Z5Um",side-effect 
2597,1407004584233603075t,"What went wrong with CureVac’s mRNA vaccine for COVID-19? The poor performance revealed that the mRNA vaccine made by German CureVac isn’t just a disappointment, it’s a scientific puzzle. Researchers suspect the vaccine’s design is at fault.",ineffective 
2598,1334175508980850688t,Why would healthy Canadians want to rush out to get the drastically hurried Covid Vaccine immediately? Just asking for a friend. And what would your reasoning or concerns against be? #CovidVaccine,rushed 
2599,1287791065035137026t,@Aprobateti @MatthewFDonald @ClarkeMicah Some people say they dont know anyone who has even had COVID nevermind died from it. Others know lots. Depends where you live and who you know. Same applies to vaccine damage. I have met several and know of a couple who have had very severe reactions,side-effect 
2600,1326174202102222857t,"Yes. And also the result on 90% effectiveness is so short term, and we have no info on the sample. So Pfizer’s announcement was unscientific and possibly reckless at this stage. Not to mention the 2 doses and -90C refrigeration requirements, which makes this vaccine impractical",ineffective 
2601,1293246301644238848t,I’m not taking a Russian vaccine until a Cuban doctor tells me it’s ok.,none
2602,1286328142353829894t,"1/5 #COVIDー19 #vaccine #Covidioten #COVIDIOTS I am a #Covid_19 #profeteer,thanks to the #Coronakrise #Scamdemic i finally found why i am suffering since 2008 of cramps, being stiff with Lots pain off, it was the #vaccine shot #TDPur, #Tetanus, 5 month later the suffering began",side-effect 
2603,1298782380682096641t,@CBCAlerts I wouldn't take any vaccine created from China...Trudeau can be their guinea pig.,rushed 
2604,1299180870411091968t,As for me & mine we will have no parts of a vaccine affiliated with this devil's administration.,political 
2605,1366871997423251459t,"New analysis from the Israeli Health Ministry concluded Pfizer’s COVID vaccine killed “about 40 times more (elderly) people than the disease itself would have killed” during a recent five-week vaccination period, and 260 times more younger people than have died from the virus.",side-effect 
2606,1382294574132039681t,Oregon calls for halt in use of Johnson & Johnson COVID-19 vaccine https://t.co/NkYvyCXJ1b https://t.co/dIRC0JOVqO,none
2607,1443329859896369155t,"Dr. Carrie Madej: First U.S. lab examines ""vaccine"" vials, horrific findings revealed Watch ~Creepy ~will freak you out Found in Moderna Vaxxine @chrissaccoccia1 https://t.co/JXrBhDVXsj https://t.co/1RWuy9d21Y",none
2608,1291131116812939265t,the same thing is going on in france he is recruiting volunteers to be infected by covid and receive the vaccine to see the effective cerebral void in some for my part my head and my mind have never been more open than now (self-preservation I guess),ineffective 
2609,1365704216472416262t,"@Filosofizer I think the levy is about to break. Folk being told wait for the vaccine to then be told the vaccine doesn't change owt. Then when the vaccine seems to be doing what vaccines do, boom variants, still better stay home. While we watch 50k at a stadium in India.",ineffective 
2610,1339837162561351680t,"@wawasjohn @Balendin2 @DeadsyCOD @Boogie2988 If they were so confident in the damn thing, Pfizer wouldn't have immunity from prosecution. Just saying.",pharma 
2611,1449134606737883144t,"Ernesto Ramirez Jr, 16 Years Old – Died From Pfizer Vaccine https://t.co/UOAVU3QGV3",side-effect 
2612,1339357191191445508t,"says right here only those with a history of allergic reactions to the components of the pfizer vaccine should avoid it, yet the person in alaska who had the serious reaction had no such history https://t.co/Q02AEwAfHd",side-effect 
2613,1336804579019812867t,You know where you can stick your vaccination.... And it won't be my fucking arse! FDA publishes first peer-reviewed report on Pfizer trail as Britain rolls out COVID vaccine - The New Daily https://t.co/Wx9LxieHLb,rushed 
2614,1365297165321519107t,@helpmyphysics @louiseallain Except for the people who died after having the vaccine...,side-effect 
2615,1438508797526360076t,@mmckinney0601 @carlheneghan @BorisJohnson Read more. The most vulnerable are the elderly esp the frailest. The vaccine won't protect all of them unfortunately. Even with the vaccine the majority of victims will be elderly. https://t.co/75aRNpZLQ5,unnecessary 
2616,1336622316990685187t,"@LBC This is the tip of a massive toxic iceberg. This is a massive experiment on the UK public and the MSM should have informed them on that fact. Tests on the Pfizer Vaccine trials were originally due to conclude in 2023,and only then would we have the vital DATA needed.",none
2617,1295390865225990144t,"@cannotrunfast Pfizer saved my life last time. This time, it won't work. Oh well.",ineffective 
2618,1255139771636015105t,@6ixbuzztv Hell No!!! Should be optional like the flu shot... no one should be forced to take a vaccine that's been rushed to market and minimally tested!,rushed 
2619,1233408459997093892t,"Lmfaoo if you REALLY dead go out and get that coronavirus vaccine YOURE DUMB. 🥴🤧 See y’all when all the media dies down, still not sick & unbothered.",side-effect 
2620,1253263199782105088t,@10DowningStreet @MattHancock @UniofOxford @imperialcollege There are deeply unsettling conflicts of interest between @BillGates @WHO @GSK @MHRAgovuk @unioxford1 @imperialcollege @PHE_uk Porton Biopharma. Please name all SAGE & Covid Vaccine taskforce members & declare COI’s & funding sources. Why the secrecy if you have nothing to hide?,pharma 
2621,1409997316220620802t,@cardsfanjoanna I like Mac n' Chise's posts. But this time I have to disagree. I'm sure the Oxford team is exceptional. But think of it this way. Would you Joanna consider taking a flu vaccine from ten years ago today thinking it would protect you from the 2021-22 winter flu?,unnecessary ineffective 
2622,1297562307434872832t,@dbongino Virginia is trying to mandate the vaccine on its residents! This is travesty to the people who live there! How many other governors an mayors r going to try an follow suit?,mandatory 
2623,1415140849151840257t,"Pfizer pushes for USA booster shots! Is it safety or is it profit? Pfizer, the pharmaceutical company that created one of the first Covid-19 vaccines to be approved, has been making a hard sell for emergency approval of boosters – additional doses given…https://t.co/yGYZPdy6Dg",pharma rushed 
2624,1376707453841141764t,"This vaccine does not prevent infection or stop transmission, it's hoped it reduces severity, and it's only 60% effective at that, if at all. Canada pauses AstraZeneca vaccine for under 55s https://t.co/iOHTsusxD3",ineffective 
2625,1374204089370877952t,"German researcher Andreas Greinacher, from the University of Greifswald, said in a statement that the AstraZeneca vaccine, in some cases, prompts overactivation of platelets in the blood, which can then cause potentially deadly clots, similar to heparin-induced thrombocytopenia. https://t.co/8z5hfGi9tz",side-effect 
2626,1374969445790187521t,"@eperea It’s not because we (do/don’t) know what was in the vaccine, it’s because we don’t trust people no more. All of this is really strange, and a lot doesn’t make sense... I’ve always thought there’s something we don’t know. Won’t take my chances...",unnecessary 
2627,1364838835805446146t,"@ALBwonk 1/1:Robert, what you are saying is not right. 1. vaccination alone does not help. 2. there is no pandemic mangent, no free masks, no free tests. Testing is the primary element, virus-fighting. Protection of the risk groups.",unnecessary 
2628,1339264718020734977t,"Dude if everyone resists this vaccine, I fucking KNOW there will be another virus that’s gonna be worse than covid that is released that will literally force everyone to take a vaccine. I got my predictions. We’ll see",mandatory 
2629,1336673377654874112t,@pfizer please be specific about what is in the COVID vaccine. Reports say “severe allergic reactions” and EAI but tell us what is in it.,side-effect 
2630,1405828301839495169t,"""With no data available, the effectiveness of Sinovac against new Covid-19 variants is unknown. What is known of other vaccines against the Delta variant is a marked drop in protection with only one dose and a more limited drop once fully immunized."" @DOHgovph",ineffective 
2631,1274415537716629504t,"@paulstorms It takes many years to create a vaccine that is properly tested. Everyone is going to eventually get COVID-19. Stop being afraid, over 99% will survive it",rushed 
2632,1404476177570426884t,@BtwnThesePages @HerreraBeutler @Novavax That is why I am contacting attorney as my STATE GOP reps. I want some pressure on @POTUS to get this vaccine in USA also and @NOVAVAX to advocate for shipping to US LOCATIONS TO ASAP. America really is being offered only ONE vaccine type with higher side effects we need choice,side-effect 
2633,1334284920420708352t,"@MattHancock Do you care that Pfizer have form for manipulating data? Did you check out how they lied about Zoloft & how many have died? You won't have to take this DNA altering vaccine, the world's first mRNA which is in production less than a year even though vaccines take 10-15 years.",rushed side-effect 
2634,1363200825544216579t,"@pathologklcrier it's not even technically a vaccine, it works completely differently. it contains no sample of the COVID-19 virus. it messes with your own cells to get them to produce proteins similar to COVID-19 that trigger an immune response",ingredients 
2635,1364860922418855937t,@Telegraph @oliviakingia Nobody should be masking or 'testing children' for #covid unless very ill. They have 0.00005% risk from it. Concentrate on getting the vulnerable & high risk 'vaccinated' (2Doses). +99% of people recover & build natural immunity. 'Cases' data is propaganda. #NoMasksInClassor,unnecessary 
2636,1316354712166379520t,"@muhammadalien @humanconditonwf @FatEmperor @simondolan @bobscartoons @allisonpearson Agree, then use Bill Gates assets to compensate those affected, just before he gets injected in the eye with his beloved Moderna vaccine.",pharma 
2637,1365358112811589632t,"After #Switzerland BANS the Suspect Garbage Astrazeneca Vaccine, #India Dumps theirs to #Jamaica to get rid of it as it causes a shocking level of damage & death all over the world in yet more&more articles even featured across the corrupt sellout mainstream media. Unwanted Drugs",side-effect 
2638,1355230522214129667t,@nffcalways1 To a chorus of hysterical shrieks similar to those heard when we chose not to join the vaccine cluster fuck.,none
2639,1406739049411403781t,"350+ doctors & HC workers hit w/Covid-19 in Indonesia, majority were 💉w/Sinovac. Costa Rica, dealing w/severe Covid-19 outbreak, rejected delivery of Sinovac💉due to efficacy concerns. Despite💉60+% of citizens w/at least one shot, Uruguay, has 1 of highest Covid-19 death rates.",ineffective 
2640,1329051726142263297t,"The way @naomigrimley on @BBcWorldatOne @Pfizer) stressed, with barely contained incredulity, that the drugs corp has tested over 40, 000 people with its trial vaccine. Safe? On their say-so?-> https://t.co/6hQ0YPRiAV #vaccinefact",ingredients 
2641,1355158451832418313t,Why would Johnson and Johnson ever try their hand at a covid vaccine !/?;?:! Lmao keep it. Like pls,pharma 
2642,1392287948729724931t,"Reported vaccine injuries continue to climb, Pfizer seeks full approval for COVID vaccine | News | LifeSite https://t.co/B38NMx5kM3",side-effect 
2643,1334438090308521986t,@AndyBlakey_ @ukcolumn @BBCNews @pfizer That would explain why gov’t is so willing to ‘play the odds’ on people developing adverse reactions (e.g. this gov’t saving face vs the compensatory payouts of a future gov’t) and why pharmaceutical executives / employees have sold off MILLIONS in vaccine shares of late.,pharma side-effect 
2644,1334840357322895361t,"@halestones1234 Who knows Alice the Pfizer paper clearly says they have no evidence to how the vaccine affects fertility, I’m guessing in men as well as women. Agenda 2030 to reduce population, can be done either by War or by Stealth. War would leave the elite with nothing",conspiracy 
2645,1254606423717273607t,"@andrewkimmel While I'm opposed vaccines for Coronavirus, why do you think everyone should be vaccinated?",none
2646,1375854217257226241t,This sucks I been wanting to go to NYC . But I don’t like government forcing me to take a vaccine,mandatory 
2647,1334672533530968065t,"@fordnation ""the ex-Pfizer head of respiratory research Dr.Yeadon and the lung specialist and former head of the public health department Dr.Wodarg filed an application for the immediate suspension of all SARS CoV 2 vaccine studies, in particular the BioNtech/Pfizer"" https://t.co/6mPl2bX7bM",none
2648,1335343631134322688t,"@SenRickScott @SecAzar It scares me that you have NO what you promote. How about Pfizer testing on the reservation. One man’s heart crystalized. You need to research, these vaccines are NOT safe.",side-effect 
2649,1301282891104759808t,"Take this vaccine at your own risk if it releases! It isn’t cleared and is still in its experimental phase, Trump is only trying to rush it for election reasons.  Vaccines should not be rushed unless it is absolutely necessary, COVID is dangerous but it is controllable!",rushed 
2650,1329148969793056771t,@AP CEO of Pfizer may have insider traded while releasing results of vaccine. I no longer trust CEO & no longer trust their vaccine. All about profits. No thanks!!!,pharma 
2651,1374348796965060608t,@benrileysmith Demand that workers receive a #Covid19 vaccination to qualify for a job is in breach of #HelsinkiProtocol. There are now several cases of unusual blood clots & awful side effects from #AstraZeneca especially. No telling who might suffer these side effects without more research.,side-effect 
2652,1328541276413841408t,"@hildabast @DeptofDefense That’s exactly what I suspected of some scientists that are pumping and celebrating Pfizer vax news, they don’t care about the adverse effects that the vulnerable and elderly people will suffer with the vaccine, it’s not supposed that science is about safety first?",side-effect 
2653,1337415365974847491t,@Crone369 @DanRather I do wonder how most people questioned Pfizer most but yet everyone is going forward with it...especially with the infertility red flag still looming. I guess it’s no coincidence the articles about population decline (not associated w vaccine) has come out in random sites👀,side-effect 
2654,1334822360936026123t,"@greg_herriett @MattHancock @Jacob_Rees_Mogg It could be a condition for an anti-COVID vaccine supply, but @DHSCgovuk needs to explain a reason for the legal protection for Pfizer. This may be a protection from potential long-term side effects, since the vaccine performance was monitored only short-term.",side-effect 
2655,1338404389351018497t,THIS NEW KIND OF VACCINE IS NOT SAFE. Insufficiently tested. Covid-19: Scientists seek to reassure public on Pfizer’s vaccine safety after rare side effect https://t.co/oFsvCJ3D9n via @FRANCE24,side-effect 
2656,1429826556491444225t,"After 8 months? Developed in 2 days? What is wrong with the world to accept this fraud. ""Pfizer's COVID-19 vaccine received full approval from the FDA on Monday, the first COVID-19 vaccine to move out of its Emergency Use Authorization stage."" https://t.co/aTXYcIaFPo",rushed 
2657,1317712416310845442t,@FatEmperor Take a gander at the other vaccines too. The covid vaccines aren't much different. The Guardasil trials were crimes against humanity.,side-effect 
2658,1329151767876087811t,"@YorkieWR @BareReality Yup, and they are trying to silence the anti face diaper people also. Funny after the election in the US was over they went full throttle on the Covid-mongering. I mean a no holds barred apocalyptic PR campaign for face diapers, vaccine worship and barricade at home or else!! https://t.co/kGVi8Qrgct",political 
2659,1441070383080382475t,"@wow97107794 @liliolson14 @Smackenziekerr @veryvirology Lets talk about that. In the UK, 73 people died due to the Astra Zeneca vaccine. Here is the Yellow Card Report. Deaths are under Thrombo-embolic events with concurrent low platelets. 92,739,145 vaccine shots have been administered. https://t.co/2Ow4u9M4ZQ",side-effect 
2660,1310242509394784258t,"""Two Parties"" my ass. They've always been in collusion. No matter who ""wins"" this (s)election: ""VACCINE"" JUST WATCH. No one runs Trump? Merckel, AstroZeneca, Pfizer. Watch. https://t.co/rFC26RKVc6",political 
2661,1375229675937665030t,Whoever got the first vaccination already your moms a hoe. https://t.co/LctN4oFEvR,none 
2662,1341991475228401666t,"A NY HC worker suffered a severe allergic reaction after receiving Pfizer’s COVID-19 vaccine reported. According to Newsweek, the case had become the first of its kind among more than 30K people vaccinated in the city.",side-effect 
2663,1341491939514982402t,"@zerohedge I'm a ""hospital worker"", tho I'm not a ""front line"" worker with Covid patients. I don't know a single person who is willing to get that vaccine. Everyone I work with who has voiced any opinion at all has said they are unwilling to be a guinea pig for a rushed vaccine. 🤷‍♀️",rushed 
2664,1333580672393502723t,"@Lareina81848987 @RealMattCouch You have not seen anything yet until@you know all about the Covid 19 vaccine. Moderna, this vaccine in my opinion is the Mark of the Beast. It will alter your DNA/RNA. Like someone in the movie The Matrix. Part human part robot. It will program your entire body and can be program",conspiracy side-effect 
2665,1292361413277691904t,@DavidOG87361059 @LukeJohnsonRCP Fastest vaccine ever took 4 years...Covid is tricky and the trials they have done have limited time inmunity... I think we need to live with this virus and learn to treat it in hospital. I don’t want suspended life and economy while a miracle happens,unnecessary rushed 
2666,1262428752375451663t,CDC: Pfizer's mRNA vaccine will not work - Sign the Petition! https://t.co/KoIiElqUXP via @Change,political 
2667,1431022797296336897t,Japan Halts Use of 1.63 Million Moderna Vaccine Doses Over Contamination Fears https://t.co/e5FdZu3Jw8 via Western Journal https://t.co/22LQDnbVQ4,ingredients 
2668,1241560680953794561t,"@KrutikaKuppalli If U R paid $4k to test the Moderna vaccine skipping animal testing, or HCQ 200mg TID seven days and AZM 500mg day 1, and 250mg daily for 4 days which one do you take?",rushed 
2669,1334069117679247360t,"@JamesDelingpole so the “rushed” out Pfizer vaccine , funded by Gates has been cleared for use by MHRA, funded by Gates 🤔 https://t.co/O9C2vs1HCE",pharma rushed 
2670,1337099817571418114t,This information is from Pfizer regarding the Covid vaccine. They excluded those with any allergies from their trials. This is important for those with allergies to know. https://t.co/DcTebkqAkp,side-effect 
2671,1339543356247076864t,"NCDHHS said yesterday the Pfizer vaccine ""may"" only keep you immune from COVID for 2 months. WTF? Although they say more information is needed to know about long-term immunity, that certainly is not an advertisement to go get that particular vaccine.",unnecessary 
2672,1415480814486401025t,"COVID-19 Vaccine: Sudden Paralysis of Houston Women Related to Johnson & Johnson Vaccine, She Says https://t.co/Pn8iog1qNy",side-effect 
2673,1374678546799599617t,@DailyMailUK Oh ffs 🤦 I think when kids are vaccinated they will come after pets. Big Pharma need to keep pumping the numbers of sold vaccines 🤑🤡😂😂😂 https://t.co/1x5Kpas9cV,pharma 
2674,1420260358955036672t,"Absolute protection to shunning responsibility for adverse effects of its COVID-19 vaccine: Details of Pfizer’s contract with Albania raises eyebrows eh_den shared screenshots of the confidential agreement, which in turn revealed the damning details https://t.co/BcH0PPw7nc",side-effect 
2675,1259062762426286084t,"COVID-19: The Spearpoint for Rolling Out a “New Era” of High-Risk, Genetically Engineered Vaccines • Children's Health Defense  https://t.co/POxgq8A2YB",conspiracy ingredients side-effect 
2676,1301271410019631105t,"A vaccine just in time for the general election?No thank you.I will not play Russian Roulette just to make BLOTUS look like a savior. In a letter, Robert Redfield asked them to waive any requirements that might get… https://t.co/jQpX1LipCK",political 
2677,1393544795524579331t,"Mr Phillipot come on, let's get the slogans out and we get straight to the point: ""Former Pfizer executive demands EU end COVID-19 vaccine studies due to 'risk of potential infertility' and other health concerns"" '",side-effect 
2678,1336402612590088193t,"difference between a vaccine that has 95% efficacy and one that has 65% efficacy is that the first one works seven times as well as the second. No doubt because the British government has invested heavily in the Oxford one, that's what we'll all get (except probably rich people)",ineffective 
2679,1399246301066272771t,@Heute_at @kuku27 British model Stephanie Dubois is dead! The 39-year-old died a few days after her corona vaccination with the AstraZeneca vaccine. Reactions are not being reported which will destroy multi billion vaccine business. Model Stephanie Dubois death needs independent enquiry,side-effect 
2680,1290304230268342277t,"I’m not sure who needs to hear this, but I will NEVER take a vaccine for COVID. I don’t care where it’s made. This whole fiasco w/masks & destroying our economy over a virus w/ 99% survival rates, is ridiculous. I will do nothing to support it.",unnecessary 
2681,1305189506593755136t,"@antonioguterres I have read many times about this side effects. How can this be considered ""mild"" ? P1 reported percentage of side effects for Moderna, was 100% on the high dose arm. Does anyone care about this numbers? https://t.co/o7Es9PBcfY",side-effect 
2682,1355230580317827072t,"Why would anyone want to have mRNA injected into themselves? Please do your own research before having the vaccine. Actually, it’s isn’t a vaccine. Look it up, please. You can’t remove it from your body once you take it.",none
2683,1254694435318833152t,"@KamalaHarris @Tanis42 You need to ensure adequate antibody testing to know who doesn't need the vaccine, and ensure each individual's right to refuse without discrimination. #MyBodyMyChoice",mandatory 
2684,1303190612787650561t,"@themontanapost @Oteachjohn @GregForMontana These goons don’t wanna contain COVID they wanna spread it. More sick people = more high margin PPE, more VEKLURY (remdesivir) doses $3200, and ultimately the very expensive Oxford vaccine. Criminal neglect and the Executive Pardoners. Imagine the crimin’ Gianforte will pardon.",pharma 
2685,1257302910372806658t,@ASavageNation it's impossible to know what long term affects a covid vaccine may have on us. I don't want to think what happens if it becomes mandatory.,mandatory 
2686,1218024321010077696t,@Vaxyourfam @PlumRemson @ChildrensPhila @historyvaccines Like I’ve said before vaccine ethics is an oxymoron.,none
2687,1313139212607250433t,"@BorisJohnson Boris, PLEASE answer us all this, if previous covid measures ie, masks, social distancing, lockdowns etc could not prevent a ""second wave"", then why repeat them? & why should we trust a ""vaccine"" will work when govs previous measures have not & the flu ""vaccine"" has'nt either?",ineffective 
2688,1392227552853385222t,Teen Hospitalized With Blood Clots in Brain After First Dose of Pfizer Vaccine • Children's Health Defense https://t.co/o7JBMySovK,side-effect 
2689,1360461828871045123t,"This is disgusting main media does not talk about this & all governments around the world already passed a law that covid vaccine makers could not be held liable for any damages or death they caused. Wake up herds, wake up,,,",side-effect 
2690,1363867276978515978t,All vaccine stats will be mishandled fudged then buried same as those being vaccinated 😐,none 
2691,1344261405457977344t,"@krqe Covid is in the same family as the flu. Some people get flu shots yearly because, no it doesn't protect against new strains. If we let them force vaccines on everyone now, it won't stop with covid.",mandatory 
2692,1289791604694245378t,"The only thing i will take for covid is HCQ, Zinc and the Z-Pac. No other vaccine.",pharma 
2693,1253064910046744577t,"@DeAnna4Congress @WHO They say no COVID vaccine for about 18 months, but the flu shot will take care of it this fall. Right on. So I guess Bill Gates is wasting his money on the vaccine then. Someone should tell him.",pharma 
2694,1287800319406112768t,@realDonaldTrump @POTUS @Yankees 300 million doses of oxfords vaccine sounds selfish to me,none
2695,1297126511456276485t,"#COVID19 If this is the reaction, count me out of Moderna’s vaccine. https://t.co/5iJaeHK4gg via @statnews",side-effect 
2696,1330787843921219587t,"@amitsurg alas, we don't know yet that the oxford or mRNA vaccines will, either, reliably and without massive side effects. ""triumph of hope over experience"". 😕",side-effect 
2697,1298463062983286784t,@Meme04164588 @vintage831 @globalnews My Dr. Said he wouldn't ever get a vaccine when it's unproven. He even calls it a political plandemic,ineffective 
2698,1375611116982730752t,"@WriteDad @David_Beloved71 Your chances of staying alive with or without the ""vaccine"" are roughly equal. Want to fend off the ""#WuFlu? Lose weight, get in shape, get lots of sun. Make Vitamin D.",unnecessary 
2699,1333136877033979904t,I LOVE @realDonaldTrump. But strongly disagree re: COVID-19 vaccine. COVID-19 is a virus. The common cold is a Covid virus. Where's the vaccine for the common cold? *crickets* Covid-19 vaccine 'emergency' hullabaloo is a manufactured crisis! Who's behind Cov2 vaccine? Cui bono?,unnecessary 
2700,1325852698017665027t,@SaraCureton Pfizer is a dodgy outfit so any vaccine from them is not trustworthy.,none
2701,1244370571296509952t,"@ScottsHumor He more likes the money from selling a vaccine to everyone in the world. Than he can reduce the population via vaccine. Smart guy. Evil as fuck, too.",pharma conspiracy 
2702,1425615212166541322t,@POTUS @DrWoodcockFDA Do you really want people vaccinated? #novavax or is it lives for politics? Prove you are making HEALTH DECISIONS #CovidVaccine #CovidIsNotOver @CNN @BBCWorld @abcnews @WSJ @WhiteHouse https://t.co/m3IS6Eyt2F,political 
2703,1349565043633844225t,"Sagarmediainc India rolling out a vaccine when we don't even have the phase 2 trial results; forget about phase 3 trial results.'More covaxin Vaccine transparency need In coming months India will be holding state elections in West Bengal, Tamil Nadu, Puducherry, Assam, Kerala. https://t.co/F78UmcfBUv",political rushed 
2704,1334473516779974657t,@fascinatorfun The worst thing is HMG have absolved Pfizer of ANY responsibility if the vaccine ends up making people chronically ill. EU are refusing to give Pfizer such a blank cheque.,none
2705,1383446084668649473t,There is no longer any doubt about it. The Oxford/AZ 'vaccine' has killed dozens of healthy young women who were at near zero risk of death or serious disease from Covid. The other 'vaccines' are killing people too. The mass vaccination campaign should be STOPPED NOW. >>,side-effect 
2706,1361010810856886274t,Hmm.. So she helped fund the Moderna Vaccine but she’s not taking it. 🤔 Why Dolly Parton Isn't Getting the COVID Vaccine https://t.co/quHEX20C2H via @YouTube,pharma 
2707,1406914597391581194t,"Blindness has been reported as an adverse reaction to the Pfizer vaccine 46 times, and there have been 3,398 eye disorders reported as a result of the Pfizer jab. https://t.co/mtUHHXBnjs",side-effect 
2708,1335244595706400769t,@btsbitchwins From Ticketmaster. I feel Ticketmaster is holding people hostage with there money. I don’t like how they want to force u and prove you had vaccine. I don’t mind taking it but not right away becuz idk what effects will be. I don’t mind taking Covid test,mandatory 
2709,1293162714865467395t,"Folks!🤨 Putin has announced the first-ever vaccine for COVID. The same country who lost a $45 million Russian weather satellite last November due to human error! Just don't believe the hype, okay! 🤨🤨🤨",none
2710,1336957687108689920t,@TheMachiavell10 @CNN Would be 8/22000 (vaccine group) IF they had followed up with all 22k volunteers. Pfizer has announced they followed up w/ 9536 in the vax group for safety evaluation so who knows what side effects the other half developed.,rushed side-effect 
2711,1333408871772160000t,"@moderna_tx Did you know that moderna is trying to vaccinate the placebo group as soon as that are unblinded? Therefore eliminating any long-term safety data. If you’re severely injured by it, they can easily deny it was the vaccine.",side-effect 
2712,1392810066542202885t,@cm677427 @jmbenson1491 @Rburd1 @SykesCharlie They are all the same working for Masonic Rockefeller’s Illuminati. No one moves up the ladder without their approval. Which is why he’s not speaking out about vaccine deaths.,side-effect 
2713,1334603333936541700t,"So an ex senior Pfizer chap is saying Covac sterilises women. If my kids take it. If that happens. Can you think of anywhere in the universe, the people responsible could hide.... I’d just want to be very sure about this say 2030 sure.... Erm ☠️☠️☠️",side-effect 
2714,1355265665712709633t,@WayneRi11411749 Well not the pfizer vaccine for sure. It comes from belgium,none 
2715,1414464976849235969t,Premier Steven Marshall said the Therapeutic Goods Administration confirmed a case of thrombosis with thrombocytopenia syndrome (TTS) in a 72-year-old woman was likely linked to the AstraZeneca vaccine. https://t.co/w3e6TpX8Tv,side-effect 
2716,1377096831365079058t,"@TeeCain_ I told @LRubinson that I am not taking a vaccine. I am not kidding, either.",none 
2717,1373366862168391687t,"@Damian_cfe @Heliosdieu @mi6rogue No vaccine is tested long term. Nor new drugs. And tell me, what are the long term effects of fecking COVID?",side-effect 
2718,1333390171689996290t,@L4AH4N @10DowningStreet @BorisJohnson Feel free to have a new untested vaccine. Available data is not good enough.,rushed 
2719,1305849070456655872t,#MAGA2020 #Trump #Trump2020 #Republicans I really like Trump and hope he gets reelected. But in this case he is wrong! Not even the Chinese have an isolate of the Corona virus yet! So how do they plan to produce a vaccine? And pls inject the Dems first! https://t.co/o4OMvfkTZT,political country 
2720,1371886467849592834t,@ryancapperauld I had the Oxford vaccine and within two weeks I had to go hospital with blood clots on my lungs. I have never had this before. It must be linked.,side-effect 
2721,1305512272366796802t,"@pfizer boycott Pfizer for attempting to interfere in our election. Any news announced within two months of election is interference. If you have a viable vaccine, announce it after the election. Plenty of time to announce and distribute.",political 
2722,1379832880692670474t,"The European Medicines Agency safety committee confirmed that the Oxford-AstraZeneca COVID-19 vaccine can cause blood clots in some patients. Despite the rare blood clots, the agency insisted that the benefits outweigh the risks. https://t.co/ZYTAYjFMdp",side-effect 
2723,1370171714160713734t,"""A 39-year-old healthy single mother from Utah died four days after ... second dose of the Moderna COVID-19 vaccine..."" ""...family said that Kassidi Kurill “had more energy” than most people around her and was a happy person with no known health problems."" https://t.co/IfYwXgLb1x",side-effect 
2724,1254756119802773505t,"@jamesgraham521 @CL4Syr @YouTube also know when big pharma is involved in trying to create a vaccine they cut corners, so I don’t trust them either. I’m not anti-vaccine, all my kids are up to date. But now I know what questions to ask I will make sure from now on I get the right vaccine to suit my kids.",pharma 
2725,1255863031537565697t,Okay! I think VACCINES ARE HARMFUL > so now I'm a Russian Agent! Health information is monopolised by pharmaceutical medicine > our media is censoring health debate Why isn't it possible to debate openly whether pharmaceutical drugs/vaccines are harmful? https://t.co/KT4Iuu9hz1,none
2726,1384188736234160130t,"A clotting disorder that may be linked to the Johnson & Johnson Covid vaccine is very rare, but so severe — causing strokes in young people — that experts put the vaccine on hold. Here's what happened to some of the women who've had the condition. https://t.co/hwJBwa0ZwD",side-effect 
2727,1335073013998477313t,@nyeannebevan 👆@CMO_England @MattHancock @BorisJohnson @BBC @BBCr4today Will you publish the details around the terms of indemnity granted to vaccine manufacturers & trial data? Without transparency you won't persuade us. This allergy to transparency is counter productive. cc @RichardBurgon,pharma rushed 
2728,1338971294746902530t,"@cynthiamckinney Cynthia, anybody is brain-dead crazy to take these Gates/Fauci /Modera/Pfizer monstrosity rDNA nanobots!",side-effect 
2729,1365624456127934464t,@SimonLeggett5 @DaveofBrighton So you’re saying that the only way to “get our lives back” is to have a vaccine? For a virus that has no long term effects for +99% of the population? A vaccine that won’t stop you getting or transmitting the virus? 🤔,ineffective 
2730,988294142202601472t,@ComposerBarton @RealJamesWoods Vaccinations can be dangerous like the small pox vaccination.,side-effect 
2731,1358164133959581697t,"@CarmenShier @CBCNews ""Doctors said they think it's the metals in the vaccine that's causing her to have the neurological reaction"" 2:15 Jan 18, 2021 RT Woman's severe reaction to Pfizer COVID vaccine prompts investigation - YouTube https://t.co/HmERAKa5qy",side-effect 
2732,1365922895113895945t,@SophyRidgeSky they dont want to allow freedom before enslaving everyone with the 'vaccine passport',mandatory 
2733,1355947692149649409t,@BetckeTimo @adamjohnritchie @JennerInstitute You haven’t got a clue mate. Study the manufacturing processes then you might realise the problems also uk paid for the development of the vaccine then handed it over to AZ. So I don’t think the EU are in any position to take uk allowance . vaccines are in France they don’t work,none
2734,1432306086040596484t,2 men die in Japan after receiving Moderna COVID vaccine #moderna #modernanews #covid19 #coronavirus #coronavirusvaccine #takedapharma https://t.co/qEbHi2Vblz,side-effect 
2735,1339558273767383045t,@DrBenTapper1 @and_kell @dr What was the health status of the 6 people who died after receiving the corona virus vaccine? Can it be determined if vaccination was the primary cause of death? We need more widespread use of metabolomics to investigate differences in vulnerability to vaccines & illnesses.,rushed side-effect 
2736,1374447026432143366t,#masks do nothing physical - they are just psychological chains to keep the #sheeple enslave to #vaccine and tracking mandate all over the world #COVID19 bullshit is the #JimJones #koolaid of 2020s,mandatory conspiracy 
2737,1413016053613879323t,Young woman stricken with Tourette’s symptoms after 2nd dose of Moderna Vaccine… https://t.co/gz9J5cMUKS,side-effect 
2738,1350018876042567686t,"If you are <40, healthy & fit and have no conditions or situations that may put you at extra risk, you DO NOT need a vaccine for #covid19. 0% risk from infection. High asymptomatic %. If you've had covid, you have immunity. The 'vaccine' may not prevent transmission or infection.",unnecessary 
2739,1364167241055563778t,"A daughter of a doctor who died suddenly 3 days after getting the Moderna #covidvaccine made a tribute video & put it on TikTok. Because she mentioned the vaccine it was removed for ""going against community guidelines"". Think of all the crap allowed on TikTok. #censorship is real",side-effect 
2740,1325862310326439936t,Cuomo says that he will not take the Pfizer vaccine when its ready. Great news!,none
2741,1400044402916179969t,"Israel sees probable link between Pfizer $PFE $BNTX vaccine and myocarditis cases ""there is a probable link between receiving the second dose vaccine and the appearance of myocarditis among men aged 16 to 30"" https://t.co/s7giFstDBf",side-effect 
2742,1380430231903870980t,@JujuliaGrace @doctor_oxford @KailashChandOBE Imagine that! A doctor actually reporting on the adverse effects of the #Covid_19 #vaccines! I guess she is not earning the same fees as other #Doctors,side-effect 
2743,1354841702737960962t,@WSJ It is both a reasonable caution and a CYA insurance protection. Nobody really knows what the consequences might be.  I don’t believe anybody has carried full-term after receiving the vaccine.,none
2744,1337572148584570880t,"@DidlerBette Dr. Mikovits warned Months ago that HIV had been added to the CV vaccs. Now, after taking the Pfizer CV Vacc, volunteers are having,"" False Positive HIV"",test results..Uh huh...sure they are False +...She warned us!!",rushed side-effect 
2745,1364625306477342725t,@JosephOxley14 @Correction2016 @SkyNews Then they don’t have it! But has this vaccine been made from aborted baby cells? 🤔 but if they refuse it then they will be unable to return to normal things to do if they hopefully bring in the vaccine passports 👍🏼,mandatory 
2746,1377536647793942528t,@Iromg Lets face it 'Vaccine Passports' are just ID cards under the guise of 'Health' They are something Government in this Country have been wanting for decades and are just using Covid as an excuse.,mandatory 
2747,1377078579155046401t,"@MichealMartinTD You're right, people no longer look forward to getting the vaccine because it means nothing now. Can't travel... Can't move.... What's the point? No benefit",unnecessary 
2748,1288154797678501891t,"@VincentRK @deeporfunny As long as trump's there no one's gonna trust anything that comes out. More than half the country, including myself won't take a damn thing nor trust a word that comes out under this admin. I'm betting right now that's going to be the October surprise, a half baked vaccine! #GOTV  https://t.co/fybo0g9CaW",political 
2749,1354195872687468544t,"@Nick_Pye Don’t care... business as usual for me, no mask, no restrictions, see friends and family 😁 and stick ya vaccine where the sun don’t shine 👍👍",none
2750,1351660929428160512t,THERE IS #RISK #Norway warns of vaccine risks for sick people over 80 @salhaj @DrTedros The Norwegian Medicines Agency issued this warning after 23 deaths were reported “associated” with Pfizer's coronavirus vaccine. https://t.co/o8zPM7m34J via @portalmvd,side-effect 
2751,1326161709833347073t,"So the #Vaccine money pot, is this the same #Pfizer that was fined $2billion for fraudulent marketing? Said it before vaccination is good - when tried & tested. I'll take a shot 6 months after Boris & Matt Hancock!    https://t.co/agnae5hwIL",pharma rushed 
2752,1334537544709632002t,"She isn't getting the vaccine that has been approved, she's on a trial from a company called Novavax, they haven't produced a vaccine in the twenty years they have been in business.",rushed 
2753,1288576560883208200t,@d_illusion77 @Children2Light @realDonaldTrump And for Canada too its sad to see people turning on each other on a small town with no ZERO CASE no death and mandating mask to protect elders COME ON . NOW THEY WANT MANDATE VACCINE PLZ HELP . GOD BLESS AMERICA 🇨🇦🇨🇦🇺🇸🇺🇸,mandatory 
2754,1376924087201718272t,"@pouyeah @EchelonInsights No. I still think it’s too rushed. I appreciate your reading through my comments, but if you’re a true MD I would find it very hard to believe if you knew me that you could look me in the eye and say that it’s of vital concern to MY health to be forced to take this vaccine",rushed 
2755,1336297441528836098t,"@EmergMedDr According to Pfizer, the trials will be ongoing even 24months from now. https://t.co/3cx7ItKcmR An untested vaccine, with a never ever before tried vaccine technology. Being tested live on people. While the manufacturers have indemnity...",rushed 
2756,1337052728665706500t,@reigningchaos_ I'm 100% not an antivaxxer but I won't take this covid vaccine😂,none 
2757,1301828941846470656t,"@SkyNews Dr. Yan on CCP’s hasty push for COVID-19 Vaccine: The vaccine can have huge side effects and generate ADE, facilitating the CCP virus to infect human. https://t.co/xwOXSiyFvu",rushed side-effect 
2758,1340395869540147201t,"Laughable considering they have been pushing an experimental vaccine based on inaccurate PCR tests of the so called original Covid strain. Therefore, making current vaccines useless to the apparent new strain! Make sense? Welcome to the rubbish coming out of @10DowningStreet",rushed 
2759,1345414241113747461t,@Christine_Kane @sandyddouglas @NickJohnstone3 I'll wait for him to tell me why my sister caught Covid 16 days after her first Pfizer vaccine if efficacy is so 'high' then. Hint - it isn't and he's talking bollocks,ineffective 
2760,1334138768601870339t,I’m not taking any vaccine without that information and a reasonable amount of transparency about the vaccine’s efficacy and safety.  @pfizer just blew its public trust. Stupid move.,pharma ineffective 
2761,1292226292612575234t,"@mayemusk @BernieSanders Curevac has links with Gates foundation, GSK and Monsanto. I don't like them. If @elonmusk works with them he will become a puppet or he is already a puppet. I hope he is not one of them.",pharma 
2762,1428102270550364165t,"Data from several reliable sources show that Covid-vaccine injuries and deaths have been vastly under-reported. Journalist Alex Berenson wrote on August 6 that Moderna received 300,000 reports of adverse effects over a three-month period following the launch of its inoculation - https://t.co/s7MHMGa9tk",side-effect 
2763,1344243118267359232t,When a healthy volunteer has a serious reaction to a covid vaccine days after & they get told it's a coincidence and not enough evidence that it was the vaccine 🤔 this IS what happens. Deny deny deny #CovidVaccine #oxfordvaccine quickly turn on the volunteers once they get ill👍,side-effect 
2764,1436820371827691521t,"Boys More at Risk from Pfizer Jab Side-Effect Than Covid, Suggests Study https://t.co/JkNf973o73",side-effect 
2765,1395162069956120576t,@WhipClyburn In other countries people that have used Johnson and Johnson have had major outbreaks because these vaccines don't work well against variants.,ineffective 
2766,1341435996362207233t,"So no one finds it oddly weird that the Covid-19 vaccine is safe, effective, and “free”? Not only that but, they took very little to no time and effort with insignificant amount of trials before its release.",rushed ineffective 
2767,1432361715530878976t,New Zealand reports death of woman after Pfizer COVID vaccine – Fintech Zoom https://t.co/cQsZsljYMx,side-effect 
2768,1355514933358723076t,@ndtv Also we have seen that trial vaccine is not acceptable at all. Although it is having lots of side effects too,rushed side-effect 
2769,1253635442013954054t,"University of Oxford - Bill & Melinda Gates Foundation, Oxford is saying they have the Gates Vaccine now!!!! It just got real people!!!! They’ve created the Nanotechnology digital ink vaccine!!! 666 Gates Paton!!! If they force you to take it! Don’t! https://t.co/ii8BPSQmzc",conspiracy ingredients 
2770,1334043204115685378t,"@MattHancock How convenient,.it's like you had a crystal ball when you voted yesterday. I personally would have liked the truth and an apology. No thanks, I worked at Pfizer and the NHS, I have my opinion on this vaccine",none
2771,1371393541331677191t,Both vaccines seem to have issues yet it’s as though the internet has now hidden all critiques and personal evidence . Covid-19: Netherlands suspends use of AstraZeneca vaccine - BBC News https://t.co/OmJ79vuPsp,none
2772,1369670265563648011t,Hmmm RT @fox5ny: People in Japan who received Pfizer Inc.'s COVID-19 vaccine seem to have suffered anaphylaxis at a higher rate than in the United States and Europe​ https://t.co/4alFWYn9JB,side-effect 
2773,1262222580318121984t,"@TheRightMelissa Great news! Personally I’m not an anti-Vaxxer, but NO ONE should have the authority to force something into YOUR body. If YOU are an idlot going insane over covid and getting a vaccine makes you feel safe, get it, no ones stopping you, but don’t tell me what to do with MY body.",mandatory 
2774,1341936700625276928t,"@taringapark Like overseas,politicians will be first in line for Pfizer (also people like Murdoch).They’ll be protected whilst we need are out there with continuous outbreaks.There are no trials to show if we can have Astra Z & Pfizer later. My view is refuse and demand Pfizer vaccine for all",unnecessary 
2775,1407341885052669960t,"Sen. Johnson: Democrat media suppress information about more than 5,000 vaccine deaths - https://t.co/J1PlMAAplI",side-effect 
2776,1393246512235249665t,I think that Sputnik v vaccine has a big time chance to go wrong India to Make Russia’s Sputnik V Vaccine Available Amid Devastating COVID-19 Toll https://t.co/S4cBK3sIMm via @democracynow,country 
2777,1354676228444344320t,Pfizer calls on governments to avoid export restrictions disrupting Covid-19 vaccine supply https://t.co/TMHfTeGPS6 Of course Pfizer want no restrictions. All they're concerned about is THE MONEY. They're not in the business to make people healthy. Healthy people don't need drugs,pharma 
2778,1377250830475264000t,@DailyMailUK Severe Skin Rash reaction was reported with the Johnson & Johnson Vaccine in Virginia as well.,side-effect 
2779,1364025720859672577t,@iamErica_Mena what’s happening? Does it have to do with that mRNA protein- idk 🤷🏻‍♀️ but it’s doing something that’s causing a chemical reaction that kills. So I’m arguing with a veterinarian about the vaccine.,side-effect 
2780,1253700338516987907t,@CurlyJungleJake Has there ever been a vaccine for SARS or any Coronavirus? Why would the media and Dr. Fauci say 12-18months? You are on the right track with AB testing and plasma therapeutics...Go team Jake!,rushed 
2781,1325839086251356162t,"@Mike_Pence @realDonaldTrump @pfizer The only way a ""vaccine"" could have been formulated in this amount of time is if the virus was man made to begin with.",political 
2782,1306702232046370816t,@pfizer @Pfizer_UK @pfizer @PfizerEUPolicy @PfizerCongress @PfizerNL @PfizerCA It is so obvious that you are playing politics with the vaccine by your announcement today. A fully vetted vaccine is not possible in 6 weeks. SHAME!,political rushed 
2783,1272825782885384192t,One slight adaption and mutation in Coronavirus and the vaccine being developed in Oxford and manufactured by Astra Zeneca will be useless. That is the option our government has backed and it’s reckless and not a calculated risk. ⁦@10DowningStreet⁩ https://t.co/iZXmFPs8Zy,side-effect ineffective 
2784,1377157048312365056t,@monica_2978 Because if he had any kind of balls he would stop this whole bs vaccine rollout. This whole C19 thing is a farce! Not even the dummies are buying into it anymore.,pharma 
2785,1318105640066318336t,We don't need a vaccine we need to treat this Virus like many others out there that are a LOT MORE infectious to a LOT MORE people than Covid ever was and LIVE WITH IT This isn't living it's treading water til the economy is Destroyed totally     https://t.co/MI9fCXcjFr,unnecessary 
2786,1290659047411195904t,"If Covid Vaccine is so safe, then there must be no problem w mfgs taking responsibility just like every medicine, dr, hospital in USA. DO NOT GIVE THEM IMMUNITY from injury or death. We get jabbed w their product. Americans demand accountability & not from govt -from BIGPHARMA",pharma side-effect 
2787,1379454257552887810t,Italy: Two More Teachers DEAD After AstraZeneca COVID Shot.55-year-old Augusta Turiaco and 46-year-old Cinzia Pennino both died shortly after taking the AstraZeneca experimental COVID shot https://t.co/mG1gADZSoS,side-effect 
2788,1408760058662604803t,"After weeks of asking, the MHRA the UK regulator has announced there have been 12 UK cases of thrombocytopenia and thrombosis after the Pfizer vaccine. In due course they will need to explain how long they knew about these, and why they only announced them now. @MHRAgovuk https://t.co/YiAEmvwAGd",side-effect 
2789,1355331595238928385t,"@KelownaNow Many other options available, no need to be a vaccine.",unnecessary 
2790,1335253465287815169t,"Pfizer document says ""It is unknown whether COVID-19 mRNA Vaccine BNT162b2 has an impact on fertility."" 💉Just a reminder... Bill gates, the Rockefellers and people behind the great reset have been involved in sterilization vaccines before and openly have called for depopulation. https://t.co/kDhUm1lEfm",conspiracy side-effect 
2791,1339383604439359488t,"WARNING to the WORLD DO not get the Covid vaccine Are you aware this is the first vaccine using technology never before used in any vaccine? Moderna-from mod-ified R N A . This vaccine will genetically modify your body, not to even mention it is made with aborted baby cells",ingredients 
2792,1354386927605207042t,"@TinTopsuk @Engineer4Health @Anti_retro_tax @AndyBird21 Yes, but we don't lock the country down for flu do we. I'm led to believe the 'R' rate is a significant factor in us being in lockdown, if you can still transmit it post vaccination, how will that change?",ineffective 
2793,1377335887822946307t,"@kassiekitson Oh, it's worse than that. If you get the vaccine, you're more likely to be asymptomatic if you DO get the Rona. Therfore, the vaccinated are MORE dangerous.",side-effect 
2794,1342519357427970048t,"When will it be enough. I just watched a story where a Bill has been introduced to make you prove you have had a vaccine for the Covid, 1%death rate. Really",side-effect 
2795,1254440444345364482t,"@EdelweissKuche And the tetanus vaccine which Catholic doctors in Kenya exposed as containing HGC, causing infertility.",side-effect 
2796,1342840625037783047t,@barbieashdown @leslieh707 Oh my! One doesn’t have to be an expert at reading body language to know he’s covering something up. Depopulation is his game. No CV19 vax for me. No Moderna vax for anyone.,conspiracy 
2797,1334708952655785985t,$MRNA MODERNA HAS ZERO PREVIOUS RECORD OF VACCINE OR DRUG DEVELOPMENT YET COMES OUT WITH A UNTESTED TECHNOLOGY OF RNA CODING ? WSJ REPORTS HERE OF POOR TRACK RECORD https://t.co/XJ9hqhcFyT,rushed 
2798,1335303396455297027t,"@LoRochelle I will refuse it because it is rushed out, research in vaccine side effects takes years not months, plus Pfizer demanded immunity from legal action from ppl who suffer side effects, no way taking vaccine",rushed side-effect 
2799,1397842214110253060t,"While breathlessly claiming a PR effort that “could be linked” to Russia, major Western outlets are turning a blind eye to the very real report, authored by AstraZeneca, asking for better standards of data about vaccine safety. https://t.co/CLR67wiumk",none
2800,1361058319155126273t,"@AHS_media Using the same counting method as ""dead from covid"" - how many ""dead from vaccine"" are we now at?  Using the same computer modelling as ""dead from covid"" - how many ""dead from vaccine"" are we going to see by next week? next month? next year?",side-effect 
2801,1352912400513687557t,"@piersmorgan what about the second dose? this means nothing if the vaccine doesn’t achieve potency. We could vaccinate the whole country with one dose, allow the virus to become resistant to it and then what mess will we be in compared to rest of world that does two within 3/4 weeks?",ineffective 
2802,1262367918429540352t,Here's the thing: give me the still wildly unproven Moderna vaccine. i don't give a shit,ineffective 
2803,1351331809833975811t,"New post (Woman who suffered convulsions after taking Pfizer Covid jab being screened for permanent neurological damage, son tells RT) has been published on https://t.co/RaBjl5DDcP - https://t.co/FS1RhV9rAu https://t.co/xOOJAoUAJB",side-effect 
2804,1288016546330292224t,"The same FDA that made Cannibals a Class A (the most dangerous of all drugs) drug? Even though Tobacco and Alcohol kill billions World Wide each year. Weed no. The Deep State has it's hold on the FDA now. That ""vaccine"" will be worth billions to the Global Elite backing it",pharma 
2805,1377419289112702976t,"A reaction to Johnson & Johnson’s COVID-19 vaccine caused a severe rash that eventually led to a man’s skin peeling off. “It all just happened so fast. My skin peeled off. It’s still coming off on my hands now,” Richard Terrell, 74, of Virginia said. https://t.co/cQ6JpIvxYx",side-effect 
2806,1326198884511617025t,COVID VACCINE NOW AVAILABLE!!! ??? Really one week after the election?,political 
2807,1299556906801954816t,I’m glad the vaccine deal with China collapsed. Who the hell wants a vaccine developed by the Chinese?,country 
2808,1336192758537543681t,"@KarnikAmbar @adarpoonawalla @SerumInstIndia @narendramodi Yes no one is forcing. But India is tet to order Pfizer doses. Now everyone wants it and the government is saying ""Shut up and take this 60% effective vaccine""",mandatory 
2809,1352739211808485377t,Hasn't anyone guess that this vaccine-?could be? another way the Democrats are killing off ppl. After all-Obama wanted OLD PEOPLE--to die-not worth saving-of course unless its his mother-a lived in Nanny paid for by the American Tax Payers-to bad the American ppl can't get that,political 
2810,1431435419879559170t,"79y♀️ #Moderna #Covidvaccine #Vaccinedeaths #VAERS #meningioma ""she became unresponsive and took to ER and found benign meningioma ( not known before ) and uncle herniation ... She would be alive today if she hasn''t received vaccine. https://t.co/4BytQtLEye",side-effect 
2811,1412762371790082050t,"@florian_krammer @andrew_croxford @GauntLab @SmallRedOne And I wonder how many people will show up annually for a vaccine with this reactogenicity profile, assuming that’s similar to their COVID vaccine",none
2812,1443616112961331213t,"JOHNSON & JOHNSON EXPOSED NEWS: VIDEO REPORTS...by Hunter Bradford • https://t.co/N7bSb2WPju • September 29, 2021 8 Comments Employees advise against company's vaccine https://t.co/pG6oYR9jtF",pharma 
2813,1376634910774071304t,@PLMilliron @catturd2 @harrylitman It is unnecessary. If hypothetically you get the vaccine and I don't who is at risk? Me. Why have it? It is nothing but a safety net. You would rather live on your knees then die free. How pathetic.,unnecessary 
2814,1308779906520686596t,"This vaccine is being rushed. Given that Astra Zeneca had a Phase III trial where someone wound up with a spinal cord problem – look, I’ve worked in Pharma, and this is not good. This is far too rushed.",rushed side-effect 
2815,1292535871086964741t,"@Ryan66553012 @cocamidemea @Dreaminisfree1 @FalseHeads I am not an anti vaxxer at all, got my son vaccinated , but please look a bit deeper before taking a vaccine AstraZeneca will not take liability for even if they are producing it . This vax is different from all we had so far. https://t.co/wk5W2urkXC",pharma 
2816,1090704386450432001t,"@Kolesnikoff @dcexaminer So, you are going to turn those who actually have serious allergies to vaccine components into social lepers? Not all unvaccinated people are by choice. Since 'undocumented immigrants' are also often undocumented in terms of their vaccinations, I assume you're including them.",side-effect 
2817,1338905711724670982t,@X22Report More vaccine bullshit?,none 
2818,1303102943747551233t,"@realDonaldTrump nobody wants ur backdoor russian vaccine, but pls u take it first.........",country rushed 
2819,1375787108917383169t,"The French National Agency for the Safety of Medicines (ANSM) confirms #AstraZeneca #vaccine induced Prothrombotic Immune Thrombocytopenia (VIPIT): 9 cases out of 1.4 million vaccination, 7 patients under 55 years and 2 patients over 55 years👇 https://t.co/j5E36KOgmJ",side-effect 
2820,1300777504207179776t,"@Mike_Pence @WhiteHouse Wait for Phase 3 COVID-19 vaccine testing to be completed and results verified, by science before taking it! Your life depends on it! Past vaccine disasters show why rushing a coronavirus vaccine now would be 'colossally stupid' https://t.co/gjcWyMy9uI",rushed 
2821,1370168796002971651t,"Obviously this isn’t a case of #VaccineDeath 💭☠️💉 RIP ACP Ramesh Nagre JI 😢@CPMumbaiPolice @MumbaiPolice Basically, @richapintoi is saying is that ACP Nagre was doing absolutely fine till he got #vaccinated barely 3 days ago...now he is dead!! #goodmorning",side-effect 
2822,1326950950481915904t,"@frenthegeordie @tomhfh Pregnant women would be the last to have the vaccine because they are normally in the younger age group and by the time they have it, it's efficacy should be proven. Stop faffing: It is an enhanced 'flue jab, most probably with a pneumonia component, aimed at Covid-19 not DNA🐸",ineffective 
2823,1364546640774856705t,"I'm down to get the covid vaccine.. But I'm telling you RIGHT now, I will NOT get the Johnson & Johnson one. Not after they knowingly poisoned women for years with talc powder.",pharma 
2824,1354546001533693953t,"California health care worker dies days after receiving 2nd coronavirus vaccine shot, report says https://t.co/3pv2PSQ9D6 https://t.co/TOOA8fJpp2",side-effect 
2825,1185221516553867275t,There is a report of heavy metal in baby food. Says it interferes with the way the brain is wired. What about the metal in vaccines? They worry about food but not a vaccine? Why?Please  look it up and consider what about vaccines......?,pharma 
2826,1332672975561220098t,"Insanity: Doctors now warning that the coming COVID-1984 vaccine will ‘put you down’ the side effects are so bad, but insist you take it twice anyway https://t.co/XrGkCetx0F https://t.co/ORfEFBPw2y",side-effect 
2827,1353437300076797954t,"@BBCNews Vaccine is obsolete, no immunity nor any for the new strain",ineffective 
2828,1364507668103200779t,"Discuss. If you are <40, healthy & fit, with no conditions or situations that may put you at extra risk, you do not NEED a vaccine for #covid19. 0% risk from infection. High asymptomatic %. Once/If you've had covid, you have immunity. 'Vaccinate' x2 , very old /very fat /very ill",unnecessary 
2829,1251216812014002176t,Anyone else find it a lil odd that the largest benefactor of the World health organization and the person who produced almost every modern day vaccine was so prepared for and even PREDICTED this COVID-19 scenario?,unnecessary 
2830,1366395212218646530t,Johnson and Johnson be having baby products recalled and they think people will willingly take their covid vaccine?,pharma 
2831,1321786780480360449t,In 1917 Rudolf Steiner Foresaw A Vaccine That Would ‘Drive All Inclination Toward Spirituality Out of People's Souls’ https://t.co/GGGRglMzIR via @WorldTruthTV,none
2832,1366157520679563264t,"@rolandangeles To cut the long story short (nicely done), this gov't is giving us a run around so they can leave you with no choice but to accept the Sinovac vaccine. Kakapagod talaga yung paikot-ikutin ka tapos ituturo sayo maling daan pa.",none
2833,1354406756827410432t,"@porinju @palkisu So much propaganda evident in this video. Not denying India helping on humanitarian grounds , however both the vaccines have been released without phase 3 trials. How can they release a vaccine which is in clinical trial mode ! #AstraZeneca",rushed 
2834,1339294674507292674t,@renkate @DrPanMD covid vaccine causes positive HIV tests in Austrailia! :\ #wakeup,side-effect 
2835,1265895277338255360t,"@IngrahamAngle @realDonaldTrump Laura:The Reason Fauci is disparaging HCQ,is because Gates is funding the ClinicalTrials for HCQ.He's funding the trials for the Flunked med Remdesivir. He's funding the R&D,manufacturing of his killer vacc.I said months ago,they would,""debunk"",HCQ for Their meds.Both=$w/Moderna",pharma 
2836,1370032821054607362t,"Denmark pulls AstraZeneca's COVID vaccine after multiple cases of blood clots, and one death follows vaccination. https://t.co/aUrTWbEdxq https://t.co/cOx59pngB1",side-effect 
2837,1435253685706235911t,Third Man Dies After Receiving Contaminated Moderna COVID-19 Vaccine #SmartNews https://t.co/OlCFXW9Dy8,side-effect 
2838,1219318894919397377t,@profamirattaran So what about the list of possible side effects in the vaccine inserts? Parents should just ignore those? Have they not been found through scientific study by the manufacturers of the vaccine?,side-effect 
2839,1432224631700688897t,"New Zealand today reported country’s first death linked to the Pfizer Covid-19 vaccine. A woman died after getting vaxxed. Her death was due to myocarditis, which is known to be a rare side-effect of the Pfizer vaccine.",side-effect 
2840,1365011652719095816t,@TeenaGates I’ve learned not to believe a word of what is said about the vaccine rollout. Hearing too many negative stories sadly 🙁,side-effect 
2841,1398676551055597579t,"@CP24 @ColinDMello I will use bread, even milk and eggs for a few days past expiry. But vaccine? I wonder what the AstraZeneca Company says about expiry dates.",pharma 
2842,1291415887480791040t,"@Thomas1774Paine I’ll take a vaccine after they’ve done a proper placebo based full trial with people representing those with other diseases, not just the most healthy...   And they can prove without monkeying with the test and results that it actually has statistically better outcomes than COVID",rushed 
2843,1339808025482280963t,"Wesley Muhammad • December 16, 2020 Black people have every reason to be profoundly suspicious of Pfizer as Pfizer has a history of doing horrendous medical experiments on Black people for profit. https://t.co/71NVEgTVUv USA DNC GOP",pharma 
2844,1376502463017197570t,#Coronaviruspakistan warning not covid19 all the world my true report covid19 in fake testing kits pls rejected covid19 testing kits dangerous vaccination pls check this video and share Imran khan https://t.co/BbmJMgS6oY,side-effect 
2845,1365223057351008258t,@DOHgovph special treatment talaga Ang SinoVac ano? Never mind that it did NOT go thru the crucial process of having the results of clinical trials published. My gahd! This is a vaccine! It is about life and death. And you take China's word for it???? #NoToSinoVac !!! 😡😡😡,side-effect 
2846,1376135683400687618t,"3/ horse"" AstraZeneca, not so much for the reduced effectiveness of the vaccine, if compared to others (this is an incontrovertible fact, the numbers never lie), but how much and above all for the dishonest behavior of the company in the distribution of the vaccine: contracts are",pharma 
2847,1354910225267093511t,"@Parsifaler Even better, Pfizer also writes that the vaccine only treats symptoms in cases with symptoms. Means for me only a partial effect of the vaccine. They have hedged their bets very well.",side-effect 
2848,1403968853810417668t,"Case report of 7 children who developed myocarditis/myopericarditis after receiving Pfizer vaccine. They developed chest pain following 2nd dose. The question is what is the true number, as this is the tip of iceberg (not all cases get diagnosed). 2/2 https://t.co/JRFokkueS1",side-effect 
2849,1245360542824316938t,"@ImtiazMadmood Johnson & Johnson, which bribed doctors to prescribe psychotropic drugs for unauthorised use, claims it has developed a vaccine, too. Follow the money.",pharma 
2850,1409750773509021698t,@SenRonJohnson The greatest crime in history. This vaccines were not safe before they went out of the gate! We are giving them to millions knowing they are unsafe. The justification is that the virus is worse. Is that the new bar for vaccine safety?,pharma side-effect 
2851,1300910045694177284t,"@CharlieLanga @LukheleSporo Yet Zweli Mkhize & his Wits Scientists are busy pushing Novavax Vaccine which is clearly a controversy, there was no studied side effects in phase 1 of the vaccine 🙄🙄 the below side effects are known symptoms which even tablets causes, every scientist knows this as well 👇👇 https://t.co/6Eh5LEddvY",side-effect 
2852,1328795953336348681t,@GovBillLee @pfizer Can't wait to see your anti-vax voters react to you pushing this tracking chip injection on them. This is obviously because of the new world order trying to inject Tennessee with their poison to bring on the apocalypse governor!,conspiracy 
2853,1272844585878896641t,"@garethicke @o_rips And this is a good news ? usually it takes 10 years to develop a vaccine , The Oxford one is made from Chimpanze Antigene with a S protein added it is genetically modified and will be given to the human being with no test on long term counter effect",side-effect 
2854,1354856430705266692t,@Soton7684 @rtenews Petal the USA agrees with the EU Germany. Johnson rushed the vaccine approval for political reasons. https://t.co/szleGVOKJU,political rushed 
2855,1333480106350702592t,"Who will save those innocent people of India from over obsessed leader, a failed health minister and vaccine mafia @Interpol @UNHumanRights",pharma political 
2856,1376292409936637952t,"@WHO We should use IVERMECTINE to treat COVID early to prevent hospitalizations/deaths. 2 rapid antigen tests within 48 hours would be the best pre-flight verification of not being infected! Lockdowns, mask mandates, COVID passports should be cancelled immediately. No mass vaccination https://t.co/McJ8cyEb51",mandatory side-effect 
2857,1354567341489717254t,"Zimbabwean government officials got the Covid vaccine for themselves (first) & 4 have died, and some are critically ill. The media is reporting they died as a result of Covid and don't mention the vaccine. https://t.co/Z1zFk6dygm",side-effect 
2858,1375471842283061250t,"@njbirse @tonto_1964 @DrSuneilJain Its bizarre that people so quickly dismiss adverse reactions to vaccination, even when they occur right away. The same people would immediately accept the cause of a food allergy, for instance. How can you say that ""in the vast majority of cases"" they won't be due to the vaccine?",side-effect 
2859,1308482227718828033t,@realDonaldTrump Hummmm sounds like they're expecting issues with the vaccine.  #CovidVaccine #COVID19    https://t.co/3uDlaoEyVW,none 
2860,1319407226927403013t,So what is the real purpose of this vaccine? Start asking more questions everyone!,none
2861,1364636709959446532t,Just like my sister got covid after she got the vaccine.,none 
2862,1376918480436477956t,"@fraggle_rock74 @CheftrainerC @KellyHrudey Ya, and now health Canada is telling people NOT to take the AstraZeneca Covid vaccine because they are finding bad side effects. Including deadly blood clots. Gee, what a surprise. You dumb fucks. lol",side-effect 
2863,1337201166342615041t,I heard a medical professional say she prefer to get covid and recover rather than taking the vaccine and getting some weird side effect years from now.... would you take it?,side-effect 
2864,1412524041613742087t,"...We now see the same problems in a staggering number of people who have received the COVID-19 ""vaccine"" Spike protein also contains reproductive toxicity, and biodegradation data from Pfizer show that it accumulates in the female ovaries.""",side-effect 
2865,1380517054793490440t,"@RobbieGramer I'm interested in Russian vaccine data from third parties. It may very well be true, but as AZ affair shows even most transparent programs have issues with efficacy data.",ineffective 
2866,1433197410436669442t,"Lymphadenonopathy is very common after COVID shots & I have seen this on MRI reports as an incidental finding. Not likely dangerous, but seemingly much more common than with other vaccines. That 15 y.o. old who died 2 days after Pfizer? Sorry, not allowed to talk about that.",side-effect 
2867,1374411028633587712t,"@shineboxbtc @notdanilu Thats how most vaccines work. No matter if its malaria, flu or covid, x amount of people will have an adverse affect to vaccinated vaccine. If Millions are having it done at the same time, QUE media scare, followed by a moron saying what you just did",side-effect 
2868,1372002880224251904t,"@patriotcanuck65 My doctor said, “Absolutely do not get the vaccine. There is not enough research.” That is after I asked her how she would treat me if I came in with Covid. I told her I would not rule out Hydroxychlorquine, but I plan to suck it up.",ingredients 
2869,1316364747974029324t,who the FUCK made Johnson and Johnson responsible for the Covid vaccine ???? Did we forget that the baby powders they make gave people cancer ????,pharma 
2870,1320489388871241728t,@GOP @SecAzar I’m a nurse and I will NOT take a vaccine for COVID-19 that Donald Trump endorses. #DonTheCon #DonTheSuperSpreader,political 
2871,1352705508637958144t,"@TheCrushedBones If you do not accept the vaccine you may not drop dead mysteriously so what's most basic to life ? Norway to be lauded for protecting its most targeted population the ""terminally ill"" ....against the PFIZER VAXXX",side-effect 
2872,1341662113203433474t,"Thank goodness that NIH is on the ball, they are investigating the Pfizer vaccine after several people in the US have suffered anaphylactic shock. Some of us know that Pfizer like to manipulate data we haven't forgotten Zoloft!",side-effect 
2873,1333424538089103360t,@realDonaldTrump @US_FDA How did Moderna’s vaccine go from 95% effective to 100%? I question all the vaccine results after AstraZeneca found an error in their trial. When a trial happens this quickly I wonder if the other 2 studies were error free. 🤭,ineffective 
2874,1410358835114512384t,"These three countries are the countries where AstraZeneca conducted clinical trials last year. This is my personal opinion, but I suspect that the vaccine was too strong and the virus was over-mutated to counter it. Viruses also need to survive,",unnecessary 
2875,1408163404959961095t,Tom Gorman Johnson & Johnson Severe Adverse Reaction: Guillian Barre Syndrome https://t.co/kCWG5sXLjV #vaccineSideEffects,side-effect 
2876,1360234373337997312t,"@US_FDA @DrWoodcockFDA @CDCDirector @pfizer did the vax trigger this inflammatory response in this previously infected person? Should America be indiscriminately vaccinating those with recent COVID-19 infections, known or occult? It is highly likely that so doing harms some.",side-effect 
2877,1320821538057277440t,@UNICEF The first truth is THERE IS NO PANDEMIC. What we have is a CASEDEMIC and there is no truthful vaccine for that. Just stop spreading the lies. The truth is more accessible that you would like. We've seen and analysed the numbers. We've seen Sweden. #ThankGodForSweden,none
2878,1331586723810304000t,People watch video and read article in The Mirror Project on Pfizer rap sheet. The many many crimes they commit. This vaccine from them is dangerous. Don’t touch it,side-effect 
2879,1332712144987570178t,"No need for vaccines, Covid effectively over: Ex-Pfizer VP While Pfizer had made headlines on the release of their Covid-19 vaccine, its former VP and Chief Scientist has said that there is no need for any vaccines to bring the pandemic to an end. https://t.co/3OIAjbXtst",unnecessary 
2880,1337409459975561217t,@BallouxFrancois I just think they have problems with the AstraZeneca vaccine. It just can't compete with the others in terms of efficacy. I wouldn't want to take it as there's no guarantee of immunity. The confidence intervals are way too broad. I just wouldn't know.,ineffective 
2881,1374550564151902213t,"Good news, convinced my mom to cancel her appt to get the Pfizer vaccine tom. I think she is on board for #novax It's just not worth it",none 
2882,1325965174797455360t,@Mizhakwad14 @DrFeldberg @Candice0132 @jcsturgeon @Mike_Pence @WhiteHouse @pfizer @realDonaldTrump By the way. If you or someone you know gets injured from the vaccine. You have to sue the government for it. Bc they protect the vaccine companies and could take years to find out if they accept your case or not.,political 
2883,1374758646178013185t,Georgia Right to Life Articles on the COVID vaccine subject: https://t.co/ziVJxBnI3k Unethical Vaccines Exploit Innocent Human Life https://t.co/c6yLIWlYFd: Abortion Derived Cell Line Used in Johnson & Johnson Vaccine https://t.co/LScYZ4gTYx,side-effect 
2884,1341762535121412098t,Still no news from her ...🤔 and thay want us to believe she's fine . #vaccinesideeffects #COVID19 #CovidVaccine #sideeffects #Pfizervaccine #PfizerCovidVaccine #BioNTech,side-effect 
2885,1335599087635345410t,"#Macron: I Will Not Get Vaccinated by The Pfizer-BioNTech Vaccine - No Virus has been Treated with this Company's Technology A Statement about the Pfizer-BioNTech Vaccine was made by the President of France, Emmanuel Macron, During an interview. #Goldendawn #Nationalism #Greece https://t.co/OzvT7xQpbF",political 
2886,1343279635828776960t,"@Narc_Problems @5Bamo @LLinWood @CarolineCreator The covid virus is smaller than the pores in your mask. The box of 95 % masks even stated on it “does not protect against covid-19”. You are being lied to. Moderna vaccine? 21% Incident rate, Bell’s palsy, sterilization, immune system shutting down. Wake up.",side-effect 
2887,1341083289881231360t,"@BeholdIsrael Might be true but I go back to HCQ as an effective treatment against the Corona virus; & the NWO decided we need a vaccine rather than use a drug that has already been proven effective.   This tells me the fat cats, the NWO, will get even richer from people who are gullible!",unnecessary ineffective 
2888,1238186680986763270t,"2. Somebody is going to make money from all of this, why not let it be you? Find the Big Pharma companies that are front runners for creating the vaccine, which would = hugh $$$. Gilead Sciences, GlaxoSmithKline, Pfizer, Sanofi are among a handful of companies Trump asked to ..",pharma political 
2889,1434195109613129736t,"@BorisJohnson @sajidjavid Brexiteers...as many know, I'm strongly pro-vaccine. But, trying to force it or a passport on people living in a democracy is a big step too far. Hence the massive backlash we are seeing in France under Macron. 👇 https://t.co/9ne0SRG7jy",mandatory 
2890,1339851020122337280t,After multiple hospitalizations from the #CovidVaccine If you have food allergies & any reactions to vaccines Pfizer-BioNTech suggests you do not take their vaccine & facilities giving the vaccine must be equipped with “RESUSCITATION EQUIPMENT “ https://t.co/z9qPSEM4iV,side-effect 
2891,1319895093260611588t,The GREAT RESET is a ScamDemic on the Christian FAITH & the faith of all religion they're going to give you false hope in a Vaccination to allow you to go to church attend sporting events Concerts Casinos Flying Cruise SHIPS & getting back to some form of normal living ALL TRAPS,conspiracy 
2892,1324753944409706497t,@E7Drew @Pfizer_UK You haven't really thought this through have you? They'll be certain to keep those vaccines coming.,none 
2893,1441887557105725442t,"@MarinaPurkiss @Dermside The hell is not over yet for this is also the man who decided to give English care home residents AZ vaccine, known then to have 30% lower efficacy than Pfizer which had been in the country for a month before AZ arrived. AZ at that time had not been tested in anyone over 64.",rushed ineffective 
2894,1375138494641803267t,"@CuseWaterBoy It is what it is, at this point I'm sure I'll be the only person at my own wedding who isn't vaccinated",none
2895,1278563943120764928t,"@dcexaminer So did the Oxford vaccine. Well, until the monkeys contracted the flu anyway.",side-effect 
2896,1327826585836269569t,@TomFitton @pfizer Said moms of vax injured kids for last 2 decades and no one gives an f. #Educateb4uVax,side-effect 
2897,1171799731124744201t,"@NYGovCuomo My husband aNYCsheriffSGT, 911 first responder that barely escaped the tower fall, protects you todayeveryday. He can’t protect his sons from outrageous vaccine mandates you passed. Really?Serve as a beacon of freedom for the entire world?!?You have taken away freedom from NY.",mandatory 
2898,1344265542597636096t,"Pfizer Vaccine Causes Heart Failure ""Potassium Chloride"" https://t.co/ka76xfFQdE via @YouTube",side-effect 
2899,1289680139328995328t,Title: AstraZeneca exempt from coronavirus vaccine liability claims in most countries 💬: What we could do here is to put a large public pressure on our government to increase the number of people who have died from AV vaccines so it would not result in the vaccine being…,political 
2900,1368665397164208131t,@richardtricky67 @PoliticsForAlI @YouGov Everyone who takes the oxford vaccine ends up sick for a week and paralysis in the left arm for a  couple  of days,side-effect 
2901,1398476480569507840t,"and blood clots. This is all openly admitted by the FDA, which has published extremely disturbing reports of adverse reactions experienced by children in a Pfizer covid vaccine “fact sheet” labeled 144413. See the original FDA document here (PDF). In case the FDA removes -",side-effect 
2902,1377024251744559104t,"Some idiots want this? Not I Man's Skin Burns, Swells, Then Peels Off in Severe Reaction to Johnson & Johnson Covid Vaccine https://t.co/tKbgbouXoN via @gatewaypundit",side-effect 
2903,1265063003029831680t,"Robert F. Kennedy, Jr.: Moderna’s “Clinical Trial Results for Its Groundbreaking COVID Vaccine Could Not Be Much Worse” - Global Research https://t.co/I2arOIKsp0",rushed 
2904,1365269098024820743t,"@davidjthunder ""the world"" or better said, world's politicians, are begining to enforce vaccination... This is not ethical, this is not right, this is terrible! NO against the ""pasaporte vacunal"" !!!!",mandatory 
2905,1285222464394584065t,@Corky_Brexit @10DowningStreet @BioNTech_Group @pfizer @valnevaSE @AstraZeneca All those that are compliant will shed the fing thing through droplets and we will get dosed - same with seasonal flu 🤬🤬🤬 Then we will need hazmat protection.,unnecessary pharma 
2906,1298703745996529669t,@HighWireTalk @vaxxedStLouis We have filed petition in the court against NBC News for invasion of privacy and public defamation for SUCCESSFULLY treating my sons vaccine injury with alternative treatment! There is a lot of work still to do Please donate if you can! 💙 https://t.co/Wwg1OyLpOx,side-effect 
2907,1354579385672638466t,"@marty888nyc @PeriscopeCo Hi Marty, Glad to hear your voice n know your all well n healthy. Marty if you get the vaccine please stay away from Pfizer vaccine. An hospital technician had a reaction after second shot n died. And please stay with Twitter live so I can catch up with your posts like this.",side-effect 
2908,1331913673691033603t,@AndreSeNuus Do you understand the difference between those diseases and covid? Clearly not. I am not anti vaccine. I'm just anti covid hysteria.,ineffective 
2909,1255745136547545088t,@gatesfoundation @BillGates Will the vaccine will be helpful for the nation? Or it will be like the vaccine that you used in africa and harmed them?,conspiracy 
2910,1281381688447168512t,This is just to hide the inevitable side effects of the covid vaccine. Take note and don't be fooled. #QAnons #COVID #COVID19 #CoronavirusUSA  https://t.co/dvhOJF1uIQ,side-effect 
2911,1405407638200807424t,Australia restricts Oxford vaccine over clotting concerns https://t.co/51eEhvvgpb https://t.co/eyn2umXIrm,side-effect 
2912,1218717146848661504t,"@sallyKP Elon Musk talking about first principles (root cause) mixed w/ Veganism. How do our bodies naturally fight disease? Injecting a virus directly into our bloodstream is not how nature intended. Instead of making a vaccine, why aren’t we asking... where does the disease originate?",conspiracy ingredients 
2913,1336702520891232259t,6 people died from Pfizer vaccine. Why is BBC not talking about it? https://t.co/pkJbkOF0rN,side-effect 
2914,1375104245842722824t,@JonahB90 @AvfcDan1982 @Fredammundo @gavan1734 @HelenKiddle @BoerboelBritish Swine flu vaccine caused damage four years later. Have fun being a Guinea pig. That’s is your right just like my right to decide over my body.,side-effect 
2915,1347468392043786240t,@BBCNews when will you be reporting on people becoming seriously ill from the covid vaccine? Because it is happening.,side-effect 
2916,1365216215061336065t,"First of all, even if Sinovac is the only vaccine available in the country, you don't and shouldn't offer vaccines with low eficacy rate to the frontliners. Imagine getting little to subsidies mula sa gobyerno. Then all of a sudden, you'll be manipulated into getting a vaccine-",none
2917,1284173535238389765t,"Fauci bullish on prospects for U.S. vaccine, not worried about China winning race - Reuters https://t.co/WcL9HfWgs4 CDC owns 50% Moderna patent means Moderna will be awarded #VaccinesWork contract and CDC will profit",pharma 
2918,1386989157495590914t,"‘Fit and healthy’ engineer, 27, died three weeks after having first AstraZeneca anti-Covid jab https://t.co/2hJdTtHJbO",side-effect 
2919,1376615398540509192t,@wallaceme @FurlongMick It's not a vaccine. It doesn't guarantee immunisation. The pharma companies all have immunity in case of adverse effects or death due to the injection. Many insurance companies don't cover against vaccine injury These injections are highly risky and it's time to acknowledge that,side-effect 
2920,1350055277077422080t,Pfizer vaccine claims at least 13 lives in Norway 📰 » https://t.co/pGttWrEB6Z https://t.co/LaN4qBWlfI,side-effect 
2921,1260586320121995264t,"@CeliaFarber My current drumbeat Covid-19 is a SARS variant If over all these decades they haven't been able to develop a vaccine for any SARS variant, why would they suddenly be successful now? I'm skeptical. If they claim they have I suspect they'll be selling snake oil. Who's to know?",ineffective 
2922,1287147208446488576t,"@JoanesJanet Wouldn’t Pfizer want me to think they had a way to prevent the literal plague? Wouldn’t that be great for PR? Also, have you ever gotten smallpox? I’m willing to bet you haven’t! Do you know how I know?",unnecessary 
2923,1365665767346237440t,@JulieMHolcomb Why vaccine manufacturers have zero liability if their vaccines are safe?,side-effect 
2924,1333465797730201602t,SAY NO to @billgatesaz @moderna_tx !,none 
2925,1342814219134263296t,@gvips82 @rohini_sgh The waiver from legal action is because of emergency authorization. The govts are not performing end to end diligence before mass rollout. Pfizer gets a similar waiver in the UK. https://t.co/wyNX0ojats,none
2926,1331206337334808576t,"they testing their vaccine in Latin America, russian bullshit 🖕",country 
2927,1329868579886526467t,"@MattHancock @MHRAgovuk @pfizer @BioNTech_Group independent regulator? haha, another corrupt agency that's funded by big pharma. the bullshit that comes out of your mouth is staggering. MHRA have requested and AI firm to handle the massive influx of side effects. True Matthew?",pharma side-effect 
2928,1322301965041201153t,COVID Vaccine Trials: Rigged Benchmarks and Horrible Side Effects https://t.co/ZstPyWXo3K,side-effect 
2929,1302966017287688194t,"🤣😇😅🤣😇😅🤣😇😅🤣😇😅 N.J. Rideout @Lwme07 @KamalaHarris I'm with you! I wouldn't take @realDonaldTrump 's word for ANYTHING! Pathological, egomaniacal liar! Kamala Harris says she wouldn't take Trump's word about a COVID-19 vaccine https://t.co/X6SyOK1qF7 via @nypost https://t.co/kcRTzbPz5D",political 
2930,1363962002285228032t,@grantshapps @BorisJohnson no vaccine passports or vaccine requirements to travel or discrimination lawsuits will commence. #EnoughIsEnough,mandatory 
2931,1334277523593715712t,The US government passed legislation in 1989 so that Pfizer cannot be sued for deaths and long term health side effects from their vaccines.,side-effect 
2932,1297985508153294848t,"The unelected, non licensed, “health expert” who was sued for violating anti trust laws wishes to save us all with his magic needle. Will you take the vaccine?? Seems to be a monopoly on treatment options here as well. https://t.co/cdRSLcBflV",pharma 
2933,1343992006486458368t,"@Allycon3 @silenced_wont2 @HealthFreedomIE No I hadn't seen that, and I have only read the FDA approvals, the US has not been asked to vaccinate kids and the Pfizer Vaccine is , by their own admission, contraindicated in pregnancy.",none
2934,1377234577698226180t,"@BrookeOz3 Absolutely not. When the same people proposing this stop arguing we should let people flow freely into our country then we'll talk. Oh, they should also end the double speak of claiming the vaccine works while demanding we maintain lockdowns and mask mandates.",mandatory 
2935,1331188026626748422t,"The extortion has already begun by the airline companies, which by the way have received millions of dollars, euros and pounds in governmental aid following the losses from #Covid_19 ! If you have not received a #covid_19 #vaccine you will not be eligible not travel! #Goldendawn https://t.co/YlDkVmfl3A",pharma 
2936,1340382696149757952t,"@sjm43221 @HRWales1 @IFLScience Oh no, the vaccine money will def help Pfizer executives take VAST bonuses, which I’m sure is what we all want ;) But yeah, the vaccine might not work at all. It was always a long shot tbh.",pharma 
